"film_id","actor_id","actor_name","cast_order","character"
825808,1517550,"Skyler Davenport",0,"Sophie Scott"
825808,211540,"Jessica Parker Kennedy",1,"Kelly"
825808,43286,"Laura Vandervoort",2,"Debra"
825808,102374,"Pascal Langdale",3,"Ernie"
825808,1179445,"George Tchortov",4,"Otis"
825808,86237,"Joe Pingue",5,"Dave"
825808,1362996,"Emily Piggford",6,"Deputy Brooks"
825808,3311387,"Keaton Kaplan",7,"Cam"
825808,8335,"Kim Coates",8,"Rico"
825808,1877602,"Matthew Gouveia",9,"Cabbie"
631947,74607,"Autumn Reeser",0,"Carly Candlewood"
631947,96555,"Antonio Cupo",1,"Andrew Candlewood"
631947,11160,"Danny Trejo",2,"Jorge"
631947,3380022,"Nicolas Madrazo",3,"Danny Candlewood"
631947,2293348,"Angélica Lara",4,"Veronica"
631947,1311442,"Zamia Fandiño",5,"Maria"
631947,2426322,"Josh Zaharia",6,"Eduardo"
646385,1373659,"Melissa Barrera",0,"Sam Carpenter"
646385,974169,"Jenna Ortega",1,"Tara Carpenter"
646385,2174509,"Mason Gooding",2,"Chad Meeks-Martin"
646385,1508653,"Jasmin Savoy Brown",3,"Mindy Meeks-Martin"
646385,1030513,"Jack Quaid",4,"Richie Kirsch"
646385,1640439,"Mikey Madison",5,"Amber Freeman"
646385,14405,"Courteney Cox",6,"Gale Weathers"
646385,15234,"David Arquette",7,"Dewey Riley"
646385,9206,"Neve Campbell",8,"Sidney Prescott"
646385,112476,"Dylan Minnette",9,"Wes Hicks"
646385,22108,"Skeet Ulrich",10,"Billy Loomis"
646385,1159576,"Sonia Ammar",11,"Liv McKenzie"
646385,51957,"Roger L. Jackson",12,"'The Voice' (voice)"
646385,59219,"Kyle Gallner",13,"Vince Schneider"
646385,6407,"Marley Shelton",14,"Sheriff Judy Hicks"
926899,1137824,"Mia Goth",0,"Mabel (voice)"
926899,1247,"Matthew Goode",1,"Raymond (voice)"
926899,36663,"Claudie Blakley",2,"Penelope (voice)"
926899,3471137,"Eleanor De Swaef-Roels",3,"Isobel (voice)"
926899,47712,"Mark Heap",4,"Mr. Thomas (voice)"
926899,204533,"Stephanie Cole",5,"Great Aunt Eleanor (voice)"
926899,8436,"Miranda Richardson",6,"Aunt Clarice (voice)"
926899,2139352,"David Peacock",7,"Uncle Lucien (voice)"
926899,3388043,"Barnaby Pilling",8,"Van Schoonbeek (voice)"
926899,107170,"Jarvis Cocker",9,"Developer (voice)"
926899,67003,"Sven Wollter",10,"Odd Couple (voice)"
926899,55005,"Yvonne Lombard",11,"Odd Couple (voice)"
926899,2936867,"Bimini",12,"Police Officer #1 (voice)"
926899,1087563,"Ayesha Antoine",13,"Police Officer #2 (voice)"
926899,1770737,"Jason Barnett",14,"Visitors & Relatives (voice)"
919873,1215804,"Michael Weaver",0,"Ray Marsh"
919873,27031,"Tim Griffin",1,"Alan Meursault"
919873,139746,"Justin Huen",2,"Sean Tibbets"
919873,76618,"Rune Temte",3,"Jim"
919873,573981,"Sarah Alles",4,"Freida"
919873,2665386,"Laura Sophia Becker",5,"Elsie"
919873,2395085,"Ingrid Liavaag",6,"Marlene"
919873,1384976,"Thea Sofie Loch Næss",7,"Lucy"
919873,4154117,"Thomas Gallagher",8,"Anders"
919873,4154122,"Jim Johansen",9,"Taxi Driver"
912391,3301907,"Sarah Froelich",0,"Sarah Serling"
912391,1407401,"Jason Scarbrough",1,"David Serling"
912391,3281522,"Keekee Suki",2,"Benny Pelayo"
912391,3030448,"Ali Alkhafaji",3,"Giles Ali"
912391,1568721,"June Griffin Garcia",4,"Mary Recio"
912391,4284473,"Bert Lopez",5,"Police Supervisor"
860135,1618597,"Andrea Londo",0,"Sara"
860135,11023,"Shawn Ashmore",1,"Nick"
860135,70827,"Jane Badler",2,"Rose"
860135,1716,"Michael Berry Jr.",3,"Tom"
860135,1617987,"Elizabeth Cappuccino",4,"Julie"
860135,161891,"Dominic Hoffman",5,"Dr. Sims"
860135,1450407,"Lorenzo Antonucci",6,"Bobby"
860135,101808,"Marc Senter",7,"Marc"
860135,1646783,"Nathaniel Peterson",8,"Nathaniel"
860135,1676584,"Madeleine Coghlan",9,"Madeleine"
860135,62819,"Diane Ayala Goldner",10,"Veiled Woman"
860135,1510263,"Jackie Dallas",11,"Annette"
860135,1129413,"Samuel Davis",12,"Kevin"
846818,2155342,"Justine Langlois",0,"Dorothy"
846818,130712,"Lio",1,"Motherator"
846818,2468907,"Nana Benamer",2,"Petula"
846818,2468909,"Dustin Muchuvitz",3,"Xena Lodan"
846818,2468908,"Raya Martigny",4,"Bikeuse"
846818,2468968,"Sonia Deville",5,"Bikeuse"
846818,1934139,"Romy Alizée",6,"Romy the Vampire Slayer"
846818,2155340,"Carlotta Coco",7,"Spike"
846818,3193206,"Rose Walls",8,"Drusilla"
846818,2796573,"Camille Fievez",9,"Willow"
846818,3588596,"Imis Kill",10,"Chanteuse Clip"
846818,6084897,"Romane André",11,"Figurante"
844398,37089,"Cameron Monaghan",0,"Chris Decker"
844398,2453169,"Lilly Krug",1,"Skyler 'Sky' Webb"
844398,81685,"Frank Grillo",2,"Sebastian"
844398,1411561,"Sasha Luss",3,"Jamie Decker"
844398,6949,"John Malkovich",4,"Ronald"
844398,3296783,"Ridley Asha Bateman",5,"Willow Decker"
844398,1521895,"Ash Santos",6,"Lisa"
844398,173796,"Dat Phan",7,"Kirju"
844398,113006,"James C. Burns",8,"Detective Lane"
844398,237333,"J.M. Logan",9,"Radio Host (voice)"
844398,1443849,"Matt Falletta",10,"Radio Guest (voice)"
844398,3614457,"David Madison",11,"Briggs"
759426,19384,"Tony Todd",0,"Professor Smith"
759426,1736812,"David Gridley",1,"Ryan"
759426,111833,"Steffani Brass",2,"Erica Gallagher"
759426,1487985,"Vince Hill-Bedford",3,"Jake"
759426,8540,"Danny Nucci",4,"Mark Gallagher"
759426,10128,"William Lee Scott",5,"Detective Bill Stafford"
759426,2007761,"Tyler Clark",6,"Dani Brooks"
759426,38571,"John Beasley",7,"Dr. Jonathan Brooks"
759426,1015836,"Eric Etebari",8,"Detective Adams"
800198,81321,"Amy Carlson",0,"Wendy"
800198,59690,"David Alan Basche",1,"Donald"
800198,1969994,"Mallory Bechtel",2,"Jami"
800198,1790597,"Jack DiFalco",3,"Charlie"
800198,2376900,"Meeya Davis",4,"Nancy"
800198,2816193,"Susan Feinman",5,"Mother"
800198,1981811,"Chase Bolnick",6,"Son"
800198,1397406,"Mike Nguyen",7,"Sullumeg"
800198,1941246,"Tom Coughlin",8,"Neighbor"
881099,1307394,"Shane Nigam",0,"Vinu"
881099,584324,"Revathi",1,"Asha"
881099,591117,"Saiju Kurup",2,"George"
881099,2107596,"James Eliya",3,"Madhu"
881099,2182229,"Athira Patel",4,"Priya"
881099,1167613,"Valsala Menon",5,"Asha's Mother"
881099,2616604,"Abhiram Radhakrishnan",6,"Shyam"
881099,1665414,"Manju Pathrose",7,"Asha's Neighbour"
881099,1993291,"Gilu Joseph",8,"Beena"
881099,1873703,"Riyas Narmakala",9,"Principal"
881099,1382642,"Sabumon Abdusamad",10,"Vinu's Interviewer"
881099,1414005,"Sneha Sreekumar",11,"Vice Principal"
870671,1821947,"Angela Cole",0,"Sarah Simmons"
870671,3223049,"Heidi Azaro",1,"Dr. Keely"
870671,1015060,"Alan Tuskes",2,"Frank"
870671,3223050,"Joelle Westwood",3,"Maggie Talbot"
870671,3223051,"Keith Migra",4,"Dave"
870671,3223064,"Peyton Hillis",5,"Matt / Connor"
870671,2493098,"Billy Grimm",6,"Police Dispatcher"
870671,3123782,"Daniel Repas",7,"Chief Galligan"
870671,3223065,"Matt Tifft",8,"Bobby Simmons"
870671,3223066,"Joaquin Guerrero",9,"Todd"
801691,1454355,"Ed Morrone",0,"Joe"
801691,2909696,"Crash Buist",1,"Teddy"
801691,19384,"Tony Todd",2,"Harry"
801691,11782,"Adrienne Barbeau",3,"Georgia"
801691,41229,"Meg Foster",4,"Mary"
801691,18708,"Courtney Gains",5,"Bernard"
801691,31365,"John Kassir",6,"Rick"
801691,8179,"Edward Finlay",7,"Bobby"
801691,2091809,"Mike Ferguson",8,"Anton"
801691,1806280,"Danielle Gross",9,"Deanna"
801691,3414818,"Sam Mason",10,"Chuck"
801691,6905,"Bruce Dern",11,"Bill Unger"
801691,1954,"Billy Zane",12,"Joshua"
801691,113215,"Greg Beaton",13,"The Vessel"
801691,3403663,"Dalton Ibarra",14,"Charlie"
697799,17343,"Robert Knepper",0,"Sergeant Brewer"
697799,84215,"Jackson Rathbone",1,"Walsh"
697799,2295,"Mickey Rourke",2,"Major Johnson"
697799,1506301,"Aglaya Tarasova",3,"Venefica"
697799,3120382,"Anna Paliga",4,"Stria"
697799,3490249,"Lou Stassen",5,"Hexe"
697799,1423530,"Fredrik Wagner",6,"Rucker"
697799,2185766,"Lorenzo de Moor",7,"Gardner"
697799,1170997,"Josh Burdett",8,"Captain Rice"
697799,1817754,"Alex Mills",9,"Friar"
697799,3130681,"Polina Pushkareva",10,"Radio operator"
697799,2161637,"Ieva Segliņa",11,"Cryptologist"
697799,3487988,"Elliott Wooster",12,"Taft"
697799,1566712,"Tom J. Benedict",13,"Co-pilot"
928773,1697473,"Linda Louise Duan",0,"Sam"
928773,1912565,"Penelope Read",1,"Dr. Carpenter"
928773,1782078,"Arron Blake",2,"Joe"
928773,3602224,"Amy Secker",3,"Gwen"
928773,3602230,"Richard Conrad",4,"The Patient"
928773,3389437,"Nadia Nadif",5,"The Old Hag"
928773,3575442,"Carly Jolley",6,"Clara"
928773,3602227,"Ben Maytham",7,"Peter"
928773,3602229,"Roman Wood",8,"Dr. Wright"
928773,3602232,"Paige Jolley",9,"Test Subject One"
734081,2745506,"Miona Ilov",0,"Milica"
734081,1078979,"Danica Ćurčić",1,"Vukica"
734081,125488,"Flavio Parenti",2,"Mauricio"
734081,70876,"Slavko Štimac",3,"Milutin"
734081,228763,"Nikola Rakočević",4,"Pop Dositej"
734081,1371757,"Slaviša Čurović",5,"Blagoje"
734081,1284362,"Nikola 'Kole' Angelovski",6,"Monah Živan"
734081,2745505,"Slađana Bukejlović",7,"Učiteljica Dobrinka"
734081,2745509,"Lazar Maksimović",8,"Radovan"
734081,2745510,"Bojana Petković",9,"Ružica"
734081,51891,"Ilija Ivezić",10,"Miloš"
734081,1117274,"Ivan Zerbinati",11,"Luka"
734081,2745515,"Natalija Mitić",12,"Natalija"
734081,2745519,"Milica Miladinović",13,"Smiljana"
734081,1218800,"Darren Pettie",14,"Jim"
842052,96429,"Diego Peretti",0,"Julián Lemar"
842052,105736,"Julieta Cardinali",1,"Valeria"
842052,968350,"Carla Quevedo",2,"Ana"
842052,929045,"Diego Cremonesi",3,""
842052,1482609,"Carola Reyna",4,"Mercedes"
842052,2869319,"Florencia González",5,""
842052,1125356,"Gerardo Chendo",6,""
947612,1637545,"Jordan Ver Hoeve",0,"Brian"
947612,2290835,"Andrew Matthew Welch",1,"Jeremy"
947612,2139,"Makenzie Vega",2,"Lexi"
947612,1662699,"Hannah Rose May",3,"Janelle"
947612,1011103,"Will Peltz",4,"Jacob"
947612,92729,"Spencer List",5,"Tommy"
947612,141526,"Sierra McCormick",6,"Chloe"
947612,1371037,"Colin Bates",7,"Caleb Moore"
947612,47058,"Lisa Thornhill",8,"Nana Marie"
947612,83285,"Leah Pipes",9,"Dr. Walker"
947612,1945798,"Kayla Harrity",10,"Giana"
947612,2377085,"Nicholas David King",11,"Kenny"
947612,2377084,"Owsley Robinson",12,"Timothy"
947612,1198994,"Anthony Del Negro",13,"Ethan"
947612,928677,"Ryan Phillips",14,"Gimp"
929562,211,"Debbon Ayer",0,"Helen"
929562,1774335,"Cristina Spruell",1,"Emily"
929562,90198,"Lyman Ward",2,"Stan"
929562,2796010,"Mathew Odette",3,"Andrew"
929562,179940,"Sharon Sharth",4,"Pamela"
929562,1070739,"Don Baldaramos",5,"Howard"
929562,85421,"Time Winters",6,"Gary"
929562,1371894,"Kaitlyn Dias",7,"Natalie"
928015,11086,"Michael Ironside",0,"Dr. Jack Seward"
928015,5289456,"Jake Herbert",1,"Count Dracula"
928015,3386521,"Christine Prouty",2,"Amelia Van Helsing"
928015,4447016,"India Lillie Davies",3,"Mina Murray"
928015,3386524,"Ryan Woodcock",4,"Jonathan Harker"
928015,5289457,"Ana Ilic",5,"Lucy Westenra"
928015,1674090,"Stuart Packer",6,"Captain Renfield"
928015,1107444,"Justin A. Martell",7,"Police Officer"
803114,5588,"Alicia Silverstone",0,"Jaelyn"
803114,119807,"James Tupper",1,"Kyle"
803114,77013,"Deirdre O'Connell",2,"Anne"
803114,1787407,"Danny Chung",3,"Fisherman"
803114,155134,"Jennifer Mudge",4,"Lizzie"
803114,3385949,"Kha Mai",5,"Tour Guide"
803114,2933226,"Kameron Hood",6,"Tourist (uncredited)"
661791,2846747,"Almudena Amor",0,"Susana"
661791,1910478,"Vera Valdez",1,"Pilar"
661791,1914003,"Karina Kolokolchykova",2,"Eva"
661791,3461067,"Marina Gutiérrez",3,"Adela"
661791,2551320,"Berta Sánchez",4,"Child Susana"
661791,3461066,"Alba Bonnin",5,"Child Eva"
661791,3461069,"Gabriela Calonfirescu",6,"Julita"
661791,1278315,"Ileana Wilson",7,"Doctor Romero"
661791,1915026,"Chacha Huang",8,"Burger Joint Waitress"
661791,2990280,"Lle Godoy",9,"Agency Person #1"
661791,3490731,"Pia Hessel",10,"Agency Person #2"
661791,2590144,"Marta Crespo",11,"Nurse (voice)"
661791,2203927,"Esther Vaquero",12,"Anchorwoman (voice)"
661791,1316807,"José Gigar",13,"Crashed Car Driver"
661791,3040614,"Pierre-François Garel",14,"Eric"
891931,2667809,"Sian Altman",0,"Celine"
891931,1565408,"Sarah Alexandra Marks",1,"April"
891931,2875703,"Louis James",2,"Rich"
891931,1430710,"Judy Tcherniak",3,"Edda"
891931,1850659,"George Nettleton",4,"Nick"
891931,2438349,"Richard Harfst",5,"Peter"
854867,1891256,"Peter Lofsgard",0,"Thorfinn"
854867,123428,"Greg Draven",1,"Thomas Fairhurst"
854867,1857869,"Derek Nelson",2,"Osmund Blakewood / Wolf"
854867,1874433,"Tim Cartwright",3,"Hamelin Wiltshire"
854867,3175056,"Jay O'Connell",4,"Hal Skullsplitter"
854867,2215526,"James Swanton",5,"Councillor"
854867,2821700,"Ricardo Freitas",6,"Griff"
854867,1617332,"Jake Watkins",7,"Percy"
854867,2308650,"Emma Spurgin Hussey",8,"Maggie"
854867,2731008,"Reece Connolly",9,"Wolfstan"
854867,2598151,"Megan Tremethick",10,"Inga"
854867,3175058,"Richard Rowden",11,"Grimbold"
854867,3175059,"Richard Carter",12,"Baron Magnus"
925705,21318,"Scout Taylor-Compton",0,"Grace"
925705,82819,"Nolan Gerard Funk",1,"Jack"
925705,13549,"Deborah Kara Unger",2,"The Master"
925705,20495,"Jeff Fahey",3,"Wayne"
925705,52369,"Kevin Ragsdale",4,"Wade"
925705,1333162,"King Orba",5,"Frank Caldwell"
925705,2331119,"Erika Stasiuleviciute",6,"The Master (Flashbacks)"
925705,3417246,"Juniper Ghazi",7,"Young Grace"
925705,2613780,"Rocco Bovo",8,"Uktena's Disciple"
925705,3815997,"R.J. Johnson",9,"Uktena's Disciple"
888257,3283455,"Thomas Hobson",0,"James 'Doc' McCune"
888257,1175675,"Tara Perry",1,"Annie"
888257,56853,"Phil Morris",2,"Matthew McCune"
888257,32799,"Angela Bettis",3,"Lucille"
888257,15234,"David Arquette",4,"Douglas"
888257,1462,"Tim Blake Nelson",5,"Torb"
888257,1205151,"Joseph Ruud",6,"William"
888257,60195,"David Aaron Baker",7,"Jesse"
888257,1717236,"Neva Howell",8,"Miss Roberts"
888257,225642,"Brandon Gibson",9,"Mick"
888257,1195718,"Scott Dean",10,"Micah"
888257,71528,"Graham Gordy",11,"Samuel"
888257,1748375,"Ed Lowry",12,"Dovvy"
888257,2271512,"Skylar Olivia Flanagan",13,"Emma"
888257,2823216,"Aaron Preusch",14,"Joe"
858824,2536479,"Emily Bennett",0,"Charlie"
858824,1333708,"Emma Myles",1,"Simone"
858824,224136,"Dora Madison",2,"Thea"
858824,27995,"Barbara Crampton",3,"Mom"
858824,3189374,"Meghan Lane",4,"911 Operator"
852696,87118,"Michael Beach",0,"Jonah"
852696,79079,"Jamie McShane",1,"Guy"
852696,342,"Eugene Byrd",2,"Davis"
852696,171522,"Anthony Ruivivar",3,"Roman"
852696,1103522,"Summer Bellessa",4,"Naomi"
852696,1491456,"Kasia Pilewicz",5,"Harper"
852696,2675051,"Asenneth del Toro",6,"Suzu"
852696,1219610,"Myra Turley",7,"Hannah"
852696,1517537,"Bechir Sylvain",8,"Possessed Man"
852696,159405,"Chris Devlin",9,"Priest"
852696,1974513,"Shein Mompremier",10,"Possessed Man's Wife"
852696,5133763,"Paul Green",11,"Damon"
852696,173428,"Bridget Hoffman",12,"Ast / Molly"
852696,1340665,"Stephen Apostolina",13,"Helicopter Pilot"
852696,5133765,"Colette Radstone",14,"Temple Lady"
938596,2815598,"Thom Hallum",0,"Spencer Timms"
938596,968889,"Billy Blair",1,"Nolan Holt"
938596,3426551,"Lindsey Marie Wilson",2,"Dottie Timms"
938596,1622024,"Derrick Redford",3,"Sherrif Wilson"
938596,1530656,"Colleen Elizabeth Miller",4,"Reema"
938596,3426552,"Colin Heintz",5,"Grant Timms"
938596,2815605,"Tiffany McDonald",6,"Coroner Hamlin"
938596,3426553,"Richard Ray",7,"Mayor Groves"
938596,3426554,"Michael Dooley",8,"Jacob Harper"
938596,1815402,"Michelle Holland",9,"Laura"
938596,3426557,"Joe Bunner",10,"Gary"
938596,3426559,"Mallory Hargrove",11,"Bikini swimmer"
931734,21128,"Raven Goodwin",0,"Monica Harris"
931734,213109,"Amber Riley",1,"Simone Hicks"
931734,1562378,"K. Michelle",2,"Bebe"
931734,536346,"Janet Hubert",3,"Denise Harris"
931734,1996085,"Devale Ellis",4,"Eric"
931734,1395039,"Kron Moore",5,"Clarke Michelle"
931734,1986492,"Erin Ownbey",6,"Elodie"
931734,3037464,"Gail Everett-Smith",7,"Mrs. Fletcher"
931734,1343245,"Kevin Savage",8,"Andre"
931734,4993304,"Pierre V. Johnson",9,"Boyfriend"
931734,108694,"Jeremy Gimenez",10,"Jeff"
931734,4685375,"Kevin Brown",11,"Repast Guest"
931734,3264834,"Mark Anthony Brooks",12,"Bartender"
931734,3143736,"Anny Jules",13,"Robyn Gibbs"
931734,2232595,"Patrick Lamont Jr.",14,"Waiter"
842891,1450386,"Montse Hernandez",0,"Jane Shipley"
842891,189794,"Cheyenne Haynes",1,"Merritt Sinclair"
842891,931792,"Anthony Keyvan",2,"Ellis Azad"
842891,576173,"Harley Quinn Smith",3,"Nadia Parker"
842891,1783261,"Austin Zajur",4,"Eric French"
842891,122029,"Christian Camargo",5,"Mr. Aunspach"
842891,1868705,"Ty Trumbo",6,"Brody"
842891,74135,"Suehyla El-Attar Young",7,"Ms. Rakowski"
842891,1354956,"Maurice Hall",8,"Principal Lawson"
926980,1686299,"Max Schimmelpfennig",0,"Finn Bergmann"
926980,1291450,"Lea van Acken",1,"Lena"
926980,1825263,"Tijan Marei",2,"Samira Steinke"
926980,150806,"Milena Tscharntke",3,"Sophie Bergmann"
926980,1385586,"Lise Risom Olsen",4,"Yvonne Bergmann"
926980,36437,"Roman Knižka",5,"Roman Bergmann"
926980,22185,"Nadeshda Brennicke",6,"Dr Steinke"
926980,100095,"Horst Janson",7,"Grandpa Bergmann"
926980,1820951,"Caroline Hartig",8,"Anna Bergmann"
926980,1001848,"Jeanette Spassova",9,"Eliska Novak"
926980,1895920,"Oleg Tikhomirov",10,"Jiri Novak"
926980,3382388,"Maurice Lattke",11,"Leander Gerber"
926980,2840774,"Rojan Juan Barani",12,"Ramin Rajan"
879957,1361549,"Luke McKenzie",0,"Rhys"
879957,2651752,"Shantae Barnes-Cowan",1,"Maxi"
879957,1326440,"Bianca Bradey",2,"Brooke"
879957,131929,"Tasia Zalar",3,"Grace"
879957,1262388,"Jay Gallagher",4,"Barry"
879957,1614442,"Nicholas Boshier",5,"The Surgeon"
879957,1707878,"Lauren Grimson",6,"Bethany"
879957,1789990,"Jim Robison",7,"Sargent Merritt"
879957,1531206,"Jake Ryan",8,"The Colonel"
879957,61784,"Goran D. Kleut",9,"The Doctor"
879957,2159487,"Tristan McKinnon",10,"Biker"
879957,150030,"David Collins",11,"Keith Headboom"
879957,2159487,"Tristan McKinnon",12,"Spider"
879957,1272874,"Alex Jewson",13,"Cyborg Zombie"
879957,1485594,"Dean Kyrwood",14,"Corporal Thompson"
796353,121868,"Booboo Stewart",0,"Max"
796353,2587802,"Scarlett Sperduto",1,"Avery"
796353,3238078,"Grant Morningstar",2,"Phillip"
796353,2140091,"Bryson JonSteele",3,"Rudy"
796353,1681700,"Devin Keaton",4,"Jake"
796353,24968,"Nils Allen Stewart",5,"Rotcreep"
796353,3099860,"Connor McKinley Griffin",6,"Dave"
863924,1429681,"Ilya Korobko",0,""
863924,1150896,"Darya Melnikova",1,""
863924,2810224,"Timofey Dashuk",2,""
863924,2873409,"Aleksandr Kudrenko",3,""
863924,2287176,"Varvara Verkhovykh",4,""
863924,3206667,"Vitaliy Krylov",5,""
863924,3206668,"Anna Schetinina",6,""
863924,73927,"Roman Gribkov",7,""
863924,19960,"Deanna Dezmari",8,""
863924,1540114,"Darya Rumyantseva",9,""
863924,3053097,"Tatyana Tikhmenyova",10,""
863924,2368668,"Tasha Tsvetkova",11,""
863924,2216143,"Sergey Korenkov",12,""
863924,3206670,"Alexandr Panyushkin",13,""
728796,1447280,"Carolina Bartczak",0,"Val"
728796,46004,"Yumiko Shaku",1,"Naomi"
728796,933123,"Mark Gibson",2,"Branden"
728796,2320,"Julian Richings",3,"Julian"
728796,58169,"Vlasta Vrana",4,"Peter"
728796,1091868,"Dawn Ford",5,"Christine"
728796,3044402,"Val Mervis",6,"Dianne"
728796,58170,"Kathleen Fee",7,"Betty"
728796,3044403,"Christopher James Giannini",8,"Piano Man"
728796,2574489,"Bailey Thain",9,"Kelly"
728796,1978705,"Kim Richardson",10,"Dolores"
728796,3044404,"Marc Natoli",11,"Jose the waiter"
728796,2325260,"Mohamed El Husseini",12,"Man from Couple"
728796,1883395,"Genti Bejko",13,"Jonah"
854006,3171312,"Kōki",0,"Kanon / Shion"
854006,1668193,"Riku Hagiwara",1,"Ren"
854006,2389740,"Fumiya Takahashi",2,"Shota"
854006,1696207,"Haruka Imou",3,"Ayako"
854006,2524580,"Rinka Otani",4,"Akina"
854006,3060622,"Riko",5,"Mitsuki"
854006,1502395,"Satoru Matsuo",6,"Yamazaki Takeshi"
854006,1433818,"Keiko Horiuchi",7,"Kanon's Mother"
854006,571501,"Naoki Tanaka",8,"Kanon's Father"
854006,2544,"Akaji Maro",9,"Kanon's Grandfather"
854006,1504631,"Satoru Date",10,""
854006,6312723,"Mio Suzuki",11,""
775400,7055,"Sienna Guillory",0,"Holly"
775400,2600509,"Jessica Alexander",1,"Betsey"
775400,1723618,"Ruby Stokes",2,"Isabelle"
775400,30083,"Lindsay Duncan",3,"June"
775400,1437586,"Kaine Zajaz",4,"Dominic"
775400,1937598,"Richard Keep",5,"Jason"
775400,3257056,"Rina Mahoney",6,"Sarah"
775400,1402304,"Deka Walmsley",7,"Doctor"
775400,1794529,"Walter van Dyk",8,"Dentist"
775400,2710324,"Andrew Steele",9,"Clinic Manager"
775400,2699000,"Jonathan Nyati",10,"Careers Advisor"
775400,4453283,"Zak Douglas",11,"Will"
775400,2206518,"Kim Chapman",12,"Distressed Patient"
775400,1512452,"Finn Bennett",13,"Sean"
632727,2035239,"Sarah Yarkin",0,"Melody"
632727,122851,"Elsie Fisher",1,"Lila"
632727,172254,"Mark Burnham",2,"Leatherface"
632727,512316,"Jacob Latimore",3,"Dante"
632727,1288730,"Moe Dunford",4,"Richter"
632727,933272,"Olwen Fouéré",5,"Sally Hardesty"
632727,2101949,"Jessica Allain",6,"Catherine"
632727,1626572,"Nell Hudson",7,"Ruth"
632727,2506,"Alice Krige",8,"Mrs. Mc."
632727,10207,"William Hope",9,"Sheriff"
632727,1028292,"Jolyon Coy",10,"Deputy"
632727,17072,"Sam Douglas",11,"Herb The Proprietor"
632727,14101,"John Larroquette",12,"Narrator (voice)"
632727,432629,"Shintaro Shimosawa",13,"Party Guy (uncredited)"
944323,3446475,"Laura Dooling",0,"Laura"
944323,1528540,"Frank Wihbey",1,"Detective Miller"
944323,3446476,"Brian Manley Davis",2,"Christian"
944323,37470,"Adrienne King",3,"Detective Richards"
944323,1713385,"Michael Schantz",4,"Derrick"
944323,4986606,"Amy Holomakoff",5,"Voice of Dispatch Operator / Pinball Girl / Customer"
944323,4986588,"Larry Dwyer",6,"Pizza Parlor Patron (uncredited)"
942951,3779507,"Liu Wei",0,"Liu Xiaojing"
942951,3387260,"Cen Ming",1,"Yao Jinhu"
942951,4562095,"Liu Xuefan",2,"Yin Tao"
942951,4645205,"Muzi Li",3,"Sheng Nan"
942951,2087873,"Xie Wenxuan",4,"Li Li"
895744,533061,"Dave Grohl",0,"Dave Grohl"
895744,236082,"Taylor Hawkins",1,"Taylor Hawkins"
895744,235995,"Nate Mendel",2,"Nate Mendel"
895744,92569,"Pat Smear",3,"Pat Smear"
895744,235996,"Chris Shiflett",4,"Chris Shiflett"
895744,1938393,"Rami Jaffee",5,"Rami Jaffee"
895744,66555,"Whitney Cummings",6,"Samantha"
895744,1212123,"Leslie Grossman",7,"Barb Weems"
895744,62831,"Will Forte",8,"Darren Sandelbaum"
895744,974169,"Jenna Ortega",9,"Skye Willow"
895744,60074,"Jeff Garlin",10,"Jeremy Shill"
895744,112490,"Kerry King",11,"Krug"
895744,1287088,"Marti Matulis",12,"""The Caretaker"""
895744,181891,"Lionel Richie",13,"Lionel Richie"
895744,11770,"John Carpenter",14,"Engineer"
821669,1960603,"Chayanit Chansangavej",0,"Ruja"
821669,1118834,"NICHKHUN",1,"Tim"
821669,521673,"Sahajak Boonthanakit",2,"Vichai"
821669,3606315,"Nutthacha Padovan",3,"Rachel"
821669,3606316,"Passalak Supasiripaisarn",4,"Prang"
821669,94392,"Byron Bishop",5,"Pakorn"
821669,3606318,"Nualpanod Nat Khianpukdee",6,"Wipa"
821669,3606319,"Kunkanit Khumkrong",7,"Da"
821669,3289930,"Machida Sutthikulphanich",8,"Young Ruja"
821669,3606320,"Pranchanok Pansamdang",9,"Young Worakorn"
821669,3606321,"Naphat E. Thongchai",10,"Man in the Painting No. 1"
821669,3132109,"Phiphob Kamolketsophon",11,"Man in the Painting No. 1"
821669,3601017,"Kasem Puangkeaw",12,"Shaman"
801071,1733286,"Matt McClure",0,"Edgar Marsdale"
801071,2992685,"Mollie Hindle-Pérez",1,"Amy Proctor"
801071,2215526,"James Swanton",2,"Jack"
801071,216988,"Nicola Wright",3,"Olga Marsdale"
801071,1759040,"Nicholas Anscombe",4,"Doctor Clarke"
801071,1662821,"Michaela Longden",5,"Janet"
801071,2992691,"Erina Mashate",6,"Stacey"
801071,1823587,"Jason Farries",7,"Frank"
801071,2992695,"Victor Mellors",8,"Issac Huxley"
801071,2992696,"Ben Walters",9,"The Chauffeur"
801071,2031561,"Melvyn Rawlinson",10,"Demonologist"
794234,1165384,"Gaia Weiss",0,"Laura"
794234,1252846,"Mark Ryder",1,"Harry"
794234,1167055,"Makita Samba",2,"Marcus"
794234,1036879,"Felice Jankell",3,"Robin"
794234,85226,"Tudor Aaron Istodor",4,"Andrej"
794234,2048104,"Amina Ben Ismaïl",5,"Yasmine"
794234,2967710,"Serena De Ferrari",6,"Clara"
794234,1051058,"Lorenzo Richelmy",7,"Gregorio"
630720,1523981,"Ilenia Pastorelli",0,"Diana"
630720,18514,"Asia Argento",1,"Rita"
630720,3205406,"Andrea Zhang",2,"Chin"
630720,126451,"Andrea Gherpelli",3,"Matteo"
630720,2134542,"Mario Pirrello",4,"Chief Inspector Aleardi"
630720,1365383,"Maria Rosaria Russo",5,"Inspector Bajani"
630720,1937853,"Gennaro Iaccarino",6,"Inspector Baldacci"
630720,1291974,"Ivan Alovisio",7,"Ophthalmologist"
630720,3205413,"Fabrizio Eleuteri",8,"Dream Killer"
630720,549020,"Guglielmo Favilla",9,"Jerry"
630720,1884940,"Gianluca Gugliarelli",10,"Pardi"
630720,3205411,"Cristiano Simone Iannone",11,"Father Eclissi"
630720,3400539,"Viktorie Ignoto",12,"Escort"
630720,3522750,"Maurizio Jiritano",13,"Escort Client"
630720,2186366,"Gladys Robles",14,"Marisol"
787752,2230991,"Daisy Edgar-Jones",0,"Noa"
787752,60898,"Sebastian Stan",1,"Steve"
787752,2135069,"Jojo T. Gibbs",2,"Mollie"
787752,1021684,"Charlotte Le Bon",3,"Ann"
787752,1030512,"Dayo Okeniyi",4,"Paul"
787752,1689089,"Andrea Bang",5,"Penny"
787752,110475,"Brett Dier",6,"Chad"
787752,3400259,"Alina Maris",7,"Melissa"
787752,222562,"William Belleau",8,"Man"
787752,3309871,"Lachlan Quarmby",9,"Instructor"
787752,3054659,"Sunghee Lapell",10,"Waitress"
787752,2675172,"Arghavan Jenati",11,"Cashier"
787752,1647599,"Anthony Ingram",12,"Grocery Man"
787752,2674933,"Frances Leigh",13,"Mannequin Woman"
787752,3400269,"Lance Birley",14,"Shirtless Guy"
861069,1011107,"Emma Fitzpatrick",0,"Jane"
861069,1287658,"Jennifer Lafleur",1,"The Detective"
861069,1328421,"Angela Gulner",2,"The Sister"
861069,1277544,"Sibongile Mlambo",3,"The Reporter"
861069,3650149,"Corina Kinnear",4,"The Monster"
861069,1323531,"Kati Sharp",5,"The Friend"
861069,3277429,"Natalie D'Amico",6,"The Young Wife"
861069,1561234,"Jess Varley",7,"The Fan"
861069,3017619,"Mecca Morgan White",8,"The Party Bartender"
861069,3650156,"Richard McDowell",9,"The Gatekeeper"
861069,2735988,"Kwanza Nicole Gooden",10,"The Nurse"
861069,1734461,"Tony Sgro",11,"The Police Officer"
861069,3560402,"Kai Choyce",12,"The Couple on the Couch"
861069,3650158,"Ariel Light",13,"The Couple on the Couch"
861069,3168338,"Korama Danquah",14,"The Girl on the Street"
771536,1546861,"Hazel Doupe",0,"Char"
771536,1800020,"Carolyn Bracken",1,"Angela"
771536,1437725,"Jordanne Jones",2,"Suzanne"
771536,3372566,"Florence Adebamo",3,"Amanda"
771536,2843189,"Katie White",4,"Kelly"
771536,1373165,"Paul Reid",5,"Aaron"
771536,150230,"Ingrid Craigie",6,"Rita"
771536,2882689,"Colin Peppard",7,"Jamie"
771536,1972529,"Martin O'Sullivan",8,"Frank"
771536,1263594,"Aoife Spratt",9,"Officer Jenny"
771536,2330638,"Jade Jordan",10,"Ms. Devlin"
517302,2335631,"Siiri Solalinna",0,"Tinja"
517302,2294255,"Sophia Heikkilä",1,"Mother"
517302,88856,"Jani Volanen",2,"Father"
517302,148370,"Reino Nordin",3,"Tero"
517302,2524909,"Oiva Ollila",4,"Matias"
517302,2524912,"Ida Määttänen",5,"Reetta"
517302,148336,"Saija Lentonen",6,"Coach"
517302,3010479,"Stella Leppikorpi",7,"Gym Friend"
517302,3779118,"Hertta Nieminen",8,"Gym Friend"
517302,3779119,"Aada Punakivi",9,"Gym Friend"
517302,3010485,"Hertta Karen",10,"Alli - Early Stages 2"
517302,3010483,"Jonna Aaltonen",11,"Alli - Early Stages 1"
517302,3779121,"Miroslava Agejeva",12,"Baby Helmi"
934957,199486,"Elyse Levesque",0,"Tamara"
934957,23524,"Veronica Ferres",1,"Lea"
934957,229400,"Gina Stiebitz",2,"young Lea"
934957,239793,"Vladimir Burlakov",3,"Lukas"
934957,1245709,"Hsu Wei-ning",4,"Rebeka"
934957,2406067,"Tsao Yu-ning",5,"Johnny Wang"
934957,1202204,"Lü Yulai",6,"Ming"
934957,1445749,"Ludger Bökelmann",7,"young MAX"
934957,1905209,"Valerie Huber",8,"Sarah"
934957,1271590,"Franziska Brandmeier",9,"Hannah"
934957,2198985,"Chao Zhang",10,"Simon"
934957,1912011,"Coline Atterbury",11,"Sophie"
934957,3412869,"Janae Tabony",12,"Stephanie Müller"
934957,2765670,"Eva Oskarsdottir",13,"Captain Schmidt"
934957,2240095,"Z Zoccolante",14,"Therapist"
836225,58942,"Will Beinbrink",0,"Father Peter Williams"
836225,1601451,"María Gabriela de Faría",1,"Esperanza"
836225,1050186,"Irán Castillo",2,"Magali"
836225,1212803,"Joseph Marcell",3,"Father Michael Lewis"
836225,133766,"Hector Kotsifakis",4,"Dr. Nelson"
836225,7374,"Juan Ignacio Aranda",5,"Bishop Balducci"
836225,1714650,"Evelia Di Gennaro",6,"Sister Camila"
836225,4050437,"Raquel Rojas",7,"Inmate Silvia"
836225,993892,"Nuria Gil",8,"Reporter"
836225,2444501,"Jesse Celedon",9,"Prison Guard"
836225,1715251,"María Antonieta Hidalgo",10,"Inmate Guadalupe"
836225,1460058,"Simona Chirinos",11,"Inmate Simona"
836225,1805164,"Eloísa Maturén",12,"Possessed Virgin"
836225,1302156,"Alfredo Herrera",13,"Possessed Jesus"
821489,1420175,"Tom Stourton",0,"Pete"
821489,1335315,"Georgina Campbell",1,"Fig"
821489,2243950,"Charly Clive",2,"Sonia"
821489,1278555,"Antonia Clarke",3,"Claire"
821489,1394375,"Joshua McGuire",4,"George"
821489,1308934,"Dustin Demri-Burns",5,"Harry"
821489,1208781,"Graham Dickson",6,"Archie"
821489,8399,"Christopher Fairbank",7,"Norman"
821489,1300306,"Kieran Hodgson",8,"Graham"
796256,78804,"Jocelin Donahue",0,"Marie Aldrich"
796256,40863,"Joe Swanberg",1,"George Darrow"
796256,3901,"Richard Brake",2,"The Bridge Man"
796256,4766,"Melora Walters",3,"Ava Aldrich"
796256,1159650,"Jeremy Gardner",4,"The Fisherman"
796256,1474008,"Jonathan Medina",5,"Mr. Clayton, Esq"
796256,1968282,"Eliza Shin",6,"Ms. Gardner, Esq"
796256,1561234,"Jess Varley",7,"Young Woman"
796256,2974938,"Andrew Vilar",8,"Young Man"
796256,31268,"Larry Fessenden",9,"H. Grierson"
796256,2974937,"April Linscott",10,"Miss Emily"
796256,1981963,"Amanda Grace Benitez",11,"Anne"
796256,1093509,"Andrew Varenhorst",12,"Man From the Sea"
796256,2974940,"Anthony Costagliola",13,"Bartender"
796256,2974936,"Ken Luzadder",14,"Old Man"
1118403,4030428,"Anthony Pavone",0,"Reese"
1118403,4030432,"Haley Schwartz",1,"Julie"
1118403,4030431,"David Alan Graf",2,"Officer Morgan"
1118403,2049961,"Seth Goodfellow",3,"Officer Rodgers"
1118403,3489050,"Jonnathon Cripple",4,"Old Man Franklin"
1118403,4276131,"Tristan Welsh",5,"Fence"
898798,1152753,"Deirdre Mullins",0,"Cathy Madden"
898798,37057,"Derbhle Crotty",1,"Mary Laidlaw"
898798,1203108,"Paul Kennedy",2,"Jason Reid"
898798,1722119,"Seamus O'Hara",3,"Thomas"
898798,1649097,"Nigel O'Neill",4,"Bill Rosewater"
898798,1403284,"Ian Beattie",5,"Massey"
898798,3232669,"Jude Hill",6,"Luke"
898798,1452682,"Paul Mallon",7,"Nathan McGrath"
898798,2118692,"Roisin Gallagher",8,"Grace"
898798,2813548,"Jonny Everett",9,"Shawn Duggan"
898798,2681339,"Cailum Carragher",10,"Baggo"
898798,4700487,"Aobh McGibbon",11,"Jennifer McGrath"
898798,2228024,"Maitiu McGibbon",12,"Leon McGrath"
898798,3643433,"Peter Heenan",13,"Paul"
898798,4700493,"Karen Hawthorne",14,"Tina McGrath"
934707,126875,"Alicia Coppola",0,"The Nurse"
934707,1065264,"Scot Nery",1,"The Creature"
934707,1981044,"Sophie Thatcher",2,"Mary"
949567,3471663,"Hannah Rose",0,"Hannah Stevenson"
949567,3471662,"Tom Hogan",1,"Matthew Peters"
949567,3471665,"Edward Gist",2,"Tralan"
949567,5772969,"Joshua Davey",3,"Codrin"
949567,4585195,"Charlie Downes",4,"Insp. Kaminski"
949567,2447042,"Howard Lewis Morgan",5,"Viktor"
915982,1482206,"Zach Villa",0,"Will"
915982,111518,"Devon Graye",1,"Luke"
915982,84613,"Madeline Zima",2,"Blossom"
915982,2342629,"Yumarie Morales",3,"Sasha"
915982,146004,"Marlene Forte",4,"Mom"
915982,204904,"Chris Doubek",5,"Dad"
915982,15423,"Paget Brewster",6,"Dr. Sampson"
915982,136183,"Adam Busch",7,"Dr. Rosenstein"
915982,56556,"Michael Cassidy",8,"NP Chaz"
915982,68278,"Peter Mensah",9,"Dr. Jansen"
915982,83105,"Debra Wilson",10,"Dr. Miller"
915982,2368806,"Ian Inigo",11,"Young Will"
915982,1176700,"Scott Butler",12,"The Wolf"
915982,3593908,"Milos Jovanovic",13,"Jibran"
915982,3593909,"Joaquin Acuna",14,"Tye"
833339,2361843,"Morten Burian",0,"Bjørn"
833339,1518801,"Sidsel Siem Koch",1,"Louise"
833339,45754,"Fedja van Huêt",2,"Patrick"
833339,87674,"Karina Smulders",3,"Karin"
833339,3103148,"Liva Forsberg",4,"Agnes"
833339,3103149,"Marius Damslev",5,"Abel"
833339,89625,"Hichem Yacoubi",6,"Muhajid"
833339,1178385,"Lea Baastrup Rønne",7,"Fie"
833339,1476922,"Jesper Dupont",8,"Jonas"
833339,1112410,"Sieger Sloot",9,"Waiter"
833339,3103154,"Ilaria Di Raimo",10,"Babysitter"
833339,3103155,"Alessio Barni",11,"Opera Singer"
833339,3103156,"Sarina Maria Rausa",12,"Hannah"
833339,3103158,"Adrian Blanchard",13,"Derek"
833339,3103159,"Martina Barreca",14,"Opera Singer"
760104,1137824,"Mia Goth",0,"Maxine / Pearl"
760104,974169,"Jenna Ortega",1,"Lorraine"
760104,29221,"Brittany Snow",2,"Bobby-Lynne"
760104,484359,"Kid Cudi",3,"Jackson"
760104,26291,"Martin Henderson",4,"Wayne"
760104,132220,"Owen Campbell",5,"RJ"
760104,1440014,"Stephen Ure",6,"Howard"
760104,54492,"James Gaylyn",7,"Sheriff Dentler"
760104,1238425,"Simon Prast",8,"Televangelist"
760104,197767,"Geoff Dolan",9,"Deputy"
760104,1340023,"Matthew J. Saville",10,"Officer Mitchell"
760104,3079266,"Bryony Skillington",11,"Store Clerk"
760104,543261,"Karen Gillan",12,"Radio Steak Seller (voice) (uncredited)"
760104,31268,"Larry Fessenden",13,"Howard (voice) (uncredited)"
864370,1749592,"Ina Tsai",0,"Li Ro-nan"
864370,38286,"Ven Kao",1,"Hsieh Chi-ming"
864370,3497796,"Huang Sin-ting",2,"Chen Le-tung / Dodo"
864370,2956372,"Sean Lin",3,"Chen Li-tung / Dom"
864370,3413896,"Wen Ching-Yu",4,"Chen Chen-yuan / Yuan"
864370,3490388,"Queenie Chen",5,"Spirit-Medium Child"
864370,2912099,"Peng Yi",6,"Master Ching"
864370,3889023,"Lin Yi-qin",7,""
864370,3536918,"Aaron Hong",8,"Real Estate Agent"
864370,2618391,"Huang Ling",9,"Sister Xia"
833200,55567,"Alexandra Paul",0,"Mother (Nidia)"
833200,1892337,"Kareem Ferguson",1,"Hank"
833200,2617396,"Jared Laufree",2,"Solomon"
833200,3102703,"Brody Bett",3,"Young Solomon"
833200,3102704,"Chris Demm",4,"Father (Lucas)"
751237,25540,"Sandra Oh",0,"Amanda"
751237,205955,"Fivel Stewart",1,"Chris"
751237,20212,"Dermot Mulroney",2,"Danny"
751237,1121786,"Odeya Rush",3,"River"
751237,2727080,"MeeWha Alana Lee",4,"Umma"
751237,305993,"Tom Yi",5,"Mr. Kang"
680829,35705,"Regina Hall",0,"Gail Bishop"
680829,1758312,"Zoë Renee",1,"Jasmine Moore"
680829,2212734,"Amber Gray",2,"Liv Beckman"
680829,2475409,"Talia Ryder",3,"Amelia"
680829,140253,"Talia Balsam",4,"Diandra"
680829,989411,"Ella Hunt",5,"Cressida"
680829,2371449,"Noa Fisher",6,"Katie"
680829,1964315,"Kara Young",7,"Sascha"
680829,27545,"Bruce Altman",8,"Brian"
680829,167120,"Jennifer Dundas",9,"Julianne"
680829,156648,"Joel de la Fuente",10,"Lam"
680829,2483146,"Julia Nightingale",11,"Freshman Counselor"
680829,2382602,"Anna van Patten",12,"Libby"
680829,1786480,"D.C. Anderson",13,"Painter"
680829,1802817,"Will Hochman",14,"Tyler"
947890,1450858,"Lam Thanh My",0,"Linh"
947890,2413141,"Quang Tuấn",1,"Thanh"
947890,2301772,"Mai Cát Vi",2,"Yen"
947890,1878202,"Dieu Nhi",3,"Hanh"
629015,1008554,"Rainey Qualley",0,"Jessica"
629015,22461,"Vincent Gallo",1,"Sammy"
629015,1481235,"Jake Horowitz",2,"Rob"
629015,3346459,"Luciana VanDette",3,"Lainey"
629015,5456266,"Aidan Steimer",4,"Mason Nash"
607365,1921094,"Mathilde La Musse",0,"Amélie"
607365,2331793,"Samarcande Saadi",1,"Morjana"
607365,2331794,"Suzy Bemba",2,"Bintou"
607365,1003260,"Nassim Lyes",3,"Abdel"
607365,6016,"Walid Afkir",4,"Rector"
607365,1150910,"Sandor Funtek",5,"Erwan"
607365,2358822,"Bakary Diombera",6,"Ako"
607365,3166387,"Félix Glaux-Delporto",7,"Antoine"
607365,3166388,"Dylan Krief",8,"Ben"
607365,3171922,"Mériem Sarolie",9,"Kandisha"
607365,4537446,"Mariam Doumbia",10,"Aminata"
607365,3171923,"Brahim Hadrami",11,"Farid"
607365,3140331,"Ayekoro Kossou",12,"Bintou's father"
607365,1263028,"Frédéric Nyssen",13,"Amélie's father"
607365,3171924,"Ondine Stenuit",14,"Amélie's mother"
811061,1118081,"Bethany Joy Lenz",0,"Erica Shaw"
811061,1411601,"Katie Sarife",1,"Kellyn Cage"
811061,211598,"Andrew J. West",2,"Josiah Bradford"
811061,134708,"Michael J. Rogers",3,"Campbell Bradford"
811061,28007,"Kevin Cahoon",4,"Dylan"
811061,2154582,"Kingston Vernes",5,"Lucas"
811061,109740,"Alysia Reiner",6,"Alyssa Bradford-Cohen"
811061,204271,"Deanna Dunagan",7,"Anne McKinney"
811061,2045786,"Ruth Kaufman",8,"Grace Harrelson"
811061,1251402,"Bill Simmons",9,"Handsome Man"
811061,2688330,"David Myers Gregory",10,"Mr. Bradford"
811061,1971683,"Aaron Roman Weiner",11,"Hotel Owner"
811061,6496592,"David Storm",12,"Piano Player"
811061,2651638,"Rupert Spraul",13,"Lonnie Wilkes"
811061,6496602,"Daniel Burke",14,"Lonnie's Family"
758724,25837,"Elisha Cuthbert",0,"Keira"
758724,111801,"Eoin Macken",1,"Brian"
758724,3412392,"Dylan Fitzmaurice-Brady",2,"Steven Woods"
758724,1541155,"Tara Lee",3,"Erica"
758724,1779362,"Michael-David McKernan",4,"Michael"
758724,995518,"Andrew Bennett",5,"Detective Brophy"
758724,210061,"Aaron Monaghan",6,"Dr. Fournet"
758724,42836,"Marie Mullen",7,"Rose Fetherston"
758724,1614372,"Amy Conroy",8,"Nurse"
758724,1931063,"Seán Doyle",9,"Simon"
758724,3650282,"Kurt Walsh",10,"Baphomet"
758724,3650287,"Noor Truijens",11,"Baphomet (Voice)"
758724,33452,"Chris McHallem",12,"John Fetherson (Voice)"
758724,3650298,"Vivian Drew",13,"Ellie's Friend (Voice)"
758724,1271597,"Steve Gunn",14,"Rob Clayton (Voice)"
933908,2410993,"Geno Walker",0,"Ken Barber"
933908,1387671,"Kate Arrington",1,"Kelsey Dees"
933908,2550974,"Felonious Munk",2,"Terry Gilson"
933908,335,"Michael Shannon",3,"Isaac Dees"
933908,1887132,"Lawrence Grimm",4,"Colin Albertson"
933908,1467220,"Daniel Kyri",5,"Dark Corners"
933908,2377344,"Theo Germaine",6,"Lyden Knight"
933908,1333185,"Morgan S. Reesh",7,"Roberta Wellwood"
879538,9976,"Henry Thomas",0,"Robert"
879538,98661,"Bradley Stryker",1,"Sterling"
879538,114894,"C. Ernst Harth",2,"Dooley"
879538,87571,"Jennifer Robertson",3,"Jordan"
879538,999817,"Olivia Taylor Dudley",4,"Carrie"
879538,77622,"Catherine Lough Haggquist",5,"Helen Masur"
879538,2640686,"Joe Costa",6,"Sheriff Higgon"
879538,113100,"Colin Decker",7,"Tim Witner"
879538,1259944,"Andrei Kovski",8,"Vladimir"
879538,1356646,"Charles Jarman",9,"Jeff"
879538,2034429,"Fletcher Donovan",10,"Gerald"
879538,2675078,"Justin Lacey",11,"Cop"
911348,210355,"Brea Grant",0,"Madeline"
911348,77993,"Parry Shen",1,"Owen"
911348,18262,"Richard Riehle",2,"Rory Devonshire"
896448,216988,"Nicola Wright",0,"Dr. Fran"
896448,2564032,"Stephanie Lodge",1,"Vicky"
896448,2536386,"Georgie Banks",2,"Lexy McKenna"
896448,3351566,"Julia Quayle",3,"DC Du Plessis"
896448,3320201,"Beatrice Fletcher",4,"Amy"
896448,2865487,"Annie Knox",5,"Chloe"
896448,3430590,"Matthew Marcelis",6,"Isaac"
896448,2994715,"Andrew Rolfe",7,"Detective Cronjen"
896448,3430591,"Natasha Arancini",8,"Natasha Arancini"
896448,77560,"Jamie Robertson",9,"Billy"
896448,3682761,"Rachel Borka",10,""
896448,145553,"Devanny Pinn",11,""
896448,1503678,"Destiny Soria",12,"Girl"
883083,1617466,"Sara Klimoska",0,"Nevena"
883083,20699,"Anamaria Marinca",1,"Maria"
883083,587823,"Alice Englert",2,"Biliana"
883083,1871353,"Félix Maritaud",3,"Yovan"
883083,544608,"Carloto Cotta",4,"Boris"
883083,87722,"Noomi Rapace",5,"Bosilka"
883083,1535106,"Irena Ristić",6,"Elica"
883083,585467,"Kamka Tocinovski",7,"Yoana"
883083,3520813,"Leontina Bainović",8,"Young Nevena"
883083,3520814,"Anastasija Karanovich",9,"Young Biliana"
883083,3520815,"Sofija Jeremić",10,"Biliana's Mother"
883083,1875424,"Daniel Kovačević",11,"Biliana's Father"
883083,1799952,"Šenka Kolozova",12,"Biliana's Grandmother"
883083,1050117,"Jelena Velkovski",13,"Biliana's Sister-in-Law"
883083,110973,"Verica Nedeska",14,"Groom's Mother"
799878,1483660,"Alexia Ioannides",0,"Nicole"
799878,134424,"Charles Halford",1,"Charlie"
799878,73322,"Andrew Roach",2,"Head Trafficker"
799878,2736127,"Ashley Marian Ramos",3,""
799878,2988389,"Ambyr Mishelle",4,"Coaxoch"
799878,2498019,"Ali Kinkade",5,"Caitlin"
799878,2871708,"Trey Warner",6,"Victor"
799878,2988390,"Jeff Dickamore",7,""
799878,2988391,"Alejandro Akara",8,"Rahui"
484907,112824,"Aisling Loftus",0,"Holly"
484907,43034,"Tom Goodman-Hill",1,"Richard"
484907,1503909,"Raffiella Chapman",2,"Anna"
484907,1279512,"Hattie Gotobed",3,"Lucia"
484907,1640423,"Lukas Rolfe",4,"Ralph"
477462,20374,"Teresa Palmer",0,"Rachel"
477462,1102427,"Steven Cree",1,"Anthony"
477462,203459,"Barbara Marten",2,"Helen"
477462,2503100,"Tristan Ruggeri",3,"Elliot / Nathan"
477462,1732294,"Andres Dvinjaninov",4,"Town Doctor"
477462,3670243,"Nick Connor",5,"Bank Advisor"
477462,3501522,"Tiiu Uibo",6,"Old Couple"
477462,138129,"Raivo Trass",7,"Old Couple"
477462,2781372,"Liisi Org",8,"Young Helen"
477462,3670245,"Kert Kurist",9,"Helen's Husband"
477462,3670246,"Raul Talmar",10,"Priest"
957394,97823,"Joe Estevez",0,"Steve"
957394,1375793,"Julia Kelly",1,"Maxine"
957394,3518484,"Sasha Anne",2,"Sarah"
957394,3518485,"Madison Ekstrand",3,"Kelsey"
957394,1768809,"Giovannie Espiritu",4,"Suzie"
957394,2974118,"Evan Adams",5,"Alex"
957394,167533,"Clint Carmichael",6,"Greg"
957394,1515529,"Catherine Healy",7,"Beth"
957394,2751202,"Joseph Almani",8,"Eric / Creature Suit performer"
957394,75755,"Anthony Jensen",9,"Hank"
957394,1810976,"Lanett Tachel",10,"Carla"
951546,2438346,"Rebecca Finch",0,"Nicole"
951546,1756412,"Ray Whelan",1,"Erebus"
951546,2275993,"Kate Milner Evans",2,"Bjork"
951546,2629292,"Mark Sears",3,"Chaos"
951546,1585056,"Peter Cosgrove",4,"Rhodri"
951546,2545390,"Carmina Cordelia",5,"Crystal"
951546,2305401,"Mike Kelson",6,"Henry"
951546,1644167,"Kate Lush",7,"Joiner"
951546,1637719,"Georgia Woodthorpe",8,"Lindsay"
951546,2040481,"Rita Siddiqui",9,"Alina"
951546,2275996,"Hattie Willow",10,"Joiner"
951546,2528635,"Darrell Griggs",11,"Nyx"
951546,2536387,"Kelly Juvilee",12,"Joiner"
945657,155669,"Keesha Sharp",0,"Capt. Celeste Rhoades"
945657,50668,"Jamie Bamber",1,"Prof. Hal Cochran"
945657,210573,"Lydia Hearst",2,"Idina Bess"
945657,82662,"AnnaLynne McCord",3,"Mia Stone"
945657,58508,"Joseph Gatt",4,"Brian Andrews"
945657,104298,"Jhey Castles",5,"Julie"
945657,3451393,"Michael J. Chen",6,"Parker"
945657,3385687,"Derek Yates",7,"Jackson Stone"
945657,2108072,"Kendall Chappell",8,"Regina"
945657,1372185,"Al Coronel",9,"Hector"
945657,1768809,"Giovannie Espiritu",10,"Nancy"
945657,1630258,"Tarnue Massaquoi",11,"Sykes"
945657,1454301,"Maurice Johnson",12,"Collins"
945657,2592316,"Heavenly Reyna",13,"Elizabeth"
945657,18906,"Neil Dickson",14,"Mr. Wick"
885121,3037169,"Francesca Xuereb",0,"Kim White"
885121,1134954,"Viktoria Vinyarska",1,"Izzy Davis"
885121,3535027,"Scott Gremillion",2,"Ronan"
885121,1569858,"Rick LaCour",3,"Milton Briggs"
885121,3234819,"Quinn Nehr",4,"Tony"
885121,3611003,"Sam A Coleman",5,"Steve"
885121,6002663,"Eric Wiegand",6,"Ian"
885121,1448224,"Timothy McKinney",7,"Dr. Phillips"
885121,1085711,"Patrick Kirton",8,"Samuel White"
885121,1939773,"Susan Kirton",9,"Ann White"
885121,3611005,"Terry J. Nelson",10,"Bob"
885121,3663964,"Jeroen Frank Kales",11,"Chad"
885121,2684203,"Cameron Inman",12,"Lena"
885121,1121868,"Yuji Ayabe",13,"Delivery Man"
885121,1753223,"Bria Fleming",14,"Sandy"
838484,2629582,"Iola Evans",0,"Kayla"
838484,77996,"Asa Butterfield",1,"Isaac"
838484,5139,"Robert Englund",2,"Robert Englund (voice)"
838484,1220166,"Angela Griffin",3,"Thea"
838484,60349,"Ryan Gage",4,"Lance"
838484,1665,"Eddie Marsan",5,"Hal"
838484,178630,"Kate Fleetwood",6,"Laura"
838484,2519329,"Pete MacHale",7,"Gabe"
838484,3509902,"Kayleen Aires Fonseca",8,"Ricky"
838484,1229186,"Caroline Loncq",9,"Maria"
838484,2891992,"Ioanna Kimbook",10,"Grace"
838484,1819920,"Delroy Atkinson",11,"Officer Carpenter"
838484,3119186,"Joe Bolland",12,"Beck"
838484,3548847,"George Hannigan",13,"Teen Gamer"
838484,3144492,"Silvana Montoya",14,"Carmella"
776501,2895589,"Anna Cobb",0,"Casey"
776501,134708,"Michael J. Rogers",1,"JLB"
776501,1808759,"May Leitz",2,"Rebecca"
776501,1357449,"Theo Anthony",3,"Man on Treadmill"
776501,2988547,"Valeria Santiago",4,"Tim"
776501,3080942,"Turner Greaves",5,"Alex"
776501,3080943,"Holly Anne Frink",6,"Plastic Girl"
776501,2993331,"Slight Sounds",7,"ASMR Host"
776501,3080944,"Marc Santiago",8,"Michael"
776501,3080945,"Karen Cavanaugh",9,"JLB's ???"
776501,3080946,"David Buzen",10,"Casey's Dad"
776501,3080947,"Ilan Barnoon",11,"Possessed Kid"
776501,2027888,"Carlos Zozaya",12,"Evil Clown"
709195,50928,"Germán de Silva",0,"Antonio Poyju"
709195,589483,"Lorena Vega",1,"Elena"
709195,544958,"Mariana Anghileri",2,"Clara"
709195,1731993,"Ezequiel Rodríguez",3,"Marcelo"
709195,2114682,"Demián Salomón",4,"Pedro"
709195,1694299,"Alexia Moyano",5,"Mariana"
709195,929043,"Berta Muñiz",6,"Asistente de Doria"
709195,1508184,"María Laura Cali",7,"Doria"
709195,1575135,"Marta Haller",8,"Olga"
709195,1084678,"Sebastián Mogordoy",9,"Pancho"
709195,2114686,"Laura Manzaneda",10,"Amanda"
709195,2309832,"Víctor Malagrino",11,"Eduardo"
709195,4415770,"Fernando Alcaraz",12,"Young Antonio"
709195,1077521,"Mauro Altschuler",13,"Roberto"
709195,2296468,"Julieta Brito",14,"Elena (16 years old)"
746339,228714,"Ana Girardot",0,"Chloé"
746339,223325,"Samuel Jouy",1,"Mathieu"
746339,4259385,"Giovanni Pucci",2,"Jules"
746339,2066064,"Fabien Houssaye",3,"Ogre"
746339,3430502,"Albertine Rivière",4,"Alice"
746339,3477335,"Félix Malherbe",5,""
746339,3477337,"Emile Thenard",6,""
746339,3477338,"Roman Malherbe",7,""
746339,3477340,"Charlie Thenard",8,""
746339,3477341,"Claire Marin",9,""
746339,3477345,"Gwenaël Fournier",10,""
746339,3477346,"Clément Galzenati",11,""
746339,3477347,"Cannelle Helgey",12,""
746339,3477348,"Morgane Lacroix",13,""
746339,1711186,"Marion Festraëts",14,""
626129,1263930,"Chun Woo-hee",0,"Jeong Se-ra"
626129,25004,"Shin Ha-kyun",1,"Choi In-ho"
626129,588209,"Lee Hye-young",2,"Lee So-jung"
626129,1988598,"Park Ji-hyun",3,"Seo Seung-ha"
626129,2313835,"Cha Rae-hyung",4,"Min Ki-tae"
626129,1488075,"Kim Young-pil",5,"Heo Ki-jeong"
626129,2340912,"Park Se-hyun",6,"Yoon Mi-so"
626129,2123796,"Jung Soon-won",7,"Producer Choi"
626129,2097065,"Mok Gyu-ri",8,"Reporter Song"
626129,1627313,"Nam Moon-chul",9,"News Director"
626129,3247875,"Yang Mal-bok",10,"Landlord"
626129,2317932,"Lee Hae-woon",11,"Reporter Han"
626129,2240033,"Im Sung-jae",12,"Detective Kim"
626129,2402517,"Park Kyung-chan",13,"Detective"
626129,5068739,"Kim Hyeong-seok",14,"Mystery man"
893370,131867,"Daniel Hendler",0,"Luis"
893370,2300951,"Paula Silva",1,"Iris"
893370,3326346,"Franco Rilla",2,"Javier"
893370,1591940,"Sofía González",3,"Miriam"
893370,4156678,"Rasjid César",4,""
893370,4156679,"Anaisy Brunet",5,""
893370,4156680,"Tiziano Núñez",6,""
893370,4156681,"Juan Fodde",7,""
893370,54191,"Virginia Méndez",8,""
893370,542245,"Gustavo Alonso",9,""
893370,4156682,"Sergio Gorfain",10,""
893370,4156683,"Lucía Pereira",11,""
893370,4156684,"Mane Perez",12,""
893370,4156689,"Gabriel De Souza",13,""
893370,4156691,"Nina Fodde",14,""
888001,2135599,"Igors Šelegovskis",0,""
888001,1970178,"Inga Tropa",1,""
888001,2192067,"Jēkabs Reinis",2,""
888001,3279119,"Rihards Sniegs",3,""
888001,2905737,"Reinis Boters",4,""
888001,2893201,"Elvita Ragovska",5,""
888001,3279120,"Tīna Šipkēvica",6,""
888001,1777835,"Morten Traavik",7,""
888001,2231179,"Andris Akmentiņš",8,""
888001,1893939,"Māra Ķimele",9,""
888001,1943635,"Uģis Prauliņš",10,""
812320,1257867,"August Maturo",0,"Lucas"
812320,1039122,"Mike Manning",1,"Tom"
812320,1524899,"Libe Barer",2,"Anna"
812320,1956638,"Mirabelle Lee",3,"Moriah"
812320,2041979,"Bianca D'Ambrosio",4,"Donna"
812320,2041981,"Chiara D'Ambrosio",5,"Rose"
812320,164543,"Lukas Hassel",6,"The Monster"
812320,6486,"Dan Hedaya",7,"Sheriff John Thurston"
812320,4085845,"Alixx Schottland",8,"Mrs. Blair"
812320,3281627,"John Backstrom",9,"Bartender"
812320,1365974,"Mack Kuhr",10,"Deputy Leggett"
812320,3208293,"Nick Theurer",11,"Deputy Shepard"
812320,3411041,"Curtis Braly",12,"Nurse"
812320,4085844,"Maha Maturo",13,"Nora"
812320,4117656,"Joseph DiGennaro",14,"Dad"
756681,1223239,"Ingrid García Jonsson",0,"Isa"
756681,588183,"Silvia Alonso",1,"Susana"
756681,2695935,"Goize Blanco",2,"Arantza"
756681,2221708,"Nicolás Illoro",3,"Javi"
756681,2131824,"Alberto Bang",4,"José"
756681,27392,"Enrico Lo Verso",5,"Giacomo"
756681,74488,"Cosimo Fusco",6,"Dottore / Bufón"
756681,10916,"Caterina Murino",7,"Claudia"
756681,66815,"Armando De Razza",8,"Brunelli"
756681,1330941,"Nico Romero",9,"Alfonso"
756681,1244264,"Giancarlo Judica Cordiglia",10,"Oficial Consulado"
756681,3750286,"Eugenio Flajani Galli",11,"Hombre con máscara"
756681,5419392,"Chanel Cazzaniga",12,"masked girl"
756681,61405,"Francesco Liotti",13,"Hombre Americano #1"
756681,5734268,"Mitchell Thomas Salm",14,"Hombre Americano #2"
957154,1793046,"Kim Do-yoon",0,"Gi-hoon [Tunnel]"
957154,1467384,"Lee Yul-eum",1,"Soo-jin [The Woman in Red]"
957154,1348586,"Lee Ho-won",2,"Choong-jae [Tooth Worms]"
957154,1654414,"Lee Soo-min",3,"Hye-yeon [Necromancy]"
957154,1966747,"ARIN",4,"Ji-hyeon [Necromancy]"
957154,2275300,"Jung Won-chang",5,"Jeong-gyoon [The Wall]"
957154,1875788,"Exy",6,"Woman [The Wall]"
957154,1875787,"Seola",7,"Ji-hye [The Closet]"
957154,1535979,"Lee Min-hyuk",8,"Jae-hoon [Ghost Marriage]"
957154,139498,"Rie Young-zin",9,"Eun-yeong [Ghost Marriage]"
957154,1875670,"Seo Ji-soo",10,"Hyeon-joo [The Girl in the Mirror]"
957154,1989499,"SHOWNU",11,"Jong-chan [A Mannequin]"
957154,2781584,"Bong Jae-hyun",12,"Young-min [Escape Games]"
957154,3166946,"AleXa",13,"Se-ri [Escape Games]"
957154,3082513,"Ju Haknyeon",14,"Nu-ri [Escape Games]"
969686,11149,"Dominique Swain",0,"General Bridget Norris"
969686,2673964,"Arie Thompson",1,"Dr. Lynise Hughes"
969686,1011071,"Eric St. John",2,"Major Oakley Jones"
969686,1266956,"Eva Ceja",3,"Dakota Lenna"
969686,2158033,"Brandon Alan Smith",4,"Elliot Rodney"
969686,1918402,"Isaac J. Cruz",5,"Rohrbacher"
969686,3480042,"Preston Geer",6,"Aidan"
969686,3531181,"Bridger Buckley",7,"Sgt. Irv Shockley"
969686,3531186,"Stamaur Mitchell",8,"Tremblay"
969686,3531178,"Junior Alabi",9,"Rodrigo"
969686,1041291,"Marco Neves",10,"Paulo"
969686,3932169,"Rodrigo Brand",11,"Duarte"
995810,60650,"Michael Paré",0,"Colonel Charon"
995810,65831,"Robert LaSardo",1,"General Vasquez"
995810,1285665,"Sarah French",2,"Susan"
995810,1997081,"Kate Watson",3,"Sgt. Hernandez"
995810,1177021,"Charles Solomon Jr.",4,"Sergeant Grey"
995810,1953792,"Lisa Hinds",5,"Lt Henderson's Widow"
995810,2358903,"Maisy Kay",6,"Erin Ford"
995810,1545371,"Mark Justice",7,"Lieutenant Jenkins"
995810,1979144,"Thomas Haley",8,"Will Hendricks"
995810,1985675,"Ben Stobber",9,"Zombie"
995810,1729135,"Drew Marvick",10,"Zombie"
995810,1262694,"Timothy Skyler Dunigan",11,"Les Pullen"
995810,2801531,"Johnny Huang",12,"Private Lin"
995810,3356491,"Danny Tesla",13,"Sg Jackson / Zombie"
995810,2888003,"Denny Nolan",14,"Major Nowinski"
638985,1157711,"Tissa Biani",0,"Nur"
638985,1716645,"Adinda Thomas",1,"Widya"
638985,2036671,"Achmad Megantara",2,"Bima"
638985,1878346,"Aghniny Haque",3,"Ayu"
638985,2207947,"Calvin Jeremy",4,"Anton"
638985,2209409,"Fajar Nugra",5,"Wahyu"
638985,2138500,"Kiki Narendra",6,"Prabu"
638985,1431490,"Aulia Sarah",7,"Badarawuhi"
638985,1520467,"Aty Cancer",8,"Sundari"
638985,1291088,"Diding Boneng",9,"Mbah Buyut"
638985,2562849,"Dewi Sri",10,"Mbah Dok"
638985,3683291,"Abah Dakar",11,"Mbah Langsa"
638985,1830161,"Andri Mashadi",12,"Ilham"
638985,3683292,"Satria Lintang Daru",13,"Genderuwo"
638985,2463960,"Liek Suyanto",14,"Grandpa in celebration"
969725,587115,"Riann Steele",0,"Anna Reynolds"
969725,32990,"Sophie Thompson",1,"Karen Marrow"
969725,1466875,"Jane Lowe",2,"Lucy Blakeley"
969725,2321764,"Taliyah Blair",3,"Young Anna"
969725,2699000,"Jonathan Nyati",4,"Harry Reynolds"
969725,133032,"David Horovitch",5,"Reverend Joseph"
969725,1313599,"Peter MacQueen",6,"William Blakeley"
969725,1229415,"Phillipa Peak",7,"Young Lucy"
791348,127712,"Matt Ryan",0,"Constantine (voice)"
791348,1656863,"Ray Chase",1,"Jason Blood / Etrigan / Ritchie (voice)"
791348,130081,"Robin Atkin Downes",2,"Gary Lester / Negral (voice)"
791348,15761,"Grey DeLisle",3,"Beelzebub / Little Della / Little Jack (voice)"
791348,236021,"Camilla Luddington",4,"Zatanna (voice)"
791348,1712,"Damian O'Hare",5,"Ashox / Chas (voice)"
791348,38560,"Lou Diamond Phillips",6,"Spectre (voice)"
739643,1776153,"Jordan Claire Robbins",0,"Sam"
739643,51995,"Theo Rossi",1,"Tyler"
739643,1674277,"Tahirah Sharif",2,"Cameron"
739643,81295,"Shane West",3,"Ryan"
739643,1357657,"Elena Juatco",4,"Denise"
739643,1358574,"Julian Feder",5,"Ethan"
739643,1860424,"Dillon Jagersky",6,"Creature"
739643,2748630,"Nicole Kawalez",7,"Rachel"
739643,4425359,"Keith Barnes",8,"Scientist"
677528,1293554,"Sharan",0,"Anil / Karna"
677528,2015323,"Ashika Ranganath",1,"Siri"
677528,146148,"Sai Kumar",2,"Rama Jois"
677528,1342977,"Bhavya",3,"Susheela"
677528,101865,"Balaji Manohar",4,"Hinnudi"
677528,1293648,"Sudharani",5,"Yashoda"
677528,1355429,"Srinagar Kitty",6,"Kumara"
677528,86508,"Ashutosh Rana",7,"Daraka"
677528,1293574,"Ayyappa P. Sharma",8,"Brahma Jois"
677528,1824639,"B Suresha",9,"Kanti Jois"
677528,1973582,"Vijay Chendoor",10,"Bhoja"
677528,4799239,"Manthana",11,"Janaki"
677528,1298330,"Sadhu Kokila",12,"Rampa"
677528,3611792,"Vishwa Vijetha",13,"Ramesh"
677528,2052912,"Patre Nagaraj",14,"Ramsetty"
897424,223920,"Brittany Benjamin",0,"Victoria"
897424,3307172,"Amanda Day",1,"Marla Harrison"
897424,3307171,"Alexys Gabrielle",2,"Chloe Temple"
897424,87095,"Hugo Armstrong",3,"Bruce Montgomery"
897424,1197058,"Emily Atack",4,"AIDA"
897424,2098486,"Amanda Day",5,"Additional Voices (voice)"
897424,1504076,"Susan Chambers",6,"Police Detective Actress"
897424,2701435,"Ali Daniels",7,"Actress"
897424,1039377,"Jennifer Prettyman",8,"Actress"
897424,3307174,"Anna Stranz",9,"Lucy Temple"
897424,1342054,"Joel Thingvall",10,"Cigar Actor"
1002644,2447506,"Novi Brown",0,"Roshanda James"
1002644,2096872,"Kali Roses",1,"Black Widow"
1002644,3632786,"Jason Krotky",2,"Trevor Valmont"
1002644,2381314,"Desmon Heck",3,"Jacob Bisbee"
1002644,59299,"Ben Crowley",4,"Detective Mooney"
1002644,1376884,"Jerod Meagher",5,"Stephen"
1002644,3632788,"Vanessa Conde",6,"Detective Pratt"
1002644,3613769,"Alex Lederman",7,"Flip"
1002644,3632790,"John Michael Peeler",8,"Berlin"
1002644,3632791,"Stephanie Stuart",9,"Cindy"
1002644,1643853,"Robert P. Young",10,"Dmitry Dora"
1002644,54706,"Charley Rossman",11,"Jack Valmont"
1002644,3632793,"Stephanie Hylton",12,"Doris Valmont"
1002644,1660444,"Sean Crampton",13,"Harlan"
1002644,1437113,"David Wunderlich",14,"Dustin"
797815,2460577,"Kiera Thompson",0,"Leah"
797815,1182597,"Denise Gough",1,"Sarah"
797815,2559230,"Sienna Sayer",2,"Rachel"
797815,1102427,"Steven Cree",3,"Thomas"
797815,1766862,"Hannah Rae",4,"Bex"
797815,66791,"Anastasia Hille",5,"Lillian"
797815,1940675,"Donna Banya",6,"Kyla"
797815,1935438,"Catherine Terris",7,"Edith"
797815,3235432,"Charlie Rix",8,"Brian"
797815,3353571,"Julie Barclay",9,"Janet"
797815,3235433,"Elijah Richards",10,"Harry"
797815,2918680,"Antony Somers",11,"Benjamin"
797815,3119186,"Joe Bolland",12,"Freddie"
797815,1905127,"Lianne Harvey",13,"Amy"
797815,1912702,"Maxine Finch",14,"Bishop"
633811,1427205,"Alexandre Koberidze",0,"Ljowushka"
633811,1372896,"Lilith Stangenberg",1,"Octavia"
633811,2483444,"Alexander Herbst",2,"Jakob"
633811,680,"Corinna Harfouch",3,"Tante Erkentrud"
633811,1411011,"Andreas Döhler",4,"Dr. Humburg"
633811,1134670,"Daniel Hoesl",5,"Bonin"
633811,1897931,"Kyung-Taek Lie",6,"Algae collector"
633811,4996677,"Darja Lewin Chalem",7,"Rosa"
633811,2219227,"Mareike Beykirch",8,"Jewka"
633811,1897932,"Bruno Derksen",9,"Bruno"
633811,1897933,"Anton Gonopolski",10,"Eisenstein"
633811,4996679,"Ludwig Sporrer",11,"Pharmacist"
633811,2483443,"Michael Baute",12,"Bauer"
633811,2520741,"Markus Nechleba",13,"Turncoat worker"
633811,4996680,"Martin Hansen",14,"Hans"
532710,2072566,"Ryan Kiera Armstrong",0,"Charlie McGee"
532710,29222,"Zac Efron",1,"Andy McGee"
532710,1303156,"Sydney Lemmon",2,"Vicky McGee"
532710,2115,"Kurtwood Smith",3,"Dr. Joseph Wanless"
532710,154647,"Michael Greyeyes",4,"Rainbird"
532710,21369,"Gloria Reuben",5,"Captain Hollister"
532710,38571,"John Beasley",6,"Irv Manders"
532710,1776255,"Tina Jung",7,"Ms. Gardner"
532710,2663787,"Hannan Younis",8,"Darla Gurney"
532710,1564457,"Gavin MacIver-Wright",9,"Gavin"
532710,1470335,"Jeremy Ferdman",10,"Eyes Man"
532710,1512137,"Jamillah Ross",11,"Officer Pierce"
532710,2486728,"Morrissa Nicole",12,"Young Nurse"
532710,1888076,"Sheila Boyd",13,"Esmerelda 'Essi' Manders"
532710,2071059,"Darrin Maharaj",14,"News Reporter"
960258,1383391,"Holly Earl",0,"Nat"
960258,3498314,"Jack Trueman",1,"Tom"
960258,3498317,"Catherine Hannay",2,"Milly"
960258,2992825,"Malachi Pullar-Latchman",3,"Tyler"
960258,3498318,"Thomas Michael Flynn",4,"Greg"
960258,121546,"Manuel Cauchi",5,"Mexican Beggar"
960258,3531064,"Maxime Durand",6,"Street Cleaner"
960258,1554791,"Joshua Takacs",7,"Spring Breaker"
811656,6886,"Christina Ricci",0,"Laura"
811656,2116086,"Santino Barnard",1,"Cody"
811656,1070739,"Don Baldaramos",2,"Mr. Langtree"
811656,13023,"Colleen Camp",3,"Mrs. Langtree"
811656,37027,"Lew Temple",4,"Mr. Alonzo"
811656,1382011,"Carol Anne Watts",5,"Jane"
811656,2469623,"Peter Hodge",6,"Policeman"
811656,78336,"Nick Vallelonga",7,"Legionnaire"
811656,3029486,"Sally Elbert",8,"Grandmother"
811656,1512757,"Rachael Edlow",9,"Young Grandmother"
811656,1520043,"Philip V. Bruenn",10,"Hero"
811656,4129186,"Choi Hee-do",11,"Public officer"
852438,17497,"Romain Duris",0,"Rémi / Higurashi"
852438,82923,"Bérénice Bejo",1,"Nadia / Natsumi"
852438,223532,"Grégory Gadebois",2,"Philippe / Hosoda"
852438,583853,"Finnegan Oldfield",3,"Raphaël / Ken"
852438,1464589,"Matilda Lutz",4,"Ava / Chinatsu"
852438,2185414,"Raphaël Quenard",5,"Jonathan / Akira"
852438,1442550,"Luàna Bajrami",6,"Johanna"
852438,1977924,"Sébastien Chassagne",7,"Armel / Yamakoshi"
852438,145162,"Lyes Salem",8,"Mounir"
852438,2642340,"Simone Hazanavicius",9,"Romy"
852438,1826078,"Agnès Hurstel",10,"Laura"
852438,97086,"Charlie Dupont",11,"Fredo"
852438,3478370,"Raïka Hazanavicius",12,"Manon"
852438,1496508,"Jean-Pascal Zadi",13,"Fatih"
852438,1375678,"Lionel Cecilio",14,"L'accessoiriste"
959558,544096,"Sallie Harmsen",0,"Betriek"
959558,135944,"Alexandre Willaume",1,"Jonas"
959558,1276019,"Markoesa Hamer",2,"Sonja"
959558,28896,"Jack Wouterse",3,"Hans"
959558,43716,"Anneke Blok",4,"Elske"
959558,1490657,"Edon Rizvanolli",5,"Radu"
959558,78802,"Fred Goessens",6,"Roelof"
959558,231719,"Phi Nguyen",7,"Lennard"
959558,4153125,"Noor van der Velden",8,"Hanna"
959558,4255548,"Isabel Merbis",9,"Young Betriek"
959558,4255549,"Renske Van Toever",10,"Nurse"
959558,3724653,"Hansje van Welbergen",11,"Young Elske"
959558,4255550,"Anne Lage Venterink",12,"Young Feike"
959558,1282095,"Willemijn Kressenhof",13,"Dr. Mensinck"
959558,1969527,"Johan Fretz",14,"Edwin"
977994,557372,"Turner Clay",0,"Self"
852830,18980,"Katey Sagal",0,"Harper Dutch"
852830,1473432,"Abby Quinn",1,"Jordan Wilder"
852830,1902797,"Alexxis Lemire",2,"Leigh Blackhouse"
852830,26852,"Joshua Leonard",3,"Richie Rowley Jones"
852830,79795,"Shiloh Fernandez",4,"Caleb Crawford"
852830,3569783,"Alon McKlveen",5,"Hope"
852830,2090109,"Tadasay Young",6,"Interviewer"
852830,1860890,"Trina LaFargue",7,"Bartender"
852830,1940430,"Sailor Larocque",8,"Young Harper"
852830,1908462,"Clarke Wolfe",9,"Tammi"
780609,1498158,"Jessie Buckley",0,"Harper"
780609,139549,"Rory Kinnear",1,"Geoffrey"
780609,1611824,"Paapa Essiedu",2,"James"
780609,1782144,"Gayle Rankin",3,"Riley"
780609,1977143,"Sarah Twomey",4,"Police Officer Frieda"
780609,2478716,"Zak Rothera-Oxley",5,"Samuel"
780609,1457238,"Sonoya Mizuno",6,"Police Operator (voice)"
695962,1846859,"Kartik Aaryan",0,"Ruhaan Randhawa"
695962,1340978,"Kiara Advani",1,"Reet Rathore"
695962,55062,"Tabu",2,"Manjulika/Anjulika"
695962,35756,"Rajpal Yadav",3,"Chhote Pandit"
695962,85879,"Sanjay Mishra",4,"Bade Pandit"
695962,648087,"Rajesh Sharma",5,"Chacha"
695962,85657,"Ashwini Kalsekar",6,"Bade Pandit's Wife"
695962,128728,"Milind Gunaji",7,"Thakur Sa"
695962,86253,"Kali Prasad Mukherjee",8,"Debanshu Chatterjee"
695962,85659,"Govind Namdeo",9,"Tantrik"
695962,2226459,"Amar Upadhyay",10,"Uday Thakur"
695962,2505938,"Karamveer Choudhary",11,"Mukhiya"
695962,2264083,"Vyoma Nandi",12,"Rajjo"
695962,3567866,"Samarth Chauhan",13,"Potlu"
695962,3567867,"Neena Patel",14,"Naani"
961359,3194419,"Oliver Sim",0,"The Artist / The Phantom / The Monster"
961359,2160722,"Fehinti Balogun",1,"Seth the TV Host"
961359,1111432,"Kate Moran",2,"The Mum"
961359,2231204,"César Vicente",3,"The Beauty"
961359,2936867,"Bimini",4,"The Queen of Doom"
961359,2046757,"Jamie xx",5,"The Sound Guy"
961359,57460,"Jimmy Somerville",6,"The Guardian Angel"
961359,3515462,"Cameron Bell",7,"The Kid"
961359,3693501,"Yasmina Dexter",8,"The Producer"
961359,3711964,"Niamh Bennett",9,"The Heroic Assistant"
961359,3711965,"Sohail Al-Mahri",10,"The Heroic Assistant"
961359,3711966,"James Craven",11,"The Heroic Assistant"
819876,110,"Viggo Mortensen",0,"Saul Tenser"
819876,121529,"Léa Seydoux",1,"Caprice"
819876,100,"Scott Speedman",2,"Lang Dotrice"
819876,37917,"Kristen Stewart",3,"Timlin"
819876,1285153,"Welket Bungué",4,"Cope"
819876,20173,"Don McKellar",5,"Wippet"
819876,1301092,"Tanaya Beatty",6,"Berst"
819876,560316,"Nadia Litz",7,"Router"
819876,1558520,"Lihi Kornowski",8,"Djuna"
819876,1570760,"Denise Capezza",9,"Odile"
819876,3608092,"Efi Kantza",10,"Adrienne Berceau"
819876,2505581,"Jason Bitter",11,"Tarr"
819876,3577741,"Tassos Karahalios",12,"Klinek"
819876,3577739,"Sotiris Siozos",13,"Brecken"
819876,1262855,"Penelope Tsilika",14,"Beauty Spa Woman"
1014574,1153680,"Jessica Sonneborn",0,"Kate / Maggie"
1014574,146837,"Michael McLafferty",1,"Tommy"
1014574,94171,"Paulie Redding",2,"Lauren"
1014574,1014696,"Augie Duke",3,"Brittany"
1014574,1569538,"Casey Reinhardt",4,"Brooke"
1014574,104469,"Sita Young",5,"Tina"
1014574,149468,"Ryan Bittle",6,"Mr. Reed"
1014574,21723,"Robert Baker",7,"Ronnie"
1014574,46927,"Josh Hammond",8,"Ray Ray"
1014574,1128775,"Kevin DiNovis",9,"Janitor"
1014574,111518,"Devon Graye",10,"Tyler"
1014574,1569855,"Eric McIntire",11,"Randy"
1014574,63465,"Marieh Delfino",12,"Amanda"
1014574,1215374,"Lamont Thompson",13,"Detective Viglietta"
1014574,1212906,"Marsha Clark",14,"Coach Stewart"
983507,1971741,"Gard Løkke",0,"Christian Iversen"
983507,3574564,"Katrine Lovise Øpstad Fredriksen",1,"Sigrid"
983507,2439530,"Amalie Willoch Njaastad",2,"Aurora"
983507,2632336,"Nicolai Narvesen Lied",3,"Frank"
983507,2632337,"Viljar Bøe",4,"Jens Christian Ebeltoft (uncredited)"
983507,2455180,"Marie Waade Grønning",5,"Johanne Binder (uncredited)"
959439,1412420,"Yuri Tsunematsu",0,"Tsutsumi Haruna"
959439,146869,"Eriko Sato",1,"Hayama Sumiko"
959439,1182806,"Miyu Honda",2,"Miyazaki Asuka"
959439,3060622,"Riko",3,"Matsui Miki"
959439,3179061,"Raiga Terasaka",4,"Iida Daisuke"
959439,2511937,"Rui Kihara",5,"Kishi Shota"
959439,1736365,"Tateto Serizawa",6,"Hanamura Takashi"
959439,3626664,"Taki Nanami",7,"Hayama Rin"
959439,1593579,"Yui Segizawa",8,"Ozono Aoi"
959439,551502,"Masahiro Noguchi",9,""
959439,3695085,"Mamoru Tsubouchi",10,""
899294,3313154,"Billy Budinich",0,"Frank"
899294,2442126,"Caylee Cowan",1,"Penelope"
899294,51670,"Johnathon Schaech",2,"Chisos"
899294,98400,"Brian Maillard",3,"Cleve"
899294,1811895,"Sydney Scotia",4,"Molly"
899294,6863,"Kevin Dillon",5,"Sheriff"
899294,72442,"Donna D'Errico",6,"Mabel"
899294,54789,"Sean Patrick Flanery",7,"Club Manager"
899294,7401,"Lin Shaye",8,"Ophelia"
899294,78342,"Cherilyn Wilson",9,"Becky"
899294,1246891,"Charley Koontz",10,"Cookie"
899294,155625,"Sonya Eddy",11,"Nurse"
899294,1535487,"Mike Bash",12,"Chad"
899294,3313152,"Jade Lorna Sullivan",13,"Magda"
899294,3313155,"Raymond Abel",14,"Orderly"
869399,1637068,"Ramiro Blas",0,"Blasco"
869399,25911,"Cecilia Suárez",1,"Mariela"
869399,1561072,"Paula Gallego",2,"Marta"
869399,438798,"Cristina Alcázar",3,"Lidia"
869399,2948836,"Vasileios Papatheocharis",4,"Maximo"
869399,2757971,"Carmen Ibeas",5,"Modelo"
869399,3759468,"Yao Yao",6,"Coco"
869399,1679850,"Niko Verona",7,"Mike"
858015,2308790,"Annie Hardy",0,"Annie Hardy"
858015,1616920,"Amar Chadha-Patel",1,"Stretch"
858015,3233142,"Angela Enahoro",2,"Angela"
858015,1544739,"Seylan Baxter",3,"Seylan"
858015,2215526,"James Swanton",4,"The Parasite"
858015,1929089,"Caroline Ward",5,"The Bride"
858015,1824295,"Jemma Moore",6,"Gemma"
858015,2929718,"Mogali Masuku",7,"Angela's Mother"
858015,1929090,"Haley Bishop",8,"Airport Announcer (voice)"
858015,2525892,"Emma Louise Webb",9,"Flight Attendant"
858015,1929091,"Radina Drandova",10,"Emergency Responder"
858015,2989856,"Faith Kiggundu",11,"Young Angela"
858015,2706899,"Edward Linard",12,"The Groom"
858015,1714861,"Joshua Higgott",13,"Restaurant Manager"
839678,1213395,"Brianne Tju",0,"Ever"
839678,2909582,"Ali Gallo",1,"Tamra"
839678,2115351,"Benjamin Wadsworth",2,"Randall"
839678,1944274,"Drew Scheid",3,"Steven"
839678,1444726,"Lo Graham",4,"Jacey"
839678,1619544,"C.J. LeBlanc",5,"Hunt"
839678,231241,"Uriah Shelton",6,"Danny"
839678,1046665,"Joshua Mikel",7,"Chip / Iron Maiden"
839678,112268,"Peter Giles",8,"Mr. Lorenzo"
839678,1438287,"Blake Burt",9,"Ryan"
839678,3122789,"Dana Wing Lau",10,"Ever's Mom"
839678,3070046,"Angel Lia Spitale",11,"Juniper"
839678,1463665,"Tony Donno",12,"Wayne / Bus Driver"
839678,1011107,"Emma Fitzpatrick",13,"MS Operative"
839678,3576436,"Traysion Wilburn",14,"Growth Spurt"
807356,1094091,"Maika Monroe",0,"Julia"
807356,1327613,"Karl Glusman",1,"Francis"
807356,39659,"Burn Gorman",2,"Watcher"
807356,2259660,"Mãdãlina Anea",3,"Irina"
807356,2395218,"Gabriela Butuc",4,"Flavia"
807356,1739188,"Cristina Deleanu",5,"Eleonora"
807356,134841,"Ștefan Iancu",6,"Sebastian"
807356,62504,"Florian Ghimpu",7,"Officer Radu"
807356,3395099,"Flaviu Crisan",8,"Simion"
807356,555538,"Ioana Abur",9,"Simion's Wife"
807356,2408972,"Alexandru Ion",10,"Nicolae"
807356,1672171,"Aida Economu",11,"Lucia"
807356,1356461,"Bogdan Farcaș",12,"Neighbor"
807356,1452936,"Tudor Petruț",13,"Taxi Driver"
807356,3395100,"Lucian Ionescu",14,"Maintenance Worker"
851972,2402029,"Cooper Koch",0,"Benjamin"
851972,3566561,"Jose Colon",1,"Dom"
851972,20089,"Jena Malone",2,"Alice"
851972,62018,"Mark Patton",3,"Rich"
851972,2822324,"Roe Pacheco",4,"Border Patrol Agent"
851972,3644252,"Michael Shawn Curtis",5,"Randy Redneck"
851972,4002770,"Hannah Perry",6,"Dee"
851972,3972049,"Thee Suburbia",7,"Self"
931346,78433,"Ryan Hansen",0,"Adam"
931346,212778,"Melissa Tang",1,"Margo"
931346,1493433,"Timothy Granaderos",2,"Tom"
931346,1869253,"Perry Mattfeld",3,"Sasha"
931346,45422,"Tipper Newton",4,"Teeny"
931346,1633868,"Barry Rothbart",5,"Frank"
931346,3103811,"Kalo Moss",6,"Dylan"
931346,1187890,"Avital Ash",7,"Brooke"
931346,162621,"Judy Kain",8,"Barbara"
931346,177623,"Matthew Kimbrough",9,"Mr. Burke"
931346,1356010,"Allan McLeod",10,"Phil"
931346,1598900,"Zeke Nicholson",11,"Ryan"
931346,19281,"Claudia Choi",12,"Lily"
931346,1452853,"Christopher Chen",13,"Neil"
931346,3697208,"Keziah Wall",14,"Female Twin"
982543,1522345,"Jocelyn Hudon",0,"Emma"
982543,1243099,"Grace Van Dien",1,"Scarlett"
982543,52262,"Sean Maguire",2,"Thorn"
982543,1833918,"Pauline Dyer",3,"Kate"
982543,6804,"Graham Greene",4,"Bullseye"
982543,3042038,"Alix Villaret",5,"Tatiana"
982543,1368537,"Michael P. Northey",6,"Frank"
982543,1834752,"Julie Lynn-Mortensen",7,"Brenda"
982543,1632954,"Trevor Lerner",8,"Carl"
982543,151975,"Christopher Russell",9,"Marcus"
982543,1966451,"Payton Lepinski",10,"Young Scarlett"
964873,1448874,"Josh Ruben",0,"Bruce Ernst"
964873,62910,"Sarah Lind",1,"Meredith Tanning"
964873,1696576,"Malin Barr",2,"Kate Horna"
964873,2800995,"Katie Kuang",3,"Leonora"
964873,2259665,"Tanya Everett",4,"Wendy"
964873,3514388,"Laksmi Hedemark",5,"Julia"
964873,2155218,"Marshall Taylor Thurman",6,"The Red Owl"
964873,1359355,"Neal Mayer",7,"The Auctioneer"
964873,1428966,"Nikki James",8,"The Therapist"
964873,1775352,"Leandro Taub",9,"Marcel Champ"
980605,2938344,"Michael Hoad",0,"Van Helsing"
980605,2528635,"Darrell Griggs",1,"Igor"
980605,3254594,"Antonia Whillans",2,"Ellie"
980605,2536384,"Abi Casson Thompson",3,"Shauna"
980605,3323801,"Elspeth Foster",4,"Briony"
980605,3320201,"Beatrice Fletcher",5,"Alex"
980605,2629292,"Mark Sears",6,"Tenebris"
980605,2438349,"Richard Harfst",7,"Leonard"
980605,1573656,"Kate Sandison",8,"Frances"
980605,1663841,"Harrison Thomas Boxley",9,"Demon"
657826,134466,"Paul Hilton",0,"Albert"
657826,3497434,"Romane Hemelaers",1,"Mia"
657826,6979,"Romola Garai",2,"Céleste"
657826,1379277,"Alex Lawther",3,"Laurence"
657826,88808,"Peter van den Begin",4,"The Stranger"
657826,2455363,"Anastasia Robin",5,"Marie"
657826,140493,"Michaël Pas",6,"The Dentist"
657826,578936,"Isabelle De Hertogh",7,"The Concierge"
657826,129935,"Marie Bos",8,"The Receptionist"
756999,2803710,"Mason Thames",0,"Finney"
756999,1530558,"Madeleine McGraw",1,"Gwen"
756999,569,"Ethan Hawke",2,"The Grabber"
756999,4654,"Jeremy Davies",3,"Terrence"
756999,41020,"E. Roger Mitchell",4,"Detective Wright"
756999,1694113,"Troy Rudeseal",5,"Detective Miller"
756999,3586928,"Miguel Mora",6,"Robin"
756999,3267288,"Tristan Pravong",7,"Bruce"
756999,3013234,"Brady Hepner",8,"Vance"
756999,5296,"James Ransone",9,"Max Shaw"
756999,3609422,"Rebecca Clarke",10,"Donna"
756999,2706071,"J. Gaven Wilde",11,"Moose"
756999,3053619,"Spencer Fitzgerald",12,"Buzz"
756999,3053618,"Jordan Isaiah White",13,"Matty"
756999,3053615,"Brady Ryan",14,"Matt"
916735,81295,"Shane West",0,"Tom Levin"
916735,1429010,"Sarah Hay",1,"Marie Verdin"
916735,6905,"Bruce Dern",2,"Emil Larson"
916735,32747,"Stephen Lang",3,"Frederick Banner"
916735,543193,"Vanessa Williams",4,"Beverly Gordon"
916735,1712275,"Annapurna Sriram",5,"Officer Raquel Dorado"
916735,1866823,"Ellen Toland",6,"Joanne Waxtan"
916735,60668,"Bill Chott",7,"Dr. Volker"
916735,1181347,"Chelsea Gilligan",8,"Dr. Alice Dodgson"
916735,1571407,"Sonja O'Hara",9,"Kerri Brenan"
916735,1843514,"Emmy Perry",10,"Hannah"
916735,1074677,"Jonnie Park",11,"Sgt. Choe"
916735,2519364,"Sebastian Quinn",12,"Graham Verdin"
916735,3572031,"Rachele Royale",13,"Banner Wife"
916735,1658437,"Daniel V. Graulau",14,"Delivery Guy"
880841,34847,"Emma Roberts",0,"Sara"
880841,17487,"John Gallagher Jr.",1,"Alex"
880841,335,"Michael Shannon",2,"Renner"
880841,1387671,"Kate Arrington",3,"Cindy"
880841,3610970,"Marie May",4,"Infant Liam"
880841,1390421,"Addy Miller",5,"Anna Solomon"
880841,13925,"Paul Dillon",6,"Harrington"
880841,1213245,"Justin Matthew Smith",7,"Robert Solomon"
880841,15684,"Paul Schneider",8,"Dr. Carver"
880841,3274610,"Christian Michael Pates",9,"Feral Boy"
880841,3610976,"Paxton Pope",10,"Feral Boy"
880841,3610977,"Graham Dean",11,"Young Liam"
880841,3610978,"Carter Matthews",12,"Young Renner"
884882,3270636,"Caito Aase",0,"Angie Pitarelli"
884882,3270640,"Shaina Schrooten",1,"Sally Mewbourne"
884882,1776160,"Bishop Stevens",2,"Ray"
884882,3270641,"Phil Bogdan",3,"Asmodeus"
884882,3270642,"Buzz Leer",4,"Wallace"
884882,3270643,"Sammy DelPurgatorio",5,"David"
934194,3410292,"Tasiana Shirley",0,"Maika"
934194,5599953,"Alexis Vincent-Wolfe",1,"Jesse"
934194,3410293,"Nalajoss Ellsworth",2,"Uki"
934194,3411602,"Chelsea Prusky",3,"Leena"
934194,3411603,"Frankie Vincent-Wolfe",4,"Aju"
934194,55589,"Shaun Benson",5,"Officer Lefebvre"
934194,1309774,"Kristian Bruun",6,"Tony Konk"
934194,1525311,"Melissa Hood",7,"News Anchor"
934194,3311454,"Amelie Albert-LeBlanc",8,"Police operator (voice)"
934194,97299,"Natar Ungalaaq",9,"Fisherman"
934194,3601240,"Paulette Metuq",10,"Officer Peters"
934194,3601242,"Niviaq Mike",11,"Young Maika"
934194,3601243,"Janice Alivaktuk",12,"Tanya"
934194,3601245,"Nikita Burke",13,"Alashua"
934194,3601248,"Evan Innuksuk",14,"Elijah"
848818,77996,"Asa Butterfield",0,"Billy Rubin"
848818,1011904,"Gwendoline Christie",1,"Jan Stevens"
848818,235125,"Ariane Labed",2,"Lamina Propria"
848818,1102366,"Fatma Mohamed",3,"Elle di Elle"
848818,1118662,"Makis Papadimitriou",4,"Stones"
848818,19903,"Richard Bremmer",5,"Dr. Glock"
848818,29237,"Leo Bill",6,"Technical Assistant Wim"
848818,1041390,"Harry Alexander",7,"Police Force"
848818,2783598,"Paolo Bafico",8,"Police Force"
848818,1568244,"Pietro Greppi",9,"Police Force"
848818,1883786,"Noko",10,"Sonic Catering Patron"
848818,2969829,"Deborah Griffin",11,"Sonic Catering Patron"
848818,4751971,"Ruth Sampson",12,"Sonic Catering Patron"
848818,2969847,"Justin Turner",13,"Sonic Patron"
848818,4752230,"Ginger Brunton",14,"Fan"
528594,1841132,"Anna Platen",0,"Eva Ziehnagel"
528594,1841129,"Jeff Wilbusch",1,"Gregor Grause"
528594,2058731,"Luisa Taraz",2,"Margot Menliff /Lilith Tarenbach"
528594,1451698,"Frederik von Lüttichau",3,"Dieter Menliff / Klaus Moltke"
528594,1591549,"Robert Nickisch",4,"Rolf"
528594,2058733,"Bill Becker",5,"Sandwich"
528594,2058734,"Elena Gómez Álvarez",6,"Marion"
528594,2058735,"Max Cramer",7,"Bernd"
893338,2026050,"Emmy Raver-Lampman",0,"Samantha"
893338,1989568,"Jim Mahoney",1,"Paul"
893338,1461038,"Jon Bass",2,"Cliff"
893338,1531586,"Sarunas J. Jackson",3,"Dominic"
893338,444211,"Shelley Hennig",4,"Alice"
893338,110928,"Nancy Linehan Charles",5,"Sheila"
893338,56358,"Patricia Belcher",6,"Virginia"
893338,64343,"John Ales",7,"Andre"
893338,1214816,"Amy Davidson",8,"Briana"
893338,2128704,"Casey Mills",9,"Rey"
893338,1182729,"Kate Cobb",10,"Caroline"
893338,2455034,"Jeffrey Larson",11,"Brian"
893338,1204264,"Menik Gooneratne",12,"Nicole"
893338,223124,"Ellen Wroe",13,"Claire Sullivan"
893338,1542712,"Tony Nunes",14,"Frumpy Guy"
854881,1582326,"Natalie Martins",0,"Jone Farepoynt"
854881,1857869,"Derek Nelson",1,"Angel of Death / Guard 2"
854881,2215526,"James Swanton",2,"Solomon"
854881,123428,"Greg Draven",3,"Bartholomew Greystock"
854881,1429476,"Tessa Wood",4,"Mildred Pedrick"
854881,1627752,"Rory Wilton",5,"King Edward"
854881,1617332,"Jake Watkins",6,"Geoffrey"
854881,1874433,"Tim Cartwright",7,"Richard"
854881,2340135,"Grace Blackman",8,"Queen Elizabeth"
854881,2308650,"Emma Spurgin Hussey",9,"Mistress Blythe"
854881,2731008,"Reece Connolly",10,"Isaac Crawgyll"
854881,3175115,"Jaime Seal",11,"Mayhew"
854881,3175056,"Jay O'Connell",12,"Perkin"
854881,3175058,"Richard Rowden",13,"Henry Pedrick"
854881,3175116,"Paul Mansell",14,"Ralph Farepoynt"
964856,1432221,"Paul Cottman",0,""
964856,2815700,"Michael Cervantes",1,""
964856,3514305,"Peter Cote",2,""
964856,3514307,"Quinn Andrew Fickes",3,""
964856,3514308,"Selina Flanscha",4,""
964856,3514309,"Emma Lim",5,""
964856,3514310,"Asher Ruppert",6,""
964856,3514312,"Riley Sullivan",7,""
988165,1541465,"Portia Chellelynn",0,"Alice Gilman"
988165,1685824,"Julie Anne Prescott",1,"Tommi"
988165,1357027,"Andrea Collins",2,"Keziah Mason"
988165,3273778,"Erin Trimble",3,"Kelly"
988165,2655437,"Solon Tsangaras",4,"Brown Jenkin"
988165,3590008,"John Johnson",5,"Professor Sherfick"
988165,1244183,"Lee Hale",6,"Demon"
988165,4250574,"Tom Alvarez",7,"Dr. Harmon"
988165,1670724,"Bobby Easley",8,"Doctor's Officer"
988165,3590009,"Shonda Laverty",9,"Etta"
988165,3590010,"Bill Levin",10,"Vespuli"
988165,3590011,"Joe Padgett",11,"Joe"
988165,4200658,"Andrew Hutchinson",12,"Drew"
955569,3483784,"Mathieu Berger",0,"Alex"
955569,3483785,"Thalia Besson",1,"Samantha"
955569,3483786,"Yann Mendy",2,"Jean"
955569,2223328,"Jade Pedri",3,"Renata"
955569,2450440,"Marceau Ebersolt",4,"Dominique"
955569,3483789,"Vadim Agid",5,"Maxime"
955569,2545763,"Lola Andreoni",6,"Mathilde"
955569,2515670,"Mikaël Halimi",7,"Douglas"
955569,62452,"Ludovic Berthillot",8,"Le Gardien"
955569,3764939,"Nacim Beliouz",9,"Momo"
955569,3764940,"Sanny Tahraoui",10,"Pilou"
955569,2545856,"William Gay",11,"Gendarme"
955569,1909226,"Didier Manuel",12,"Maltazard"
955569,3764941,"Nabi Toure",13,"Guerrier Bogo #1"
955569,3146135,"Abdoulaye Dembele",14,"Guerrier Bogo #2"
852437,1460731,"Camille Razat",0,"Louise Wilmens"
852437,109472,"Olivier Barthélémy",1,"Théo Liblis"
852437,20285,"Féodor Atkine",2,"Père Sylvain"
852437,2024088,"Dylan Robert",3,"Elias"
852437,1295194,"Anaël Snoek",4,"Laurence"
852437,1098229,"Bruno Debrandt",5,"Bruno"
852437,2269769,"Roberto Calvet",6,"Guillaume (interne/électricien)"
852437,130453,"Nicolas Grandhomme",7,"Daniel (le chef de service)"
852437,5793762,"Malika Mokadem",8,"Malika (la laborantine)"
852437,5793763,"Karen Depaule",9,"Caissière supermarché"
852437,1109786,"Cyril Brunet",10,"Francky (le mec du bar)"
852437,1865811,"Mourad Tahar Boussatha",11,"Interne morgue"
852437,5793740,"Ludivine Chassang-Bestion",12,"Odile Touati (patiente)"
852437,5793741,"Sébastien Cogan",13,"Karim El Khoury (patient)"
852437,5793743,"Aurélie Mottin",14,"Laura Moretti (patiente)"
992090,138860,"Jamie Bernadette",0,"Colonel Ramirez"
992090,3020902,"DeAngelo Davis",1,"Sergeant Ajax"
992090,2837205,"Kahlo De Jesus Buffington",2,"Corporal Higgins"
992090,2522905,"Alissa Filoramo",3,"Carrie"
992090,3601685,"Eric Guilmette",4,"Captain Visitch"
992090,21315,"Eric Roberts",5,"General Greer"
992090,3280695,"Miranda Meadows",6,"Jerry"
992090,1155659,"Jack Pearson",7,"Major Tanner"
992090,2238237,"Nicole Starrett",8,"Grace"
992090,1982153,"Jenny Tran",9,"Lieutenant Richardson"
992090,3575781,"Azeem Vecchio",10,"Lt. Peters"
992090,1285665,"Sarah French",11,""
990982,19148,"Brian Austin Green",0,"John Dunbar"
990982,1691341,"Makena Taylor",1,"Sadie"
990982,2090369,"Acoryé White",2,"Trevor Bentel"
990982,3502913,"David Valdes",3,"Miguel"
990982,3607763,"Julia Quang",4,"Genesis"
990982,147382,"Eve Mauro",5,"Kim"
990982,2683,"Glenn Plummer",6,"Security Guard"
988253,78907,"Brandon Vera",0,"Emon"
988253,1030985,"Joey Marquez",1,"Oscar"
988253,2201906,"Ricci Rivero",2,"Paolo"
988253,3689794,"Freya Fury Montierro",3,"Jane"
988253,3354296,"Mary Jean Lastimosa",4,"Sheryl"
988253,1497542,"Pepe Herrera",5,"Timoy"
988253,3689796,"Jema Galanza",6,"Hazel"
988253,3689797,"Yohance Levi Buie",7,"David"
988253,1523019,"Shermaine Santiago",8,"Frida"
988253,1386931,"Jovit Moya",9,"Jovit"
988253,1375549,"James Lomahan",10,"Peter"
988253,3720472,"Aileen Sahibad",11,"Linda"
988253,1296567,"Jack Falcis",12,"Neighbor"
988253,2774671,"Evangeline Torcino",13,"Neighbor"
988253,3003393,"Bongjon Jose",14,"Neighbor"
982317,1854123,"Chloe Brooks",0,"Hannah"
982317,8179,"Edward Finlay",1,"Dylan"
982317,1454355,"Ed Morrone",2,"Marcus Greco"
982317,1158352,"Anita Leeman",3,"Rachel"
982317,1569175,"Dave Baez",4,"Stephen"
982317,1465478,"J. Kristopher",5,"Detective Rios"
786535,1694474,"Caitlin Halderman",0,"Ambar"
786535,1202392,"Taskya Namya",1,"Rina"
786535,2425563,"Junior Roberts",2,"Arthur"
786535,2159188,"Shandy William",3,"Agus"
786535,1454164,"Tanta Ginting",4,"Yudi"
786535,2248094,"Jovarel Callum",5,"Dika"
786535,1960981,"Sonia Alyssa",6,"Ivanna van Dijk"
786535,1645600,"Yayu Unru",7,"Grandpa Farid"
786535,1157513,"Rina Hassim",8,"Grandma Ida"
786535,1265758,"Yati Surachman",9,"Grandma Ani"
786535,2095812,"Kaan Lativan",10,"Saiful"
786535,2798042,"Hiroaki Kato",11,"Matsuya"
786535,1323506,"Kenes Andari",12,"Wati"
730167,1521222,"Teressa Liane",0,"Nic"
730167,1652045,"Ann Truong",1,"Jodie"
730167,3124270,"Saskia Archer",2,"Annie"
730167,1908399,"Kate Lister",3,"Lisa"
730167,3639276,"Bridget Burt",4,"Cass"
730167,2199529,"Tim Ross",5,"Greg"
730167,2798345,"Wendy P. Mocke",6,"Tara"
730167,3639277,"Eva Mocke-Kanaki",7,"Demi"
730167,3639278,"Sophie Naime",8,"Betty"
730167,3639279,"Barney Ling",9,"Winston"
730167,1476962,"Steve Daddow",10,"Motorcycle Rider"
993867,3626098,"Awni Abdi-Bahri",0,"Samantha Kamali"
993867,1490131,"Christian Masters",1,"Todd Plank"
993867,1364292,"Harry Aspinwall",2,"David Baldwin"
993867,3338866,"Ross Cowan",3,"Fleeing Man"
993867,4170187,"Claudia Minor Troyer",4,"Fleeing Woman"
993867,4170188,"Stefan Sirucek",5,"Newscaster (voice)"
982752,1563266,"Jorge Lendeborg Jr.",0,"JP"
982752,974169,"Jenna Ortega",1,"Camila"
982752,141432,"Allen Maldonado",2,"Big Mac"
982752,2342629,"Yumarie Morales",3,"Lily"
982752,188347,"Jorge Diaz",4,"Chris"
982752,2526049,"Bella Wholey Ortiz",5,"Micah"
982752,58115,"Eric Dane",6,"Eddie"
982752,16841,"Brett Cullen",7,"Harper Finn"
982752,3761488,"Joseph Avery",8,"James"
982752,2814917,"Catherine McCafferty",9,"Cynthia"
982752,1788162,"Andrew Kaempfer",10,"Bruce"
982752,1278315,"Ileana Wilson",11,"Greta"
982752,3123189,"Suni Reyes",12,"Emilia"
982752,1824301,"Freddy Carter",13,"Scott"
982752,2371207,"Cristian Paredes",14,"Antonio"
852485,2506,"Alice Krige",0,"Veronica"
852485,1879398,"Kota Eberhardt",1,"Desi"
852485,56890,"Malcolm McDowell",2,"Hathbourne"
852485,4757,"Rupert Everett",3,"Tirador"
852485,121721,"Amy Manson",4,"Lois"
852485,1819918,"John McCrea",5,"Ansel"
852485,933272,"Olwen Fouéré",6,"Jean"
852485,3072,"Daniel Lapaine",7,"Keith"
852485,28477,"Jonathan Aris",8,"Podrick Lochran"
852485,997569,"Kenneth Collard",9,"Derek"
852485,1536979,"Joanna Bacon",10,"Audrey"
852485,1409655,"Jack Greenlees",11,"Owen"
852485,3490667,"Layla Burns",12,"Young Veronica"
852485,3584264,"Apple Yang",13,"Azumi"
852485,1269480,"Fiz Marcus",14,"Joy"
762504,206919,"Daniel Kaluuya",0,"OJ Haywood"
762504,74688,"Keke Palmer",1,"Emerald Haywood"
762504,1602972,"Brandon Perea",2,"Angel Torres"
762504,7486,"Michael Wincott",3,"Antlers Holst"
762504,215055,"Steven Yeun",4,"Ricky 'Jupe' Park"
762504,205772,"Wrenn Schmidt",5,"Amber Park"
762504,65827,"Keith David",6,"Otis Haywood Sr."
762504,111518,"Devon Graye",7,"Ryder Muybridge"
762504,236696,"Terry Notary",8,"Gordy"
762504,2340185,"Barbie Ferreira",9,"Nessie"
762504,50234,"Donna Mills",10,"Bonnie Clayton"
762504,90609,"Osgood Perkins",11,"Fynn Bachman"
762504,1898,"Eddie Jemison",12,"Buster"
762504,3494334,"Jacob Kim",13,"Young Ricky 'Jupe' Park"
762504,2000341,"Sophia Coto",14,"Mary Jo Elliot"
939914,133212,"Ryan Kwanten",0,"Wes"
939914,18999,"J.K. Simmons",1,"Ghat (voice)"
939914,1704655,"Sylvia Grace Crim",2,"Brenda"
939914,2767639,"Andre Lamar",3,"Gary C."
939914,3237965,"Tordy Clark",4,"Sharon The Trucker"
939914,3668706,"Sarah Clark",5,"Blonde Woman at Party"
939914,3668179,"Katie Bacque",6,"The Bear"
816977,2377344,"Theo Germaine",0,"Jordan"
816977,4724,"Kevin Bacon",1,"Owen Whistler"
816977,2035185,"Quei Tann",2,"Alexandra"
816977,2048370,"Austin Crute",3,"Toby"
816977,2296600,"Monique Kim",4,"Veronica"
816977,1441215,"Anna Lore",5,"Kim"
816977,2402029,"Cooper Koch",6,"Stu"
816977,3255405,"Darwin del Fabo",7,"Gabriel"
816977,1474146,"Hayley Griffith",8,"Sarah"
816977,34612,"Anna Chlumsky",9,"Molly"
816977,7465,"Carrie Preston",10,"Cora Whistler"
816977,2024835,"Boone Platt",11,"Zane"
816977,1301772,"Mark Ashworth",12,"Balthazar"
816977,3359299,"Noëlle Cameron",13,"Amy"
816977,1656647,"Janelle Beaudry",14,"Figure"
805473,76103,"Allan Hawco",0,"John Hawkins"
805473,999449,"Emily Alatalo",1,"Meg Fullbright"
805473,190922,"Wesley French",2,"Jacob Redgrave"
805473,104635,"Natalie Brown",3,"Linda Parsons"
805473,1545865,"Adam Kenneth Wilson",4,"Cole Parsons"
805473,2897606,"Mary Antonini",5,"Connie Parks"
805473,4300267,"Elisa Paszt",6,"Amy Lafoy"
805473,81248,"Alex Lifeson",7,"Alex"
805473,3209971,"Ava Weiss",8,"Isabelle Parsons"
760161,77517,"Isabelle Fuhrman",0,"Esther / Leena"
760161,12041,"Julia Stiles",1,"Tricia Albright"
760161,58014,"Rossif Sutherland",2,"Allen Albright"
760161,60719,"Hiro Kanagawa",3,"Detective Donnan"
760161,2563029,"Matthew Finlan",4,"Gunnar Albright"
760161,3623133,"Samantha Walkes",5,"Dr. Segar"
760161,55616,"David Lawrence Brown",6,"Dr. Novotny"
760161,1923452,"Lauren Cochrane",7,"Officer Leahy"
760161,2404548,"Gwendolyn Collins",8,"Anna"
760161,1661385,"Kristen Sawatzky",9,"Federica"
760161,1849155,"Jeff Strome",10,"Lobby Guard"
760161,1896596,"Andrea del Campo",11,"Betsy"
760161,2537199,"Alec Carlos",12,"Mike"
760161,1701243,"Alicia Johnston",13,"Karen"
760161,3671057,"Liam Stewart-Kanigan",14,"Dude 1"
938600,1476834,"Josephine Park",0,"Maja"
938600,220290,"Ellie Kendrick",1,"Leah"
938600,1564,"Sofie Gråbøl",2,"Chana"
938600,93236,"David Dencik",3,"Lev"
938600,1388458,"Lado Hadzic",4,"Tailor"
938600,1151822,"Katrine Jensenius",5,"Neighbor"
938600,2660596,"Hana Shuan",6,"Butcher"
938600,1441839,"Zeev Sevik Perl",7,"Baker"
938600,5032221,"Filippa Marcella Olesen Olsson",8,"Rochel"
938600,5032222,"Elinor Znaider",9,"Young Leah"
945840,64856,"Michael Jai White",0,"Boss"
945840,228371,"Chad Michael Collins",1,"Ajax"
945840,20495,"Jeff Fahey",2,"Master Chief"
945840,1182531,"Whitney Nielsen",3,"Goodman"
945840,2052540,"Antuone Torbert",4,"Ton"
945840,1875337,"Tarkan Dospil",5,"Danner"
945840,85819,"J. Michael Weiss",6,"Sinclair"
945840,1589489,"James Markham Hall Jr.",7,"Creature"
945840,3729744,"Houston Ereckson",8,"Hawk"
945840,5119697,"Phoenix Beach",9,"Infected"
945840,5119699,"Tracy Beach",10,"Infected"
945840,5119700,"Christopher Allen Boyd",11,"Infected"
945840,5119702,"Amanda Brock",12,"Infected"
945840,5119703,"Dave Brock",13,"Infected"
945840,5119704,"Dylan Cox",14,"Infected"
872497,15556,"Rebecca Hall",0,"Margaret"
872497,3129,"Tim Roth",1,"David"
872497,1366083,"Grace Kaufman",2,"Abbie"
872497,6183,"Michael Esper",3,"Peter"
872497,1478924,"Angela Wong Carbone",4,"Gwyn"
872497,149724,"Winsome Brown",5,"Tess"
872497,1480514,"Josh Drennen",6,"Officer Geary"
872497,130843,"Rosemary Howard",7,"Desk Clerk"
872497,1517536,"Jaime Zevallos",8,"Driver"
872497,3080602,"Patrick Klein",9,"Biomatix Executive"
872497,3574578,"Bradley Lewis",10,"BioMatix Employee"
872497,2039445,"Rocco Palmieri",11,"Employee #9"
872497,2765089,"Oliver Comstock Reynolds",12,"Locksmith"
872497,3574583,"Zarra Kaahn",13,"Amanda"
872497,3574585,"Jackson Finnegan",14,"Ben"
925786,1154466,"Tara Basro",0,"Rini Suwono"
925786,581687,"Endy Arfian",1,"Toni Suwono"
925786,1873239,"Nasar Anuz",2,"Bondi Suwono"
925786,562217,"Bront Palarae",3,"Bahri Suwono"
925786,1873242,"Ayu Laksmi",4,"Mawarni Suwono / Raminom"
925786,1873241,"M. Adhiyat",5,"Ian Suwono"
925786,2135392,"Muzakki Ramdhan",6,"Wisnu Hendrawan"
925786,1150391,"Ratu Felisha",7,"Tari Daryati"
925786,1826693,"Fatih Unru",8,"Ari Gunawan"
925786,2435471,"Moh Iqbal Sulaiman",9,"Darto Suhaimi"
925786,1571463,"Egi Fedly",10,"Budiman Syailendra"
925786,2419617,"Jourdy Pranata",11,"Dino Suhendar"
925786,3612935,"Nafiza Fatia Rani",12,"Wina Endarti"
925786,2138500,"Kiki Narendra",13,"Ustaz Mahmud"
925786,1202659,"Rukman Rosadi",14,"Heru Kusuma"
833384,76820,"Marina Foïs",0,"Maja"
833384,22306,"Kad Merad",1,"Thierry"
833384,1496508,"Jean-Pascal Zadi",2,"Blaise"
833384,1982412,"Christine Gautier",3,"Eugénie"
833384,2664664,"Ludovic Torrent",4,"Narrateur/Sébastien"
833384,2581187,"Philippe Prévost",5,"Gérant Aquapark"
833384,3410576,"Jean Boronat",6,"Ruben"
833384,3647601,"Jean-Jacques Bernede",7,"Dominique"
833384,3647602,"Patrice Séraphine",8,"Chef vigie requin"
833384,3647603,"Anwar el Kadi",9,"Glacier"
833384,3647604,"Joël Artigues",10,"Nageur"
833384,3647605,"Paul Alleaume",11,"Jumeau au gros nez"
833384,3647606,"Quentin Alleaume",12,"Jumeau au gros nez"
833384,3647607,"Loïc Richard",13,"Maire"
833384,3647609,"Floriane Labaye",14,"Manutentionnaire"
768447,1649898,"Lora Burke",0,"Kate"
768447,2860562,"Tessa Kozma",1,"Beth"
768447,2531837,"Kristen MacCulloch",2,"Mary"
768447,1196611,"Nick Smyth",3,"Lewis"
768447,1020684,"Colin Paradine",4,"Hal"
768447,2869642,"Angel Gallego",5,"Courtenay"
768447,1445600,"Laura Tremblay",6,"Woman"
768447,2548672,"Christina Bryson",7,"Yulia"
755566,134,"Jamie Foxx",0,"Bud Jablonski"
755566,54697,"Dave Franco",1,"Seth"
755566,1583307,"Natasha Liu Bordizzo",2,"Heather"
755566,22122,"Meagan Good",3,"Jocelyn Jablonski"
755566,2796490,"Zion Broadnax",4,"Paige Jablonski"
755566,19767,"Snoop Dogg",5,"Big John Elliott"
755566,144275,"Karla Souza",6,"Audrey San Fernando"
755566,81388,"Steve Howey",7,"Mike Nazarian"
755566,78110,"Scott Adkins",8,"Diran Nazarian"
755566,53,"Peter Stormare",9,"Troy"
755566,116514,"Eric Lange",10,"Ralph Seeger"
755566,213581,"Oliver Masucci",11,"Klaus"
755566,3469353,"Tetiana Gaidar",12,"Sophia"
755566,1492017,"Danielle Kennedy",13,"Old Lady"
755566,2582357,"Shai Debroux",14,"Old Lady's Awakened Vamp"
520023,561869,"Amandla Stenberg",0,"Sophie"
520023,2408703,"Maria Bakalova",1,"Bee"
520023,2673750,"Myha'la",2,"Jordan"
520023,1976054,"Rachel Sennott",3,"Alice"
520023,2420169,"Chase Sui Wonders",4,"Emma"
520023,1427948,"Pete Davidson",5,"David"
520023,72095,"Lee Pace",6,"Greg"
520023,2064073,"Conner O'Malley",7,"Max"
760741,17605,"Idris Elba",0,"Dr. Nate Daniels"
760741,1438277,"Leah Sava Jeffries",1,"Norah Daniels"
760741,1877835,"Iyana Halley",2,"Meredith Daniels"
760741,82191,"Sharlto Copley",3,"Martin Battles"
760741,2073065,"Martin Munro",4,"Kees"
760741,3668443,"Liyabuya Gongo",5,"Cut Offs"
760741,1138169,"Daniel Hadebe",6,"Abduya"
760741,3171983,"Thapelo Sebogodi",7,"Camo"
760741,3668444,"Mduduzi Mavimbela",8,"Poacher Mizozi"
760741,2387578,"Chris Gxalaba",9,"Poacher Mizozi"
760741,3668445,"Kazi Khuboni",10,"Pilot"
760741,3698268,"Chris Langa",11,"Specs"
1011679,2169708,"Maxi Witrak",0,"Commander Nicole Tress"
1011679,1809216,"Ego Mikitas",1,"Sergei"
1011679,1982553,"Michael Marcel",2,"Michael Kelly"
1011679,1849379,"Tania Fox",3,"Akula"
1011679,3492602,"Konstantin Podprugin",4,"Henri"
1011679,3426551,"Lindsey Marie Wilson",5,"Elli Waters"
1011679,3706181,"Lydia Hunter",6,"Josie"
1011679,3706183,"Reginald Stalling III",7,"Tom"
1011679,3477699,"Terrance Livingston Jr.",8,"Liam"
1011679,2909686,"Michael Deni",9,"Owen Watson"
1011679,935266,"Tammy Klein",10,"Mission Control Worker #1 / Engineer Sasha Gilmour"
1011679,3706178,"Mahpara Khan",11,"Mission Control Worker #2"
1011679,2165640,"Natasha Goubskaya",12,"Tzarina (voice)"
1011679,3721273,"Yelena Savranskaya",13,"Scar / AI USSR (voice)"
1011679,3721401,"Roman Chsherbakov",14,"Young Sergei"
1011604,1205174,"Jim Fitzpatrick",0,"Jose"
1011604,2557436,"Meghan Carrasquillo",1,"Lucia"
1011604,2181693,"Mike Rae Anderson",2,"CaptIn Banning"
1011604,3666938,"Jonathan Shores",3,"Shatto"
1011604,1979492,"Brad Worch II",4,"Mike"
1011604,1694624,"Francesca Shipsey",5,"Darby"
1011604,1509231,"Tara Phillips",6,"Donna"
1011604,3666937,"Brandon Laabs",7,"Wyatt"
1011604,2270284,"Paul Van Scott",8,"Captain Dan"
1011604,4059857,"Kate Szekely",9,"Addison"
1011604,4072174,"Christian Lopez",10,"Coast Guard Adrian"
1011604,4865228,"Zachary Vasquez",11,"Coast Guard Luis"
1011604,1800933,"Xander Bailey",12,"Officer Fuentes"
1011604,1888787,"Robin Petgrave",13,"Officer Davila"
1011604,2911698,"David Gomez",14,"Command Center Officer"
832601,2092265,"Bret Lada",0,"Jeff Blake"
832601,3547608,"Dustin Fontaine",1,"Andy Baker"
832601,3547610,"Caitlin Borek",2,"(voice)"
832601,3547613,"Raymond Lada",3,"(voice)"
832601,2812722,"Bethany Kay",4,"(voice)"
926762,1906603,"Kyra Elise Gardner",0,"Self"
926762,1370,"Brad Dourif",1,"Self"
926762,204468,"Fiona Dourif",2,"Self"
926762,65683,"Alex Vincent",3,"Self"
926762,7906,"Jennifer Tilly",4,"Self"
926762,65677,"Don Mancini",5,"Self"
926762,39113,"Christine Elise",6,"Self"
926762,1329,"Billy Boyd",7,"Self"
926762,29217,"Tony Gardner",8,"Self"
926762,13596,"David Kirschner",9,"Self"
926762,1148697,"Adam Hurtig",10,"Self"
926762,7401,"Lin Shaye",11,"Self"
926762,35463,"Anthony Timpone",12,"Self"
926762,10367,"John Waters",13,"Self"
926762,17140,"Abigail Breslin",14,"Self"
985335,8329,"Radha Mitchell",0,"Barbara Poynton"
985335,1813177,"Ella Newton",1,"Amy Poynton"
985335,77496,"Vince Colosimo",2,"Chris Mancini"
985335,1112872,"James Mackay",3,"Mr. Coleman"
985335,1333767,"Jackson Gallagher",4,"Detective Reuben Knox"
985335,222993,"Nathan Hill",5,"Constable Steve Owen"
985335,3624843,"Sharon Johal",6,"Dharma Mallick"
985335,3624844,"Lauren Goetz",7,"Suzan"
985335,3853611,"Karis Oka",8,"Lian Chen"
985335,79695,"Andrew S. Gilbert",9,"Detective John Nordoff"
985335,3853612,"Lachie Millar",10,"Dean"
985335,217026,"Simone Buchanan",11,"Christina Ellis"
985335,2193093,"Trae Robin",12,"Todd Bradley"
985335,3853615,"Adam Rozenbachs",13,"Amy's Father"
985335,1277541,"Terence Hammond",14,"Reporter #1"
709716,2715237,"Theerapat Sajakul",0,"James"
709716,1095690,"Sushar Manaying",1,"Lin"
709716,2804179,"Supansa Wedkama",2,"Pam"
709716,1070374,"Thanachat Tullayachat",3,"Keng"
709716,2657536,"Wanmai Chatborirak",4,"May"
709716,1102621,"Vithaya Pansringarm",5,"Suwat"
709716,4219132,"Palita Chueasawathee",6,"Fon"
709716,4219134,"Amnaj Wajaon",7,"Wit"
709716,3502306,"Unruean Rachot",8,"Fisherman's Wife"
709716,1276956,"Somphong Kunapratom",9,"Fisherman"
709716,4219140,"Jirayu Thongnoom",10,"Fisherman"
709716,1117867,"Zang Jinsheng",11,"Professor Yang"
709716,3667734,"Ren Youxan",12,"Chen"
709716,3667736,"Jack Su",13,"He Wei"
709716,2781359,"Xu Qian",14,"Professor Xu"
830788,1251069,"Nathalie Emmanuel",0,"Evie Alexander"
830788,1729496,"Thomas Doherty",1,"Walter De Ville"
830788,28848,"Sean Pertwee",2,"Mr. Fields"
830788,1206337,"Hugh Skinner",3,"Oliver Alexander"
830788,1650581,"Carol Ann Crawford",4,"Mrs. Swift"
830788,1922337,"Alana Boden",5,"Lucy"
830788,1142724,"Stephanie Corneliussen",6,"Viktoria"
830788,3643436,"Tian Chaudhry",7,"Diya"
830788,3361914,"Courtney Taylor",8,"Grace"
830788,1365662,"Scott Alexander Young",9,"Uncle Julius"
830788,1220353,"Ian Lindsay",10,"Great Uncle Alfred"
830788,1934352,"Lili Walters",11,"Imogen"
830788,1556619,"Elizabeth Counsell",12,"Mina Harker"
830788,1177072,"Virág Bárány",13,"Emmaline"
830788,1493396,"Jeremy Wheeler",14,"Jonathan Harker"
985102,2449994,"Amber Doig-Thorne",0,"Nikki"
985102,1956506,"Natasha Rose Mills",1,"Lisa"
985102,3323796,"Dan Robins",2,"Ross"
985102,3124678,"Stephen Staley",3,"Krampus"
985102,2251712,"Charlie Esquér",4,"Paula"
985102,3323801,"Elspeth Foster",5,"Faith"
985102,3418688,"Osian Dixon",6,"Harold"
901418,2667809,"Sian Altman",0,"Lisa King"
901418,1565074,"Mark Haldor",1,"Dylan 'Bruiser' King"
901418,1850659,"George Nettleton",2,"Charlie"
901418,3122182,"Chrissie Wunna",3,"Vanessa"
901418,3320201,"Beatrice Fletcher",4,"Georgie"
901418,3124678,"Stephen Staley",5,"Ben"
901418,3122184,"Sofia Lacey",6,"Tina"
901418,3254445,"Chris Cordell",7,"Reverend Jackson"
901418,1565408,"Sarah Alexandra Marks",8,"April"
901418,3489245,"Eva Ray",9,"Jade"
901418,3254594,"Antonia Whillans",10,"Amy"
901418,2469350,"Sarah T. Cohen",11,"Sarah"
901418,1573656,"Kate Sandison",12,"Tabby"
901418,2438349,"Richard Harfst",13,"Neil"
901418,3254442,"Clint Gordon",14,"Simon"
982620,212833,"Nicky Whelan",0,"Jessie Quilan"
982620,85477,"Trace Adkins",1,"Harlan Burke"
982620,20495,"Jeff Fahey",2,"Professor Sam Hoffman"
982620,81295,"Shane West",3,"Will Coulter"
982620,106730,"Branscombe Richmond",4,"Sheriff Kua"
982620,151253,"Porscha Coleman",5,"Sunny"
982620,2465152,"Kim DeLonghi",6,"Beth"
982620,2555329,"Zoe Cipres",7,"Emma"
982620,1793239,"Kelly Lynn Reiter",8,"Brianna"
982620,1454355,"Ed Morrone",9,"Captain Wally"
982620,3904514,"Kaley Bowler",10,"Jennifer Burke"
933415,1281819,"Sofia Lesaffre",0,"Sonia"
933415,1555603,"Victor Meutelet",1,"Henry"
933415,1266319,"Joseph Olivennes",2,"Ramy"
933415,3092708,"Kassim Meesters",3,"Max"
933415,939471,"Philippe Résimont",4,"Lukas"
933415,1383205,"Olivier Bony",5,"Dante"
933415,2608223,"Blaise Afonso",6,"Faust"
933415,2749296,"Léone François-Janssens",7,"Lamia"
682201,2040628,"Phương Anh Đào",0,"Phương Anh"
682201,2335254,"Quách Ngọc Tuyên",1,""
682201,2041124,"Hiếu Nguyễn",2,""
682201,1861442,"Oanh Kiều",3,""
682201,128487,"Hoàng Phúc",4,""
682201,3001984,"Steven Nguyễn",5,"Đăng Khoa"
1017794,2371442,"Zhao Yixin",0,"Qin Yu"
1017794,3577487,"Jacinda Li",1,""
1017794,2680155,"Qiu Shijian",2,""
1017794,2371627,"Jiang Yanxi",3,""
1017794,25249,"Waise Lee Chi-Hung",4,""
1017794,121570,"Lopsang",5,""
999681,2487945,"Sarah McGuire",0,"Amy"
999681,2083893,"Laurie Catherine Winkel",1,"Judith"
999681,3865070,"Paige Maria",2,"Jenny"
999681,3865071,"Patrick McGee",3,"Adrian"
999681,1128308,"Chris Bylsma",4,"Trucker #1"
999681,1264874,"Meagan Flynn",5,"Amy's Mother"
999681,3421090,"Dan Daly",6,"Motel Clerk"
999681,2091248,"Chad Crenshaw",7,"Gas Station Attendant"
999681,3399332,"Tobi Omodehinde",8,"The Woman"
999681,95438,"Kurt Hanover",9,"Trucker #2"
999681,3904890,"Brinklee Wynn",10,"Young Amy"
999681,2641641,"Laura Strugar",11,"Waitress"
1002258,68307,"Luke Mably",0,"Gilliger Graham"
1002258,129604,"Brendan Patricks",1,"Patrick"
1002258,936646,"Matthew Jure",2,"Bryan"
1002258,3631575,"Emma James",3,"Wife"
1002258,3631576,"Jago Erith",4,"Young Gilliger"
1002258,1172316,"Andrea Deck",5,"Jane"
1002258,121606,"Robert Portal",6,"Irwin"
1002258,3631578,"Howard Lee",7,"Frank"
1002258,3631579,"Laura Ashcroft",8,"Barmaid"
1004171,2721077,"Kaho Seto",0,"Miyabi"
1004171,3636783,"Satoshi Oka",1,"Oka"
1004171,3636784,"Ryuseigun Saionji",2,"The Boy Friend"
1004171,3636782,"Daiki Nunami",3,"Aizawa"
1004171,4702687,"Kuroe Mizuta",4,"Akari"
1004171,1991159,"Ruby Nakamura",5,"Utsumi"
1004171,5871482,"Yuki Nagata",6,"ex-Husband"
1004171,4702696,"Hana Nakamoto",7,"Aoi"
1004171,2660791,"Toshihiro Wakita",8,"Kakimoto"
1004171,4702701,"Nobuyoshi Asai",9,"Kosuke"
1004171,4702704,"Yutaro Hori",10,"Suzuki"
1004171,4702706,"Kazuhiro Horiuchi",11,"Narrator (voice)"
1004171,4702707,"Yuka Odahara",12,"Narrator (voice)"
1004171,4702709,"Chika Yokogawa",13,"Narrator (voice)"
1004171,4702710,"Fumihiro Tomoyori",14,"Narrator (voice)"
977866,6104,"Julian Sands",0,"Bruce"
977866,1490863,"Elva Trill",1,"Christine"
977866,43508,"Anthony Skordi",2,"Frank"
977866,1476489,"Ioanna Triantafyllidou",3,"Pat"
977866,96522,"Mark Huberman",4,"Eric"
977866,1736805,"Flavia Watson",5,"Jennifer"
977866,2913611,"Maria Ioannou",6,"Rosemary"
977866,2475929,"Christina Marouchou",7,"Ursulla"
977866,2846763,"Marianna Rosset",8,"Sofia"
977866,1316223,"Loris Curci",9,"Dom"
913290,1335315,"Georgina Campbell",0,"Tess"
913290,15033,"Justin Long",1,"AJ"
913290,137905,"Bill Skarsgård",2,"Keith"
913290,3901,"Richard Brake",3,"Frank"
913290,1446860,"Matthew Patrick Davis",4,"The Mother"
913290,74225,"Jaymes Butler",5,"Andre"
913290,1059412,"Kurt Braunohler",6,"Doug"
913290,3340764,"Sophie Sörensen",7,"Bonnie"
913290,3646608,"Rachel Fowler",8,"Meg"
913290,1453290,"JR Esposito",9,"Jeff"
913290,1685018,"Kate Nichols",10,"Catherine"
913290,7517,"Kate Bosworth",11,"Melissa (voice)"
913290,54718,"Brooke Dillman",12,"AJ's Mom"
913290,60072,"Sara Paxton",13,"Nursing Video Narration / Assistant / Megan"
913290,203750,"Will Greenberg",14,"Robert"
1005804,1259409,"Khemanit Jamikorn",0,"Som"
1005804,1288000,"Sattaphong Phiangphor",1,"Note"
1005804,1664325,"Sananthachat Thanapatpisal",2,"Aim"
1005804,2777416,"Patchata Janngeon",3,"Win"
1005804,2424462,"Panisara Rikulsurakan",4,"Nan"
1005804,2771756,"Akalavut Mankalasut",5,"Chang"
1005804,1331937,"Teerapong Liaorakwong",6,"The Owner"
1005804,1832852,"Chanagun Arpornsutina",7,"Tony"
1005804,2708682,"Venus Saksiri",8,"The Maid"
1005804,230752,"Pramote Seangsorn",9,"The Policeman"
1005804,1027748,"Isara Nadee",10,"The Director"
1005804,3685127,"Mariska White",11,"Casting Assistant"
1005804,3685142,"Apiwit Witjitsolapong",12,"Som's Boyfriend"
1005804,3685143,"Piano Witjitsolapong",13,"Victim #1"
1005804,3685144,"Chalomporn Coolodgalern",14,"Victim #2"
1014840,3295426,"Ayanna Misola",0,"Meldie"
1014840,2038703,"Gab Lagman",1,"Jacob"
1014840,3371806,"Robb Guinto",2,"Celine"
1014840,1308572,"Ana Abad Santos",3,"Gloria"
1014840,1065168,"Mon Confiado",4,"Manuel"
1014840,2164052,"Alvaro Oteyza",5,"Gino"
1014840,3670681,"Andrea Fren",6,"Carly"
1014840,3670682,"Nic Galvez",7,"Albert"
1014840,3670684,"Charo Laude",8,"Dra. Raquel"
1014840,3775928,"Julia Victoria",9,"Lauren"
1014840,2250282,"Frank Lloyd de Guzman",10,"Dr. Rios"
1005772,2465888,"Tracey Roath",0,"Vouga"
1005772,3104228,"Alexander J. Baxter",1,"Ewan"
1005772,1009263,"Roy Campsall",2,"Jikirag"
1005772,2273768,"Josefin Jönsson Tysén",3,"Alis"
1005772,1705589,"Corey Woods",4,"Mer"
1005772,2672337,"Brian Johnston",5,"Caenen"
1005772,3640731,"Jessica Moutray",6,"Godiva"
974926,2509641,"Jasper Hammer",0,"Allen"
974926,1486237,"Ben Hall",1,"Don"
974926,1485323,"Danielle Evon Ploeger",2,"Kim"
974926,104467,"Nick Ballard",3,"Mark"
974926,1517550,"Skyler Davenport",4,"Alice (voice)"
974926,1480183,"Laurie Cummings",5,"Jean (voice)"
715370,1262750,"Charlotte Vega",0,"Brana Brodskaya"
715370,1307013,"Barry Ward",1,"Mikhail 'Tor' Oleynik"
715370,588550,"Dan Renton Skinner",2,"Cpt. Vadim Ilyasov"
715370,81260,"Bill Milner",3,"Iossif Gulyaev"
715370,3341516,"Niall Murphy",4,"Dimitry Makar"
715370,1337365,"Kristo Viiding",5,"Grigoriy Churakov"
715370,3652662,"Bashka Forrest",6,"Ludmila"
715370,71532,"David Alexander",7,"Karl Edwards / Bunker Soldier (voice)"
715370,137795,"Jaan Rekkor",8,"Miłosz"
715370,137791,"Tambet Tuisk",9,"Col. Gorbinskiy"
715370,2247119,"Ester Kuntu",10,"Justyna"
715370,17477,"Harriet Walter",11,"Anna Marshall"
715370,10993,"Tom Felton",12,"Łukasz"
715370,3782967,"Kimberley Howson",13,"LTN News Anchor"
715370,1500679,"Sergei Furmanjuk",14,"Hristov Marants / Gorbechev Interpreter (voice)"
529193,1530558,"Madeleine McGraw",0,"Rosalie"
529193,65529,"Irene Bedard",1,"Floating Hawk"
529193,1213538,"Teal Redmann",2,"Dr. Emily Warren"
529193,131125,"Steve Monroe",3,"John"
529193,119757,"Kate Luyben",4,"Claire"
529193,200900,"Will Klipstine",5,"Daniel Snyder"
529193,155316,"Vincent Duvall",6,"Detective Tracy Hennings"
529193,987082,"Jamie Bozian",7,"Harlan Lester"
529193,167263,"Amanda MacDonald",8,"Theresa Snyder"
529193,1525749,"Brandon Van Vliet",9,"Actor"
529193,2701435,"Ali Daniels",10,"Actress"
529193,155861,"Bruce Bohne",11,"Creepy Man"
529193,1930372,"Gwen Ruhoff",12,"50's Housewife Ghost"
897338,1172108,"Mckenna Grace",0,"Emma Grossman"
897338,81095,"Michelle Morgan",1,"Angela Grossman"
897338,62172,"Benjamin Ayres",2,"Robert Costa"
897338,3477897,"Ella Dixon",3,"Kat Sandburg"
897338,3684748,"Marlowe Zimmerman",4,"Stephanie Lowford"
897338,4823517,"Gabriela Bee",5,"Lola"
897338,39360,"Lucia Walters",6,"Rachel Lowford"
897338,3309886,"Marlee Walchuk",7,"Cora"
897338,179495,"Lorne Cardinal",8,"Brian"
897338,125026,"Patty McCormack",9,"Dr. March"
897338,2790073,"Jude Wilson",10,"Nathan"
897338,1544768,"Barbara Beall",11,"Coach"
897338,60609,"Doron Bell",12,"Ronnie George"
897338,2410759,"Madeleine Kelders",13,"Mrs. Chaudry"
897338,129986,"Bronwen Smith",14,"Social Worker"
772450,110424,"Alberto Ammann",0,"Víctor"
772450,1775557,"Yalitza Aparicio",1,"Paulina"
772450,3577420,"Josué Maychi",2,""
772450,3688718,"Leo Danse Alos",3,"Almita"
772450,2984544,"Ariel Bonilla",4,"Doctor Juan Esquivel"
772450,3089855,"Analy Castro",5,"Policewoman"
772450,2681456,"Cher Constantine",6,"Dra. Dávila"
772450,3688719,"Adriana Deangelis",7,"Adela"
772450,2139803,"Daniel Mandoki",8,"Manolo"
772450,234069,"Fermín Martínez",9,"Juárez"
772450,3688723,"Raúl Orozco",10,"Priest"
772450,1211042,"Norma Pablo",11,"Pilar"
772450,23877,"Angelina Peláez",12,"María"
772450,17689,"Gerardo Taracena",13,"Don Jaime"
772450,118539,"Marco Antonio Treviño",14,"Don Julio"
770684,205575,"Michael Lombardi",0,"John Bishop"
770684,212776,"Marc Menchaca",1,"Jed Sawyer"
770684,58508,"Joseph Gatt",2,"Ram Kady"
770684,1606360,"Katie Kelly",3,"Sarah Bishop"
770684,3000078,"Abbey Hafer",4,"Rebecca Bishop"
770684,1239320,"Jacoby Shaddix",5,"Quinn Brady"
770684,17343,"Robert Knepper",6,"Otto"
770684,31512,"Robert John Burke",7,"Captain Briggs"
770684,3087064,"Spencer Charnas",8,"Max"
770684,113748,"Ivan L. Moody",9,"Vic Kady"
770684,2975097,"Zoltan Bathory",10,"Fang"
770684,3222258,"Chris Kael",11,"Decker"
770684,3692434,"Amanda Lyberg",12,"Erica"
770684,3692435,"Doc Coyle",13,"Joey"
770684,3222261,"Craig Mabbitt",14,"Mutant"
1018829,28410,"Jake Busey",0,"Willy"
1018829,44936,"Ginger Lynn Allen",1,"Louise"
1018829,941433,"Susan Priver",2,"Adrienne"
1018829,37027,"Lew Temple",3,"David"
1018829,104189,"Silvia Spross",4,"Marilyn Eastman"
1018829,98473,"Cassandra Gava",5,"Janet Wall"
1018829,64224,"Cyril O'Reilly",6,"Leonard"
1018829,39126,"Bai Ling",7,"Brenda"
1018829,62715,"Robert Miano",8,"Karl Eastman"
1018829,589864,"Robert Rhine",9,"Detective Schneer"
1018829,785,"James Russo",10,"Rat"
1018829,3691564,"Kate Patel",11,"Wendy Eastman"
1018829,3535793,"Scott Vogel",12,"Hickock"
1018829,42535,"Elina Madison",13,"Angel"
1018829,60650,"Michael Paré",14,"Detective Oppal"
960875,3623,"Elena Anaya",0,"Paula"
960875,1209572,"Pablo Molinero",1,"Simón"
960875,3500966,"Eva Tennear",2,"Clara"
960875,1102408,"Eva Llorach",3,"Maite"
960875,1050908,"Carlos Santos",4,"Eduardo"
960875,1972707,"Esther Acebo",5,"Claudia"
960875,964,"Eloy Azorín",6,"Beltrán"
960875,1744390,"Mona Martínez",7,"Sargento Arana"
960875,929712,"Sonia Almarcha",8,"Gloria"
960875,1040651,"Pau Roca",9,"Cabo Bedoya"
960875,3901839,"Cayetana Campos",10,"Ainoha"
960875,229233,"Rodrigo Sáenz de Heredia",11,"Médico"
960875,2292633,"Silvia de Pé",12,"Enfermera 1"
960875,1574055,"Jazmín Abuín",13,"Enfermera 2"
960875,5725982,"Helen Bertels",14,"Psicóloga Alemana"
942890,15033,"Justin Long",0,"Hap Jackson"
942890,7517,"Kate Bosworth",1,"Mina Murray"
942890,1440709,"Gia Crovatin",2,"Lucy"
942890,1141384,"Lucy Walters",3,"Nora"
846778,1334653,"Jedidiah Goodacre",0,"Drew"
846778,74929,"Madison Pettis",1,"Hannah"
846778,142113,"Vanessa Morgan",2,"Lexi"
846778,144852,"Richard Harmon",3,"Clay"
846778,58058,"Lochlyn Munro",4,"William"
846778,2554391,"Phoebe Miu",5,"Kayla"
846778,1953367,"Jordan Buhat",6,"Devon"
846778,2396172,"Brittany Mitchell",7,"Martha"
846778,1710337,"Louis Lay",8,"Trainer"
846778,3346718,"Susan Bennett",9,"Margaux (voice)"
788734,2079854,"Kristine Kujath Thorp",0,"Signe"
788734,3507183,"Eirik Sæther",1,"Thomas"
788734,3507185,"Fanny Vaager",2,"Marte"
788734,1107287,"Fredrik Stenberg Ditlev-Simonsen",3,"Yngve"
788734,2571053,"Sarah Francesca Brænne",4,"Emma"
788734,1887978,"Steinar Klouman Hallert",5,"Stian"
788734,225839,"Ingrid Vollan",6,"Beate"
788734,592574,"Andrea Bræin Hovig",7,"Lisa"
788734,73550,"Henrik Mestad",8,"Espen"
788734,71610,"Anders Danielsen Lie",9,"Doctor"
788734,4040520,"Frida Natland",10,"Nora"
788734,3706270,"Guri Hagen Glans",11,"Kristina"
788734,4040528,"Matilda Höög",12,"Anja"
788734,2147452,"Seda Witt",13,"Stine"
788734,3706267,"Elisabeth Bech Aschehoug",14,"Anine"
829410,1803286,"Gideon Adlon",0,"Parker"
829410,3407589,"Bethlehem Million",1,"Miri"
829410,236302,"Dylan Sprayberry",2,"DJ"
829410,212776,"Marc Menchaca",3,"Jason"
829410,209,"Jane Adams",4,"Pamela"
829410,518627,"Joel Courtney",5,"Tyler"
829410,1743134,"Chris Reid",6,"Jeb"
829410,2000930,"Duane Stephens",7,"Mr. Lyons"
829410,3561527,"Logan Murphy",8,"Benji"
829410,3871817,"Terry D. Gibson",9,"Big Guy"
829410,177061,"Andrew Sikking",10,"Security Guard"
829410,3871818,"Kimberlee Kraczek",11,"Woman"
928391,3700533,"Valeria San Martin",0,"Bea"
928391,2880085,"Agustin Olcese",1,"Justin"
928391,3700534,"Marlene Pedersen Chauviere",2,"Sophia"
928391,1812387,"Bruno Giacobbe",3,"Witch"
928391,3700535,"Agustin Bogliano",4,"Ethan"
928391,3700536,"Marcos Bogliano",5,"Boy"
928391,3700537,"Martín Canalicchio",6,"Korean Man"
928391,3700538,"Ines Corengia",7,"Bea's mother"
928391,1488042,"Paulo Vilela",8,"Shadow Ghost"
928391,3052376,"Melinda Joan Reed",9,"Bonnie Elliot (segment ""Stray"")"
1022103,3692777,"Victoria Grace Borrello",0,"Wanda Fulcia"
1022103,3633186,"Steve Larkin",1,"Dr. Richard Pretorious"
1022103,3142747,"Jon Meggison",2,"Porter Watson"
1022103,3633195,"Erik Skybak",3,"Victor Fair"
1022103,3692778,"Stephanie Leet",4,"Gloria Fulcia"
1022103,3692779,"Daniel Donlon",5,"Chester Fair"
1022103,2940685,"Tim Coyle",6,"Theo"
1022103,3692781,"Neil Green",7,"Lucas"
1022103,3102233,"Jax Kellington",8,"Margo"
1022103,3503484,"Chynna Rae Shurts",9,"The Sleep Demon"
1005776,3489398,"Jackson Kelly",0,"Kaleb (segment ""Shredding"")"
1005776,1944267,"Jesse LaTourette",1,"Rachel (segment ""Shredding"")"
1005776,3372628,"Keanush Tafreshi",2,"Ankur (segment ""Shredding"")"
1005776,2992820,"Dashiell Derrickson",3,"Chris Carbonara (segment ""Shredding"")"
1005776,1287986,"Tybee Diskin",4,"RC (segment ""Shredding"")"
1005776,1572106,"Verona Blue",5,"Deirdre (segment ""Shredding"")"
1005776,3075258,"Aminah Nieves",6,"Charissa (segment ""Shredding"")"
1005776,1893345,"Kelley Missal",7,"Jessie (segment ""Shredding"")"
1005776,2290088,"Melissa Macedo",8,"Jessie Deux (segment ""Shredding"")"
1005776,1483660,"Alexia Ioannides",9,"Lily (segment ""Suicide Bid"")"
1005776,3710283,"Isabelle Hahn",10,"Annie (segment ""Suicide Bid"")"
1005776,2211046,"Breana Raquel",11,"Helen (segment ""Suicide Bid"")"
1005776,2242813,"Caitlin Serros",12,"Imogene (segment ""Suicide Bid"")"
1005776,1527758,"Brittany Gandy",13,"Lucy (segment ""Suicide Bid"")"
1005776,1286527,"Logan Riley",14,"Hannah (segment ""Suicide Bid"")"
717728,1817397,"Sydney Craven",0,"Laine"
717728,2738561,"Imran Adams",1,"Chase"
717728,3425159,"Jarreau Benjamin",2,"The Creeper"
717728,1070855,"Peter Brooke",3,"Stu"
717728,1972478,"Ocean Navarro",4,"Carrie"
717728,3326872,"Matt Barkley",5,"Jamie"
717728,62001,"Dee Wallace",6,"Marie"
717728,78463,"Gary Graham",7,"Ronald"
717728,1663423,"Gabriel Freilich",8,"Sam"
717728,66212,"Timo Vuorensola",9,"Mystery Creeper"
717728,1561310,"Georgia Goodman",10,"Lady Manilla"
717728,218107,"Terry Bird",11,"Officer Edwards"
717728,1543489,"Colin Murtagh",12,"Festival Hillbilly"
717728,2638787,"Jodie Mcmullen",13,"Madame Carnage"
717728,3571840,"Alexander Halsall",14,"Michael"
949423,1137824,"Mia Goth",0,"Pearl"
949423,1785590,"David Corenswet",1,"Projectionist"
949423,33310,"Tandi Wright",2,"Ruth"
949423,67119,"Matthew Sunderland",3,"Father"
949423,3556657,"Emma Jenkins-Purro",4,"Mitsy"
949423,2285548,"Alistair Sewell",5,"Howard"
949423,2614430,"Amelia Reid",6,"Margaret"
949423,2466909,"Gabe McDonnell",7,"Woman"
949423,1339419,"Lauren Stewart",8,"Pianist"
949423,1336161,"Todd Rippon",9,"Director"
949423,3760518,"Grace Acheson",10,"Ticket Taker"
949423,4706831,"Shaman Theron",11,"Crying Girl (uncredited)"
814800,3489,"Naomi Watts",0,"Mother"
814800,1696015,"Cameron Crovetti",1,"Elias"
814800,1696014,"Nicholas Crovetti",2,"Lucas"
814800,50117,"Peter Hermann",3,"Father"
814800,74961,"Jeremy Bobb",4,"Gary"
814800,2127658,"Crystal Lucas-Perry",5,"Sandy"
1106213,1018657,"Keli Price",0,"Aj"
1106213,2144,"Tobin Bell",1,"Dr Avery"
1106213,4038479,"Malu Trevejo",2,"Emma"
1106213,1254411,"Karissa Lee Staples",3,"Samantha"
1106213,11160,"Danny Trejo",4,"Eddie"
1106213,110018,"David Lipper",5,"Max"
1106213,120679,"Eddie McClintock",6,"Ric"
1106213,56732,"Fernanda Romero",7,"Lexi"
1106213,1946119,"Matt Rife",8,"James"
1106213,1114052,"Kenny Yates",9,"Joe"
1106213,943170,"Kipp Tribble",10,"Duffy"
1106213,1153793,"Amaris Davidson",11,"April"
1106213,5265268,"Abdelhameed Ibrahim",12,"Dennis"
1106213,3337840,"Geoff Samuels",13,"Amari"
1106213,5265270,"Steve Gentry",14,"Steve"
799379,1255411,"Seo In-guk",0,"Park Jong-du"
799379,1713025,"Jang Dong-yoon",1,"Lee Do-il"
799379,1872629,"Park Ho-san",2,"Lee Seok-woo"
799379,1252017,"Jung So-min",3,"Lee Da-yeon"
799379,150697,"Ko Chang-seok",4,"Ko Geon-bae"
799379,93996,"Jang Young-nam",5,"Choi Myung-ju"
799379,1333030,"Son Jong-hak",6,"Son Soo-cheol"
799379,2039484,"Jung Moon-sung",7,"Kim Gyu-tae"
799379,1682490,"Lee Sung-wook",8,"Lee Kyung-ho"
799379,2083708,"Hong Ji-yoon",9,"Song Eun-ji"
799379,1020859,"Sung Dong-il",10,"Oh Dae-woong"
799379,1418581,"Choi Gwi-hwa",11,"Alpha"
799379,1222950,"Lim Ju-hwan",12,"Director Pyo"
799379,2399088,"Kim Kang-hoon",13,"Lee Do-il's Son"
799379,2378992,"Kim Moon-hak",14,"Kim Jin-seok"
619730,1373737,"Florence Pugh",0,"Alice"
619730,1052109,"Harry Styles",1,"Jack"
619730,62064,"Chris Pine",2,"Frank"
619730,59315,"Olivia Wilde",3,"Bunny"
619730,1884703,"KiKi Layne",4,"Margaret"
619730,97576,"Gemma Chan",5,"Shelley"
619730,208519,"Nick Kroll",6,"Dean"
619730,2754753,"Sydney Chandler",7,"Violet"
619730,1436999,"Kate Berlant",8,"Peg"
619730,1822025,"Asif Ali",9,"Peter"
619730,60077,"Douglas Smith",10,"Bill"
619730,1181329,"Timothy Simons",11,"Dr. Collins"
619730,2190083,"Ari'el Stachel",12,"Ted"
619730,206311,"Steve Berg",13,"Trolley Bus Driver"
619730,3720511,"Daisy Sudeikis",14,"Rosie"
996581,1312450,"Melanie Zanetti",0,"Charlotte Ingram"
996581,5528,"William Moseley",1,"Edgar Allan Poe"
996581,71083,"Kate Dickie",2,"Elizabet Ingram"
996581,54014,"David Hayman",3,"Dr. Garrett"
996581,1745556,"Callum Woodhouse",4,"Will Taylor"
996581,1817757,"Callum McGowan",5,"Daniel Clay"
996581,2441538,"Kyle Rowe",6,"Lawrence Bishop"
996581,1473137,"Oberon K.A. Adjepong",7,"Usher"
996581,40716,"Mathis Landwehr",8,"Lutz Becker"
996581,1283511,"Juris Strenga",9,"Old Clay"
996581,3666036,"Elza Kļaviņa",10,"Mary Keene"
996581,2189220,"Toms Treinis",11,"Reverend Keene"
943221,104982,"Ofelia Medina",0,"Josefa"
943221,2537951,"Paola Miguel",1,"Nala"
943221,3442515,"Ivanna Sofia Ferro",2,"Luna"
943221,1198776,"Samantha Castillo",3,"Rebecca"
943221,1233729,"Arap Bethke",4,"Guillermo"
943221,2255014,"Mauro González",5,"Pedro"
943221,3442514,"Mildred Motta",6,"Vecina"
943221,3442516,"Paloma Alvamar",7,"Abigail"
943221,1299876,"Pablo Guisa Koestinger",8,"Mercader"
733063,1899527,"Syifa Hadju",0,"Niki"
733063,1158143,"Dwi Sasono",1,"Adrian"
733063,121966,"Titi Kamal",2,"Sandra"
733063,1961519,"Giulio Parengkuan",3,"Faisal"
733063,581684,"Mike Lucock",4,"Madjid"
733063,2135392,"Muzakki Ramdhan",5,"Kinan"
733063,1157390,"Teuku Rifnu Wikana",6,"Sarno"
733063,1202392,"Taskya Namya",7,"Wina"
733063,1644983,"Deva Mahenra",8,"Dimas"
733063,3665381,"Riana Rizki",9,"Youtuber"
733063,2346962,"Muhammad Abe",10,"Bripda Nino"
733063,2176049,"Pipien Putri",11,"Saijah"
733063,3665383,"Gebby Andina",12,"Inggi"
733063,3665385,"Stenly",13,"Briqda Wawan"
733063,1800452,"Yoga Pratama",14,"Heru"
1028944,1581588,"Chelsea Jurkiewicz",0,"Mary"
1028944,1922598,"Tanner Gillman",1,"Harvey"
1028944,1218926,"Colin Cunningham",2,"Greg"
1028944,3383819,"Halem Medina",3,"Steve"
1028944,1589138,"Monica Moore Smith",4,"Stephanie"
1028944,1266723,"Ariana Bagley",5,"Georgia"
1028944,1521890,"Hailey Smith",6,"Carrie"
1028944,1904329,"Cory Dangerfield",7,""
1028944,3716868,"James Morris",8,"Crom"
1028944,4383343,"Everly Stika",9,"Trick-or-Treater"
955991,222052,"Nick Blood",0,"Art"
955991,1421699,"Emm Wiseman",1,"Claire"
955991,71281,"Paul Kaye",2,"Heimish"
955991,78018,"Allan Corduner",3,"Saul"
955991,1379267,"Daniel Ben Zenou",4,"Chayim"
955991,3136446,"Sofia Weldon",5,"Sarah Scheindal"
955991,1812100,"Anton Trendafilov",6,"Yosille"
955991,1197983,"Meglena Karalambova",7,"Aida"
955991,1409855,"Jonathan Yunger",8,"Levi Siegelman"
955991,22018,"Velizar Binev",9,"Moishe"
955991,2701150,"Jodie Jacobs",10,"Chana"
955991,2484943,"Yonko Dimitrov",11,"Shmuel"
955991,2043046,"Boyan Anev",12,"Abyzou"
955991,1739101,"Nathan Cooper",13,"Worker"
955991,1600895,"Stefan Ivanov",14,"Worker"
882598,1396124,"Sosie Bacon",0,"Rose Cotter"
882598,59219,"Kyle Gallner",1,"Joel"
882598,198847,"Jessie T. Usher",2,"Trevor"
882598,79087,"Robin Weigert",3,"Dr. Madeline Northcott"
882598,145245,"Caitlin Stasey",4,"Laura Weaver"
882598,53493,"Kal Penn",5,"Dr. Morgan Desai"
882598,1281250,"Rob Morgan",6,"Robert Talley"
882598,212766,"Gillian Zinser",7,"Holly"
882598,159657,"Judy Reyes",8,"Victoria Munoz"
882598,1677346,"Jack Sochet",9,"Carl Renken"
882598,1952010,"Nick Arapoglou",10,"Greg"
882598,2234808,"Perry Strong",11,"Detective Buckley"
882598,3598148,"Matthew Lamb",12,"Jackson"
882598,3598140,"Dora Kiss",13,"Mom"
882598,3727281,"Meghan Brown Pratt",14,"10 Year Old Rose"
1015081,109868,"Morgan Saylor",0,"Millicent"
1015081,1218223,"Kat Foster",1,"Rebecca"
1015081,1296595,"Myko Olivier",2,"Jacob"
1015081,3711767,"Danilo Crovetti",3,"Johnny"
1015081,399681,"David Yow",4,""
1015081,3232652,"Christiana Montoya",5,"Little Girl"
1015081,164067,"Keith Powell",6,"Dr. Welsh"
1015081,3946330,"Shon Wilson",7,"Esther"
894205,258,"Gael García Bernal",0,"Jack Russell"
894205,95706,"Laura Donnelly",1,"Elsa Bloodstone"
894205,538,"Harriet Sansom Harris",2,"Verussa Bloodstone"
894205,145446,"Kirk R. Thatcher",3,"Jovan"
894205,1317693,"Eugenie Bondurant",4,"Azarel"
894205,24200,"Leonardo Nam",5,"Liorn"
894205,1292452,"Daniel J. Watts",6,"Barasso"
894205,2547673,"Al Hamacher",7,"Billy Swan"
894205,1015924,"Carey Jones",8,"Ted (Man-Thing)"
894205,197,"David Silverman",9,"The Flaming Tuba"
894205,106774,"Rick D. Wasserman",10,"Narrator (voice)"
894205,1222025,"Richard Dixon",11,"Ulysses Bloodstone (voice)"
894205,35176,"Jeffrey Ford",12,"Additional Man-Thing Vocalizations (voice)"
894205,1184357,"Erik Beck",13,"Puppeteer"
724585,3734222,"Ryan Lord",0,"Evan"
724585,3734223,"Julia Culbert",1,"Kim"
724585,488244,"Alan Bagh",2,"Rod"
724585,3017591,"Victorya Brandart",3,"Katie"
724585,3734224,"Marc DeNola",4,"Real Estate Guy"
724585,313090,"Damien Carter",5,"Singer"
724585,3734227,"Chris Dale",6,"Singer"
724585,3734228,"Robert Finch",7,"Rapper"
724585,3734231,"Ryan Martin",8,"Hungry Artist"
724585,3734232,"Lee McLaughlin",9,"Dr. Extinction"
724585,578525,"Cameron Palmer",10,"Mr. Half Moon Bay"
724585,3734236,"Carlos Ramos",11,"Astronomy Guy"
724585,3734237,"Katie Schneider",12,"Protestor Mom"
724585,3734239,"Maddie Schneider",13,"Protestor Kid"
724585,3734240,"Tyler Shelley",14,"News Anchor"
1018133,122358,"Brigitte Kingsley",0,"Hunter Hazelton"
1018133,64614,"Landy Cannon",1,"Carey Barnes"
1018133,1422887,"Patrick Kwok-Choon",2,"Cam"
1018133,1651597,"Troy Blundell",3,"Declan"
1018133,1375340,"Alys Crocker",4,"Hailey"
1018133,122366,"Andrew Cymek",5,"Warrior Knight"
1018133,1300649,"Sara Mitich",6,"Annie"
1018133,82644,"David Calderisi",7,"Churchill"
1018133,1375341,"Winny Clarke",8,"Kennedy"
1018133,2275003,"Connor Rueter",9,"Zombie Knight"
1018133,1016019,"Neil Whitely",10,"Richard"
1018133,41256,"Art Hindle",11,"Mr. Hazelton"
831410,1617121,"Kerri Medders",0,"Abby"
831410,892734,"Tiera Skovbye",1,"McKayla Miller"
831410,1272885,"Samuel Braun",2,"Scott Becker"
831410,2537199,"Alec Carlos",3,"Danny Jeffries"
831410,1294,"Missi Pyle",4,"Principal Simmons"
831410,3721033,"Alten Wilmot",5,"Mateo"
831410,3721032,"Sierra Holder",6,"Jackie"
831410,1089929,"Alexandra Beaton",7,"Reagan"
831410,3824145,"Rudy Borgonia IV",8,"Silent Sol / Quiet Sol"
831410,1780952,"Gino Anania",9,"Evan Wolf"
831410,3684748,"Marlowe Zimmerman",10,"Paige Simmons"
831410,2346247,"Sam Robert Muik",11,"Quincy"
831410,3824147,"Madison MacIsaac",12,"Sydney"
831410,1622782,"Erika Prevost",13,"Tori"
831410,3824148,"Makena Zimmerman",14,"Evee Simmons"
723419,55636,"Donald Sutherland",0,"Mr. Harrigan"
723419,1274508,"Jaeden Martell",1,"Craig"
723419,1532312,"Kirby Howell-Baptiste",2,"Ms. Hart"
723419,1664022,"Joe Tippett",3,"Craig's Dad"
723419,1493218,"Cyrus Arnold",4,"Kenny Yankovich"
723419,2142587,"Conor William Wright",5,"U-Boat"
723419,2181942,"Alexa Shae Niziak",6,"Margie"
723419,2335863,"Bennett Saltzman",7,"Billy"
723419,2676852,"Joseph Paul Kennedy",8,"Jack"
723419,1295668,"Thomas Francis Murphy",9,"Pete"
723419,3031361,"Thalia Torio",10,"Regina"
723419,1293905,"Peggy J. Scott",11,"Edna Grogan"
723419,2567310,"Daniel Reece",12,"Deane Whitmore"
723419,108923,"Wayne Pyle",13,"Mr. McPhillips"
723419,50589,"Frank Ridley",14,"Reverend Mooney"
338947,1972166,"Odessa A'zion",0,"Riley McKendry"
338947,1939676,"Drew Starkey",1,"Trevor"
338947,1440698,"Jamie Clayton",2,"The Priest"
338947,1868461,"Adam Faison",3,"Colin"
338947,1636739,"Brandon Flynn",4,"Matt McKendry"
338947,2014269,"Aoife Hinds",5,"Nora"
338947,5725,"Goran Višnjić",6,"Roland Voight"
338947,765,"Hiam Abbass",7,"Menaker"
338947,3027542,"Kit Clarke",8,"Joey"
338947,1785114,"Jason Liles",9,"The Chatterer"
338947,3646587,"Yinka Olorunnife",10,"The Weeper"
338947,115500,"Selina Lo",11,"The Gasp"
338947,3479374,"Zachary Hing",12,"The Asphyx"
338947,12044,"Predrag Bjelac",13,"Lorenz"
338947,1668502,"Gorica Regodić",14,"The Mother"
1022128,204468,"Fiona Dourif",0,"Jules"
1022128,144675,"Jordan Belfi",1,"Matty"
1022128,931611,"Malin Crépin",2,"Martha Benchley"
1022128,1716493,"Harris Dickinson",3,"Ben"
1022128,84841,"Randy Wayne",4,"Wolf"
1022128,72672,"William Miller",5,"Ian Benchley"
1022128,3681914,"Phan Nhu Thao",6,"Annie"
1022128,3589737,"Konglar Kanchanahoti",7,"Thai Monk"
1022128,59668,"Shannon Makhanian",8,"Jules' Mother"
1022128,3786811,"Ashlyn Boots",9,"Young Jules"
1022128,2985769,"Jessie Franks",10,"Sarah"
1022128,5347501,"Lee Seow Pei",11,"Tattoo Girl"
1022128,5347510,"Lenny Ooi Teck Wooi",12,"House Owner / Demon"
1022128,5347512,"Hafidzuddin Bin Fazil",13,"Bartender"
1022128,5347513,"Muhamad Affandy bin Chek Amat",14,"Bartender"
997660,2074551,"Natalia Germani",0,"Šarlota"
997660,3212056,"Eva Mores",1,"Mira"
997660,1848164,"Juliána Brutovská",2,"Helena"
997660,138833,"Iva Bittová",3,"Otyla"
997660,1261329,"Jana Oľhová",4,"Anna"
997660,1162343,"Marek Geišberg",5,"Tomáš"
997660,1649030,"Zuzana Konečná",6,"Žofa"
997660,1421792,"Noël Czuczor",7,"Rado"
997660,2692286,"Peter Ondrejička",8,"Juro"
997660,3102059,"Matúš Ryšan",9,"Adam"
997660,3466908,"Sára Tömölová",10,"Šarlota"
997660,4583157,"Ela Stanová",11,"Tamara"
997660,2736374,"Petra Vajdová",12,"Alžbeta"
997660,4583160,"Timothy Hlinka",13,"Elo"
997660,4583161,"Denis Polyák",14,"Maťo"
816952,122851,"Elsie Fisher",0,"Abby Rivers"
816952,1493969,"Amiah Miller",1,"Gretchen Lang"
816952,2938287,"Rachel Ogechi Kanu",2,"Margaret Chisolm"
816952,2168935,"Cathy Ang",3,"Glee Tanaka"
816952,2076048,"Clayton Royal Johnson",4,"Wallace Stoney"
816952,84300,"Chris Lowell",5,"Christian Lemon"
816952,92282,"Nathan Anderson",6,"Pony Lang"
816952,1127577,"Cynthia Evans",7,"Grace Lang"
816952,1815382,"Rachel Leah Cohen",8,"Mrs. Rivers"
816952,3732407,"John Stoneburner",9,"Mr. Rivers"
816952,2975363,"Cameron Bass",10,"Brother Morgan"
816952,928307,"Ashley LeConte Campbell",11,"Sister Kathleen"
816952,2532312,"Michael Wayne Foster",12,"Micah Lemon"
816952,1984463,"Michael Proctor",13,"Jonah Lemon"
816952,1986492,"Erin Ownbey",14,"Lemon's Mom"
812488,557713,"María Abadi",0,"Fátima Constanzo"
812488,2482584,"Melisa Garat",1,"Camila Rivas"
812488,1811021,"Marco de la O",2,"Ángel Pierri"
812488,3032131,"Ruby Vizcarra",3,"Líder de secta"
812488,4705793,"Rafaella Pampiglione",4,"Nuria niña"
812488,1629790,"Fiorela Duranda",5,"Fátima niña"
812488,2230565,"Daniel Reyes",6,"Perito"
812488,4704999,"Roberto Romano",7,"Fotógrafo"
812488,1458394,"Jorge Booth",8,"Dr. Grimaldi"
812488,1306270,"Celeste Gerez",9,"Dra. Fernandez"
812488,2276113,"Macarena Suárez Dagliano",10,"Polícia joven"
812488,3998193,"Agostina Innella",11,"Silvina - Psiquiátrico"
812488,4201720,"Laura Casale",12,"Gabriela - Psiquiátrico"
812488,1079503,"Gabriel Zuccarini",13,"Asesino fiscalía"
812488,3879933,"Alejandra Rincón",14,"Asesinada fiscalía"
785664,550165,"Dhanush",0,"Prabhu/Kadhir"
785664,1907698,"Indhuja Ravichandran",1,"Bhuvana"
785664,1263934,"Elli Avram",2,"Madhuri"
785664,1540764,"Yogi Babu",3,"Guna"
785664,85722,"Prabhu",4,"Psychiatrist"
785664,3720180,"Hiya Davey",5,"Sathya"
785664,3720184,"Prabhav",6,""
785664,3720185,"Pranav",7,""
785664,1641938,"Saravana Subbiah",8,""
785664,91628,"Selvaraghavan",9,"Serial Killer (cameo)"
785664,5118406,"Silvanus Daniel",10,""
785664,5240092,"Thejank",11,""
785664,5749366,"Sylvensten",12,"Young Prabhu"
785664,4138360,"Frankinsten",13,"Young Kathir"
785664,5783638,"Tara Amala Joseph",14,""
1033801,3472982,"Quinn Aune",0,"Sarah Reuter"
1033801,3734178,"Jenna Sue Berry",1,"Jenna"
1033801,3734179,"Shaun Boylan",2,"Dinner Guest"
1033801,1361875,"Alexandra Weaver",3,"Dess"
1033801,3734180,"Jennifer Dunn Green",4,"Mother"
1033801,3734181,"Eloise Eastland",5,"Mizpah Otto"
1033801,3734182,"Lander Eastland",6,"Young Gene Otto"
1033801,3734185,"Aaron Feder",7,"Gene Otto"
1033801,1285665,"Sarah French",8,"Anne Otto"
1033801,2186703,"Zach Kaltenbach",9,"Dr. Thomas Otto"
1033801,3734188,"Kyoki Nance",10,"Caroline Abbot"
1033801,3734190,"Alexander Nishino",11,"Alex"
1033801,3335402,"Sarah Schulte",12,"Minnie Otto"
1033801,3734192,"Toavon Sheats",13,""
1033801,3724089,"William Sibley",14,"Museum Plumber"
1023086,1493433,"Timothy Granaderos",0,"Clayton"
1023086,8329,"Radha Mitchell",1,"Eliza"
1023086,46593,"Emile Hirsch",2,"Donald"
1023086,3696184,"Sarah Coffey",3,"Nikki"
1023086,2495321,"Brooke Ramirez",4,"Petra"
1023086,1371878,"Miles Doleac",5,"Chip"
1023086,1703229,"Lindsay Anne Williams",6,"Casting Director"
1023086,1393517,"Kelly Lind",7,"Mother"
1023086,3904852,"Nick Taylor",8,"Director"
1023086,3696186,"Nick Smith",9,"Cameraman"
985890,3707929,"Dean Michael Gregory",0,""
985890,122999,"George Newton",1,""
985890,3707930,"Melissa Worsey",2,""
985890,3707931,"Leon Worsey",3,""
985890,3707932,"Emily Rose Holt",4,""
985890,3707934,"Alexander King",5,""
985890,3707935,"Emma Wise",6,""
985890,3707937,"Rob Humphries",7,""
961427,2069640,"Donovan Colan",0,"Jake"
961427,2389315,"Jaiden J. Smith",1,"Bo"
961427,2100528,"Dylan Martin Frankel",2,"Carson"
961427,3503008,"Marissa Reyes",3,"Kate"
961427,38581,"Rachael Leigh Cook",4,"Sue"
961427,3768556,"Billie Roy",5,"Joanie"
961427,1062,"Christopher Lloyd",6,"Alex Windsor"
961427,5608147,"Aaliyah Calloway",7,"Little Girl"
961427,68751,"Marla Gibbs",8,"Grandma G"
961427,1126405,"Brad Carter",9,"Frank"
961427,3245755,"Michelle Civile",10,"Orphanage Matron"
961427,5197131,"Seth Ingram",11,"Narrator"
961427,5608149,"Lisbeth Mikoleit",12,"Nightcrawler"
961427,5608150,"Clay Captain",13,"Store Manager"
961427,5608151,"Madison McWhorter",14,"Kate's Friend"
943919,1475940,"Dani Barker",0,"Jess Peters"
943919,1494146,"Luke Cook",1,"Tom Brady"
943919,1169685,"Eliana Jones",2,"Kai"
943919,11889,"Mark Moses",3,"Richard"
943919,1400980,"Sawandi Wilson",4,"Tre"
943919,2822637,"Cristala Carter",5,"Detective Robinson"
943919,101395,"Brian Vincent",6,"Matt"
943919,1544847,"Justin L. Wilson",7,"Bryan"
943919,3213,"Lorraine Farris",8,"Irina"
943919,4108977,"Darrell Thorne",9,"Quasi Queen"
943919,4108978,"Maayan Laufer",10,"Talia"
943919,2987157,"Jean-Remy Monnay",11,"Disheveled Man"
943919,2660535,"Clay Vanderbeek",12,"Rex"
943919,3544440,"Chris Gaunt",13,"Robert"
943919,4108980,"Westley Valentin",14,"Westley"
844380,1830293,"James Zimbardi",0,"Jack Coyle"
844380,62001,"Dee Wallace",1,"Donna"
844380,60650,"Michael Paré",2,"Idres"
844380,1573412,"Angie Teodora Dick",3,"Liz"
844380,968010,"Skyler Caleb",4,"Lucas Coyle"
844380,3105759,"Niesha Renee Guilbot",5,"Zoey"
844380,1821947,"Angela Cole",6,"Steffie"
844380,1182564,"Michael Devorzon",7,"Richard"
844380,1881524,"Emily Killian",8,"Young Donna"
844380,136283,"Tracy Pfau",9,"German Woman"
844380,1619444,"Dig Wayne",10,"Mr. Balocco"
844380,2909688,"Ethan Fletcher Daly",11,"Young Jack"
844380,3135013,"Woodrow Wilson Hancock III",12,"Reed"
844380,3245670,"Cynthia Lucero",13,"Dr. Abernathy"
844380,3418726,"Angelina Karo",14,"Tessa"
764086,2023394,"Ethan Haslam",0,"Protagonist (voice)"
764086,1344622,"Johannes Grenzfurthner",1,"Protagonist (corporeal)"
764086,149887,"Jason Scott",2,"Sadofsky, M.D."
764086,2906423,"Bronwynn Mertz-Penzinger",3,"Mother"
764086,2015332,"Ishan Raval",4,"Bharat"
764086,3148182,"Caroline St. Clair",5,"Mother (voice)"
764086,2906428,"David Fine",6,"Gavin F. Karp"
764086,2906446,"Kudra Owens",7,"Brianna"
764086,3148184,"Offerus Ablinger",8,"The Ex"
764086,1344624,"Roland Gratzer",9,"Dad"
764086,3148185,"Katharina Rose",10,"Dana"
764086,2408721,"Harald Homolka-List",11,"Apopka Chief of Police"
764086,3148186,"Patrick Michael Greene",12,"Officer 1 (voice)"
764086,1219415,"Max Grodénchik",13,"Officer 2 (voice)"
764086,3148188,"Kero Fichter",14,"Macro photography model"
996720,1826758,"Christopher Mulvin",0,"Jed Freeman"
996720,1028461,"Hannah Al Rashid",1,"Alex"
996720,2800199,"Samantha Loxley",2,"Olivia Freeman"
996720,2256229,"Neal Ward",3,"Lionel Flack"
996720,2062960,"Nadia Lamin",4,"Police Officer 1"
996720,2002685,"Craig Hinde",5,"Chef"
996720,3614098,"Anto Sharp",6,"Police Officer 2"
996720,2256217,"Simba Masaku",7,"Disabled Man 2"
996720,2800207,"Sandra Howard-Williams",8,"Disabled Woman"
996720,3614101,"Nick Tuck",9,"Disabled Man 1"
996720,1899278,"Clare Almond",10,"Lionel's Mum"
996720,3614083,"Rachel Oakes",11,"Waitress 1"
996720,2893326,"James Monteith",12,"Barman"
996720,3614109,"Suzi Toms",13,"Waitress 2"
992277,2392013,"Max Harwood",0,"Oliver"
992277,1114487,"Hero Fiennes Tiffin",1,"Mitch"
992277,1531926,"Susan Wokoma",2,"Susanne"
992277,94103,"Evan Ross",3,"Julius"
992277,1510974,"Tallulah Haddon",4,"Chloe"
992277,1208302,"Hammed Animashaun",5,"Elliott"
992277,78030,"Ashley Benson",6,"Margot"
992277,18025,"Ben Miller",7,"Frank"
992277,1656683,"Alex Murphy",8,"Doug"
992277,1716124,"Jacob Sartorius",9,"Kurt"
992277,3683651,"Zenobia Williams",10,"Mel"
992277,3683654,"Mitchell Zhangazha",11,"Mark"
992277,1522759,"Sam Coleman",12,"Don"
992277,1157690,"Nicola Roberts",13,"Chloe's Mum"
992277,3948559,"Benjamin Nealon",14,"Chloe's Father"
901385,1094091,"Maika Monroe",0,"Ruth"
901385,496470,"Jake Lacy",1,"Harry"
901385,157067,"Matthew Yang King",2,"Ray"
901385,2133672,"Dana Green",3,"Vivian"
901385,3732592,"Loudon McCleery",4,"Jimmy"
901385,1245916,"Teal Sherer",5,"Dolores"
901385,54698,"Marcella Lentz-Pope",6,"Therapist Receptionist (voice)"
901385,80823,"Andrew Morgado",7,"Radio Announcer (voice)"
663712,1882502,"Lauren LaVera",0,"Sienna Shaw"
663712,1880016,"David Howard Thornton",1,"Art the Clown"
663712,2787720,"Elliott Fullam",2,"Jonathan Shaw"
663712,3383606,"Sarah Voigt",3,"Barbara"
663712,3790695,"Kailey Hyman",4,"Brooke"
663712,1202687,"Casey Hartnett",5,"Allie"
663712,2119066,"Charlie McElveen",6,"Jeff"
663712,2807731,"Amelie McLain",7,"The Little Pale Girl"
663712,3750570,"Johnath Davis",8,"Ricky"
663712,1676771,"Samantha Scaffidi",9,"Victoria Heyes"
663712,3110932,"Leah Voysey",10,"Clown Cafe Host / Nurse"
663712,105656,"Christopher Irvine",11,"Burke"
663712,74673,"Felissa Rose",12,"Ms. Principe"
663712,2531838,"Owen Myre",13,"Sean"
663712,2034960,"Griffin Santopietro",14,"Eric"
1032876,1845010,"Nicholas Baroudi",0,"Max"
1032876,1961258,"Ellen Adair",1,"Harriet"
1032876,3912570,"Chopper Bernet",2,"Sheriff Charlie Murdoch"
1032876,1218282,"Kevin O'Rourke",3,"Darren Wilmore"
1032876,3656214,"Kate MacCluggage",4,"Marie Dobson"
1032876,121933,"Jeanine Bartel",5,"Dr. Diane Matthews"
1032876,3964258,"Eric Gilde",6,"Deputy Sonny Wright"
1032876,3964260,"Emme Burchardt",7,"Creature"
1032876,3964262,"Paul Weissman",8,"John Pendleton"
1032876,3540699,"Sarah Feldman",9,"Kelly"
1032876,3964263,"Amy Fiebke",10,"Beth"
1032876,3964264,"Chris Keating",11,"Mayor Tom Winston"
1032876,187505,"Vivian Nesbitt",12,"Ada"
1028703,1543051,"Lacy Hartselle",0,"Carrie"
1028703,2118633,"Cale Adcock",1,"Squish"
1028703,3509806,"Luv Patel",2,"AJ"
1028703,951016,"Henry Haggard",3,"Walt"
1028703,1768114,"Allison Shrum",4,"Maxine"
1028703,2118634,"Alice Raver",5,"Ruth"
1028703,1743834,"Brad Belemjian",6,"JaxPro"
1028703,3716013,"Patrick Sharn",7,"The Eliminator"
1028703,3716006,"Claire Palmer",8,"Jess"
1028703,3716009,"Sally Harvey Anderson",9,"Ms. Sunshine"
1028703,3716010,"Adam Pietripaoli",10,"Guard Y"
1028703,3716011,"Ali Thomas",11,"Guard X"
1028703,3716012,"Fallon Gyurko",12,"Luna"
1017335,105271,"Donald Cerrone",0,"Greg"
1017335,65641,"Brande Roderick",1,"Cindy"
1017335,1793239,"Kelly Lynn Reiter",2,"Karen"
1017335,3538331,"Chris Maher",3,"Mills"
999722,57064,"Melika Foroutan",0,"Ella"
999722,43453,"Stephan Luca",1,"Lukas"
999722,2286787,"Bianca Nawrath",2,"Laura Wagner"
999722,2262640,"Otto Emil Koch",3,"Noah"
999722,1538899,"Louie Betton",4,"Alex"
999722,3294376,"Daniela Galbo",5,"Lisa Askonek"
999722,3189677,"Maxine Kazis",6,"Sanna Wagner"
999722,3239736,"Marvin Schulze",7,"Rüdiger"
999722,3242890,"Richard Manualpillai",8,"Malick"
999722,1026372,"Anna Unterberger",9,"Kim"
999722,11464,"Betsy Baker",10,"White Haired Woman"
999114,1947433,"Mikołaj Kubacki",0,"Kamil"
999114,3407969,"Waleria Gorobets",1,"Aga"
999114,3741464,"Monika Mikołajczak",2,"Luiza"
999114,3741468,"Mariusz Urbaniec",3,"Mario"
999114,3622304,"Alicja Wieniawa-Narkiewicz",4,"Tola"
999114,3622305,"Pitry Pitry",5,"'Mycha'"
999114,3344338,"Aleksander Kaleta",6,"Max"
999114,3106936,"Mikołaj Matczak",7,"Paweł"
999114,2879233,"Oskar Wojciechowski",8,"Janek"
999114,3626665,"Marta Stalmierska",9,"Jagna"
999114,1545616,"Sebastian Fabijański",10,"'Blitz'"
999114,83266,"Cezary Pazura",11,"Guard Wacek"
999114,140652,"Tomasz Kot",12,"Zbigniew Wilk"
999114,2041798,"Matylda Damięcka",13,"Robsonica"
999114,1522835,"Konrad Eleryk",14,"Tołdi"
881487,1223787,"Finn Jones",0,"Robert"
881487,136347,"Jessica McNamee",1,"Maia"
881487,582892,"Donna Biscoe",2,"Margaret Delacroix"
881487,1295668,"Thomas Francis Murphy",3,"Maxwell Braun"
881487,60874,"Dane Rhodes",4,"Joseph Ellis"
881487,120251,"Shanna Forrestall",5,"Judy"
881487,1298787,"Susan McPhail",6,"Kathy"
881487,969635,"Sue Rock",7,"Maia's Mother"
881487,1773399,"Liz Elkins Newcomer",8,"Woman (General Store)"
881487,3037585,"Victoria Paige Watkins",9,"Teen Maia (uncredited)"
848058,1260914,"Laura Galán",0,"Sara"
848058,4042991,"Richard Holmes",1,"Desconocido"
848058,102222,"Carmen Machi",2,"Madre de Sara"
848058,2649267,"Irene Ferreiro",3,"Claudia"
848058,1594576,"Camille Aguilar",4,"Roci"
848058,2030317,"Claudia Salas",5,"Maca"
848058,2013136,"José Pastor",6,"Pedro"
848058,2461319,"Fernando Delgado-Hierro",7,"Juancarlitos"
848058,1609925,"Julián Valcárcel",8,"Padre de Sara"
848058,3177400,"Amets Otxoa",9,"Hermano de Sara"
848058,138701,"Pilar Castro",10,"Elena"
848058,1685615,"Chema del Barco",11,"Juan Carlos"
848058,3648953,"Fred Tatien",12,"Padre de Roci"
848058,2443862,"Stéphanie Magnin",13,"Camarera"
848058,3654,"Malena Gutiérrez",14,"Señora María"
843314,212068,"Jan Sælid",0,"Lauritz Smith"
843314,3131455,"Eva Nergård",1,"My"
843314,1565234,"Tarjei Sandvik Moe",2,"Oscar Smith"
843314,2937962,"Anna Filippa Hjarne",3,"Agathe Smith"
843314,19899,"Dennis Storhøi",4,"Timann Flage"
843314,226249,"Nina Ellen Ødegård",5,"Mathilde Flage"
843314,527696,"Benjamin Helstad",6,"Gustav von Kantzow"
843314,79331,"Ellen Dorrit Petersen",7,"Suzanne Smith"
843314,2497472,"Alfred Ekker Strande",8,"Anton"
843314,2302835,"Øyvind Brandtzæg",9,"Doktor Eide"
843314,2416638,"Ingá Márjá Sarre",10,"Tvillingenes Mor"
772973,1972166,"Odessa A'zion",0,"Tara"
772973,57451,"Leslie Bibb",1,"Emily"
772973,20212,"Dermot Mulroney",2,"Ben"
772973,1376782,"Lizze Broadway",3,"Suzy Beemer"
772973,3102516,"Michael Cooper Jr.",4,"Carl"
772973,2042787,"Mary Buss",5,"Aunt Diane"
772973,2757876,"Jackson Dean Vincent",6,"Caleb"
772973,1852188,"Kenneisha Thompson",7,"Detective Childs"
772973,1226119,"Ryan Francis",8,"Detective Gaines"
772973,1516736,"Hartleigh Buwick",9,"Lizzie Borden"
772973,3735351,"Lois Leftwich",10,"Gail Olin"
772973,3123230,"Sabreena Iman",11,"Dr. Sanchez"
772973,3735353,"Krista Perry",12,"Gina"
772973,3735356,"Jennifer Rader",13,"Karen"
772973,3735357,"Avery Baker",14,"Dawn"
1031206,1428395,"Jessica Lowe",0,"Erica Greenspan"
1031206,210172,"Harvey Guillén",1,"Andy"
1031206,1381399,"Nicole Byer",2,"Mikayla"
1031206,77912,"Andrew Lewis Caldwell",3,"Josh Greenspan"
1031206,54651,"Joey Fatone",4,"Joey Fatone"
1031206,71403,"Rob Riggle",5,"Mr. Knight"
1031206,1756597,"James Austin Johnson",6,"Jeremy Fischbein"
1031206,3138,"Kathy Griffin",7,"Stacy Friendship"
1031206,552243,"Nikki Glaser",8,"Phoebe Schluss"
1031206,87334,"Nicole Richie",9,"Lizzie Lennox"
1031206,21200,"Will Arnett",10,"Shamrock"
1031206,77089,"Ken Marino",11,"Nikki Evans"
1031206,223200,"Sterling Sulieman",12,"Ben"
1031206,3161254,"Layla Mohammadi",13,"Candace Nicaragua"
1031206,3267651,"Madeleine Guilbot",14,"Young Erica"
999278,34043,"Stefania Casini",0,"Giovanna"
999278,544723,"Giuseppe Pambieri",1,"Antonio"
999278,1851927,"Gianluca Vannucci",2,"Roberto"
999278,1374568,"Tania Bambaci",3,"Arianna"
999278,2754510,"Mike Cimini",4,"Stefano"
999278,4935590,"Rita Reggiani",5,"Donna sala scommesse"
999278,4935571,"Manuela De Tommaso",6,"Ginecologa"
999278,4935592,"Matthias Cavallo",7,"Stefano bambino"
999278,586117,"Frédéric Graziani",8,"Roberto bambino"
999278,4935593,"Valentina Carbone",9,"Arianna bambina"
999278,130872,"Stefano Fregni",10,"Prete"
999278,4935595,"Antonio Cortese",11,"Yuri"
999278,2797132,"Matteo Silvestri",12,"Guardia ecozoofila"
999278,2239501,"Andrea Porti",13,"Giulio"
1024530,3620497,"Sara Wolfkind",0,"Asha Chaudhry"
1024530,27855,"Shannyn Sossamon",1,"Leah Chaudhry"
1024530,1129806,"Usman Ally",2,"Amir Chaudhry"
1024530,1753378,"Callan Farris",3,"Kamran Chaudhry"
1024530,3739308,"Tate Moore",4,"Cassidy Johnston"
1024530,30069,"Joel Ezra Hebner",5,"Grimcutty"
1024530,203096,"Alona Tal",6,"Melinda Jaynes"
1024530,2451805,"Kayden Alexander Koshelev",7,"Brandon Jaynes"
1024530,3739314,"Malaya Valenzuela",8,"Emily Litman"
1024530,1492195,"Ryan P. Shrime",9,"Dave Bagliardi"
1024530,2774131,"Olabisi Kovabel",10,"Kai"
1024530,1498193,"Brenda Schmid",11,"Tracy Johnston"
1024530,1617331,"Scott Roberts",12,"George Johnston"
1024530,997262,"Nanrisa Lee",13,"Sarah"
1024530,76676,"Shelli Boone",14,"Principal"
1024535,62932,"Jemima Rooper",0,"Laura Birch"
1024535,71083,"Kate Dickie",1,"Celia"
1024535,1602723,"Sarah Paul",2,"Abi"
1024535,1899117,"Nick Haverson",3,"Gerald"
1024535,1013049,"Franc Ashman",4,"Maxine"
1024535,3753233,"Anna Frost",5,"The Goddess"
1024535,3701107,"Keith David Bartlett",6,"Ken"
1024535,3753234,"Kathryn McGarr",7,"Angry Mother"
1024535,1017597,"Simon Meacock",8,"Leonard"
1024535,2318996,"Celinde Schoenmaker",9,"Katrin"
1024535,1229415,"Phillipa Peak",10,"Mrs Dent"
1024535,3753235,"Natasha Thurrell",11,"Gemma the Baby-Eater"
1024535,4734903,"Ollie Douglas",12,""
651187,1154835,"Cristina Rodlo",0,"Sara"
651187,1488784,"Claudia Lobo",1,"Laura Lubo"
651187,1304478,"Mariano Palacios",2,"Daniel"
651187,1996448,"Paola Arrioja",3,"Melissa"
651187,1417288,"Paulette Hernández",4,"Pamela"
651187,1257801,"María José Mariscal",5,""
651187,2467935,"Elaine Haro",6,""
651187,2339384,"Alberto Pavón",7,""
651187,1481864,"Lucero Trejo",8,""
651187,1317736,"Tato Alexander",9,""
651187,2467936,"Sofia Rivera Torres",10,""
616820,8944,"Jamie Lee Curtis",0,"Laurie"
616820,1511997,"Andi Matichak",1,"Allyson"
616820,1267684,"James Jude Courtney",2,"The Shape"
616820,1196041,"Rohan Campbell",3,"Corey"
616820,883,"Will Patton",4,"Frank"
616820,180300,"Jesse C. Boyd",5,"Officer Mulaney"
616820,1551547,"Michael Barbieri",6,"Terry"
616820,3740402,"Destiny Mone",7,"Stacy"
616820,3740404,"Joey Harris",8,"Margo"
616820,3740408,"Marteen",9,"Billy"
616820,59846,"Joanne Baron",10,"Joan"
616820,2053001,"Rick Moose",11,"Ronald"
616820,3408430,"Michele Dawson",12,"Nurse Deb"
616820,1679488,"Keraun Harris",13,"Willy the Kid"
616820,15503,"Kyle Richards",14,"Lindsey"
1218435,4432255,"Crystal Hernandez",0,"Leticia"
1218435,1474008,"Jonathan Medina",1,"Ruben"
1218435,51658,"Judith Scarpone",2,"Norma"
1218435,5111105,"Izabella Limón",3,"Bella"
1218435,5111107,"Siddartha Gutierrez",4,"Alex"
1218435,1315917,"Ricardo Mendoza",5,"Car Buyer 1"
1218435,2610571,"Francisco Gutiérrez",6,"Car Buyer 2"
1218435,5111109,"Johanna Castro",7,"Funeral Guest"
1218435,4104757,"Francisco Diaz",8,"Funeral Guest"
1218435,4843126,"Noemí Díaz",9,"Funeral Guest"
1218435,1478463,"Matthew Jacobsen",10,"Funeral Guest"
1218435,2861130,"Mariana Treviño",11,"Funeral Guest"
1218435,2198823,"Jake Stafford",12,"Funeral Guest"
1218435,5111304,"Scott L. Stanley",13,"Funeral Guest"
1218435,4601354,"Pat Nye",14,"Young Jeff"
991814,1062343,"Kanna Hashimoto",0,"Asuka Morisaki"
991814,2293954,"Gordon Maeda",1,"Takahiro Ise"
991814,1446601,"Maika Yamamoto",2,"Rumiko Hiiragi"
991814,2014560,"Fuju Kamio",3,"Atsushi Kiyomiya"
991814,2194388,"Kotaro Daigo",4,"Shota Uranishi"
991814,2209661,"Mayuu Yokota",5,"Rie Naruto"
991814,1574954,"Shuntaro Yanagi",6,""
991814,66153,"Naomi Nishida",7,""
991814,111639,"Tasuku Emoto",8,"Tomokazu Yashiro"
991814,2807152,"Yuuki Luna",9,"Hina (voice)"
969701,2751202,"Joseph Almani",0,"Danny"
969701,1367009,"Karlee Eldridge",1,"Gwen"
969701,60650,"Michael Paré",2,"Bill Mortiz"
969701,3226994,"Natalia Bilbao",3,"Angela"
969701,2571735,"Brian DeRozan",4,"Officer Pfeifer"
969701,3531223,"Christopher M. Dukes",5,"Officer Holder"
969701,2021530,"Alec Gaylord",6,"ER Doctor"
969701,2380311,"Gar-Ye Lee",7,"Dr. Wu"
969701,3973104,"Matthew Payne",8,"Dr. Silao"
969701,25313,"Elena Sahagun",9,"Laura"
864959,9562,"Marlon Wayans",0,"Howard Gordon"
864959,2029806,"Priah Ferguson",1,"Sydney Gordon"
864959,93527,"Kelly Rowland",2,"Emily Gordon"
864959,8265,"John Michael Higgins",3,"Principal Floyd"
864959,591834,"Lauren Lapkus",4,"Mayor Tammy"
864959,71403,"Rob Riggle",5,"Sully"
864959,54645,"Nia Vardalos",6,"Madam Hawthorne"
864959,2684529,"Abi Monterey",7,"Ramona"
864959,1491083,"Holly J. Barrett",8,"Jamie"
864959,2104790,"Myles Perez",9,"Mario"
864959,31510,"Helen Slayton-Hughes",10,"Victoria Hawthorne"
864959,2143069,"Doug Dawson",11,"Stingy Jack Ghost"
864959,3551693,"Pfeiffer Yaeger",12,"Young Victoria"
864959,3551696,"Finn Carmichael",13,"Skeleton Kid"
864959,1254626,"Jonathan Kite",14,"Mr. Skinner"
852252,1197119,"Sarah Grey",0,"Elly"
852252,41229,"Meg Foster",1,"Ms. Ambrose"
852252,1223438,"Sarah Dumont",2,"Beth"
852252,999790,"Alexis Knapp",3,"Mary Lynn"
852252,8211,"Mena Suvari",4,"Alma"
852252,92309,"Sherman Augustus",5,"Officer Green"
852252,3567662,"Marian Lee",6,"Young Nurse"
852252,3054771,"Olivia Day",7,"Librarian"
852252,2933964,"Kim Kendall",8,"Officer Holly"
852252,2302513,"Jennifer Silverstein",9,"Helen"
852252,4365424,"Derek Severson",10,"Demon Hands"
766220,32747,"Stephen Lang",0,"Old Man"
766220,101808,"Marc Senter",1,"Joe / Rascal"
766220,172156,"Patch Darragh",2,"Bible Salesman"
766220,2633433,"Liana Wright-Mark",3,"Genie"
1019105,1245733,"Justin Roiland",0,"Leroy Peloni (voice)"
1019105,2018847,"Zach Hadel",1,"Reggie Paloni (voice)"
1019105,21063,"Pamela Adlon",2,"Cheruce Paloni (voice)"
1019105,1260936,"Vatche Panos",3,"Little Long Legs (voice)"
1019105,116315,"Kari Wahlgren",4,"Aunt Stephanie (voice)"
1019105,559457,"Steve Agee",5,""
1019105,3744376,"Ryder Bird",6,""
1019105,4992,"Lombardo Boyar",7,""
1019105,2741137,"Emma Chamberlain",8,"Megg (voice)"
1019105,11510,"Macaulay Culkin",9,"Mogg (voice)"
1019105,21290,"Dave Foley",10,"Owl (voice)"
1019105,59842,"Jon Glaser",11,"Werewolf Jones (voice)"
1019105,1229688,"Dawn Cody",12,"Bronwen (voice)"
1019105,1370567,"Eugene Cordero",13,"Banana Guy"
1019105,2019870,"Michael Cusack",14,"Nugget  (voice)"
955532,1289725,"Thomas Niehaus",0,"Frank Lamm"
955532,32823,"Gedeon Burkhard",1,"Horst Wolff"
955532,1140005,"Olga von Luckwald",2,"Marie"
955532,149789,"Rodney Charles",3,"Bob"
955532,28273,"Friederike Kempter",4,"Dörte Grün"
955532,1467023,"Björn Meyer",5,"Huber"
955532,1553993,"Uke Bosse",6,"Staller"
955532,1387096,"Micaela Schäfer",7,"Micaela"
886083,3274444,"Joseph Winter",0,"Shawn"
886083,1362313,"Melanie Stone",1,"Chrissy / Mildred"
886083,1338033,"Jason K. Wixom",2,"Corner Man / Cop Corpse"
886083,3626285,"Pat Barnett Carr",3,"Hettie"
886083,3492071,"Marty Collins",4,"Max Loland / Cop"
886083,3626290,"Perla Lacayo",5,"Latin Professor"
886083,3796696,"Cylia Austin-Lacayo",6,"Latin Professor's Daughter"
886083,3796700,"Hayden Gariety",7,"Hamsa Kid"
886083,3796703,"Ariel Lee",8,"Bathtub Corpse"
886083,3796709,"Jaxon Harker",9,"Conjoined Twin"
886083,2130762,"Brenden Bytheway",10,"EVP Investigator 1"
886083,3526757,"Doug May",11,"EVP Investigator 2"
886083,1765081,"Jeremy Warner",12,"Hettie's Grandson"
886083,2586835,"Ruby York",13,"VHS Girl"
886083,1853996,"Gabriel Casdorph",14,"VHS Dad / 1955 Cop 1"
1027385,1244,"Jonathan Rhys Meyers",0,"Kyle"
1027385,39125,"Will Sasso",1,"Alec"
1027385,10127,"Jon Voight",2,"Ellison Betts"
1027385,79343,"Laura Mennell",3,"Marie"
1027385,223126,"Megan Charpentier",4,"Livie Betts"
1027385,2793892,"Kaya Coleman",5,"Tara"
1027385,93379,"Skyler Shaye",6,"Joy"
1027385,1098664,"Dylan Playfair",7,"Cameron Betts"
1027385,98661,"Bradley Stryker",8,"Burnham"
1027385,1544768,"Barbara Beall",9,"Virginia Betts"
1027385,3751270,"Simon Tattersall",10,"Young Ellison"
1027385,3751268,"Liam Saretsky",11,"Young Alec"
1027385,1897711,"Polina Soldatova",12,"Stalked Woman"
974604,2505489,"Robyn Alomar",0,"Alana"
974604,7005,"Mary Walsh",1,"Carne"
974604,2863701,"Nadine Bhabha",2,"Sadie"
974604,2389793,"Matias Lucas",3,"Doc"
974604,2710310,"Corteon Moore",4,"Mo"
974604,1433019,"Emma Elle Paterson",5,"Mitchy"
974604,1542583,"Tori Barban",6,"Merry"
974604,1652145,"Dakota Jamal Wellman",7,"The Prez"
974604,73610,"Tim Rozon",8,"The Magician"
974604,1530880,"Alexandre Bacon",9,"Ed"
974604,1608637,"Romy Weltman",10,"Pet"
974604,1967356,"Noah Parker",11,"Kenny"
974604,1825911,"Mark Hrynioch",12,"Costumed Killer"
974604,1638250,"Max Laferriere",13,"Costumed Killer"
974604,1875607,"Sébastien Côté",14,"Sexy Cowboy"
935999,10699,"Samantha Bond",0,"Katherine Redwick"
935999,2992825,"Malachi Pullar-Latchman",1,"Chaz"
935999,19775,"James Lance",2,"Hugo Redwick"
935999,3093650,"Hannah Traylen",3,"Vix"
935999,975,"Nick Moran",4,"Mallory"
935999,9140,"James Faulkner",5,"Remington Redwick"
935999,136039,"Larry Lamb",6,"Gregory"
935999,3634443,"Nobuse Jnr Uwaifo",7,"Leon"
935999,3757069,"Ross Coles",8,"Tod"
935999,3828681,"Louis Walwyn",9,"Miles Redwick"
935999,1301637,"Duncan Casey",10,"PC Blake"
935999,4052802,"Heather Tracy",11,"Judy"
935999,3220994,"Chris Porter",12,"Gerald"
935999,2317598,"Matt Addis",13,"Husband"
935999,4956594,"Katrina Syran",14,"Wife"
888097,11155,"Thomas Jane",0,"Elliot Jones"
888097,17140,"Abigail Breslin",1,"Jules"
888097,50463,"Malin Akerman",2,"Beverly Rektor"
888097,929905,"Kara Hayward",3,"Flynn"
888097,210573,"Lydia Hearst",4,"Liz"
888097,572608,"Adam Ambruso",5,"Steven Rektor"
888097,2936527,"Ashley Reyes",6,"Natalie"
888097,2860532,"Julia Sandström",7,"Molly Jones"
888097,2291599,"Sawyer Sharbino",8,"Self"
888097,1253197,"Jack Donnelly",9,"Jack"
888097,3292260,"Riley Del Rey",10,"Flirt"
888097,2037725,"Emmy James",11,"Alex"
888097,1264845,"Monique Candelaria",12,"Newscaster"
888097,2439228,"CG Lewis",13,"Harry Rektor"
888097,2196008,"Galen Howard",14,""
848483,70312,"Fabrizio Rongione",0,"Thomas"
848483,1396912,"Cristiana Dell'Anna",1,"Cristina"
848483,2024496,"Francesco Gheghi",2,"Enrico"
848483,3148983,"Aurora Menenti",3,"Barbara"
848483,2497325,"Leon de La Vallée",4,"Gianluca"
848483,2508295,"Nicolò Galasso",5,"Giacomo"
848483,1501793,"Ondina Quadri",6,"Alice"
848483,928464,"Elena Di Cioccio",7,"Marta"
848483,27198,"Orso Maria Guerrini",8,"Sig. Ferrini"
848483,586942,"Federigo Ceci",9,"Leonardo Ferrini"
848483,1570255,"Francesca Della Ragione",10,"Dott.ssa Diamanti"
848483,1091564,"Pietro Bontempo",11,"Padre Giacomo"
848483,2216591,"Carmen Pommella",12,"Marinella"
848483,3777322,"Jordan Martinetti",13,"Quindicenne"
848483,2009572,"Andrea Ottavi",14,"Guardia Giurata"
587092,1957971,"Jon Goiri",0,"Azulín (voice)"
587092,3534681,"Jaione Insausti",1,"Gordi (voice)"
587092,24987,"Ramón Barea",2,"Narrador (voice)"
587092,3039768,"Txema Regalado",3,"Padre (voice)"
587092,3534680,"Manu Heras",4,"Sargento Caricias / Papá (voice)"
587092,3945388,"Gaizka Soria",5,"Coco (voice)"
587092,3945389,"Iker Diaz",6,"Achuchones (voice)"
587092,3945390,"Estívaliz Lizárraga",7,"Pandi (voice)"
587092,3945391,"Pedro Arrieta",8,"Blackie (voice)"
587092,1515828,"Alberto Vázquez",9,"Sonrisas (voice)"
587092,3945392,"Rosa María Romay",10,"Gemelos Mimosín (voice)"
587092,3039770,"Antón Palomar",11,"Peludito (voice)"
587092,1383948,"Alberto Escobal García",12,"Grimaldo (voice)"
587092,1072083,"Kepa Cueto",13,"Coronel Otto (voice)"
587092,2265834,"Juan Carlos Loriz",14,"Comandante Fluffy (voice)"
511817,1991183,"Lyric Ross",0,"Kat Elliot (voice)"
511817,298410,"Keegan-Michael Key",1,"Wendell (voice)"
511817,291263,"Jordan Peele",2,"Wild (voice)"
511817,3465350,"Sam Zelaya",3,"Raúl Cocolotl (voice)"
511817,20904,"James Hong",4,"Father Bests (voice)"
511817,9780,"Angela Bassett",5,"Sister Helley (voice)"
511817,124501,"Gabrielle Dennis",6,"Wilma Elliot (voice)"
511817,2071873,"Gary Gatewood",7,"Delroy Elliot (voice)"
511817,41316,"Igal Naor",8,"Manberg (voice)"
511817,1996906,"Tamara Smart",9,"Siobhan (voice)"
511817,3465351,"Seema Virdi",10,"Sloane (voice)"
511817,1685831,"Ramona Young",11,"Sweetie (voice)"
511817,76944,"Maxine Peake",12,"Irmgard Klaxon (voice)"
511817,16752,"David Harewood",13,"Lane Klaxon (voice)"
511817,10182,"Ving Rhames",14,"Buffalo Belzer (voice)"
996067,1198672,"Eili Harboe",0,"Mona"
996067,1565240,"Herman Tømmeraas",1,"Robbie"
996067,19899,"Dennis Storhøi",2,"Aksel"
996067,1479015,"Gine Therese Grønner",3,"Siren"
996067,1629807,"Preben Hodneland",4,"David"
996067,3509055,"Siri Black Ndiaye",5,"Liv"
996067,2443524,"Peter Førde",6,"Martin"
996067,4298765,"Vanessa Gong",7,"Receptionist"
996067,2529718,"Hedvig Garshol",8,"Kindergarden headteacher"
996067,4298768,"Nora Jeanett Hauge",9,"Baby"
996067,4298770,"Sigmund Njøs Hovind",10,"Doctor 1"
996067,2529721,"Tore Nysæter",11,"Doctor 2"
996067,3778089,"Adele Lærum Duus",12,"Doctor 3"
996067,3821730,"Cathrine Sviggum",13,"Girl in yoga class (uncredited)"
1035583,81097,"Shawn Roberts",0,"Tom O'Bannon"
1035583,2863703,"Maya Misaljevic",1,"Grace"
1035583,2136722,"Joelle Farrow",2,"Phoebe"
1035583,123660,"Tara Spencer-Nairn",3,"Barb"
1035583,1018325,"Michael Therriault",4,"Gill"
1035583,1843924,"Kelly Penner",5,"Mike"
1035583,2510890,"Samantha Helt",6,"Christine"
1035583,1793716,"Marqus Bobesich",7,"Spinhead"
1035583,88613,"Jesse Buck",8,"Bernie"
1035583,2733614,"Jimmy Limb",9,"Slackjaw"
1035583,1294229,"Marc-André Boulanger",10,"Meat"
1035583,3206169,"David James Karkoulas",11,"Loverboy"
1035583,3530582,"Glen Michael Grant",12,"The Jackyl (as Glen Grant)"
1035583,60434,"Dee Snider",13,"The Head (voice)"
1035583,3799985,"Holly Jade Balmer",14,"Elise"
676547,1400939,"Jacqueline Byers",0,"Sister Ann"
676547,5414,"Colin Salmon",1,"Father Quinn"
676547,1237405,"Christian Navarro",2,"Father Dante"
676547,111658,"Lisa Palfrey",3,"Sister Euphemia"
676547,2693053,"Nicholas Ralph",4,"Father Raymond"
676547,29068,"Ben Cross",5,"Cardinal Matthews"
676547,12519,"Virginia Madsen",6,"Dr. Peters"
676547,1808578,"Tom Forbes",7,"Matt"
676547,22018,"Velizar Binev",8,"Father Bernhard"
676547,1297039,"Owen Davis",9,"Emcee At Pub"
676547,3069741,"Debora Zhecheva",10,"Young Ann"
676547,3069742,"Cora Kirk",11,"Emilia"
676547,3069743,"Posy Taylor",12,"Natalie"
676547,3069744,"Elizabeth Gibson",13,"Sister Kylie"
676547,1013708,"Koyna Ruseva",14,"Ann's Mother"
729454,1507672,"Brittany Blanton",0,"Jane"
729454,1809833,"Cheyenne Gordon",1,"Gil"
729454,228362,"Kaylee Williams",2,"Courtney"
729454,1685824,"Julie Anne Prescott",3,"Nicole"
729454,1545371,"Mark Justice",4,"Mason"
729454,1559116,"Brandy Mason",5,"Meg"
729454,1266415,"Jason Crowe",6,"Will"
729454,1428413,"Kayla Elizabeth",7,"Miley"
729454,1911491,"Kenzie Phillips",8,"Tasha"
729454,2729038,"Savannah Howard",9,"Alex"
729454,2729039,"Nessa Moore",10,"Vanessa"
729454,1153692,"Tom Komisar",11,"Bowman"
729454,2316824,"Alex Gottmann",12,"Charlie"
729454,2915008,"Cara McConnell",13,"Harper"
729454,3565113,"Stephen J. Hodke",14,"Creature"
1032950,1515486,"Piotr Żurawski",0,"Marek"
1032950,107571,"Olaf Lubaszenko",1,"prior Andrzej"
1032950,136642,"Sebastian Stankiewicz",2,"brother Piotr"
1032950,107879,"Lech Dyblik",3,"brother Antoni"
1032950,1583950,"Rafał Iwaniuk",4,"brother Dawid"
1032950,3760138,"Krzysztof Satała",5,"young monk"
1032950,2253021,"Malwina Dubowska",6,"blonde"
1032950,97197,"Zbigniew Waleryś",7,"priest"
1032950,3760148,"Antoni Augustyniak",8,"Baby"
1032950,136595,"Wojciech Niemczyk",9,"Militiaman (I)"
1032950,2242398,"Kamil Pardo",10,"Militiaman (II)"
1032950,3772779,"Ireneusz Tomaszewski",11,"Monk (I)"
1032950,3772782,"Rafał Kiełbowicz",12,"Monk (II)"
1032950,3772783,"Józef Smok",13,"Monk (III)"
1032950,3772784,"Sylwester Nowakowski",14,"Monk (IV)"
675054,2177750,"Iñaki Godoy",0,"Tavo"
675054,3759490,"Marcelo Barcelo",1,"Cronos"
675054,3468540,"Vincent Michael Webb",2,"Johnny"
675054,2458843,"Alejandro Puente",3,"Deivid"
675054,1240118,"Sara Maldonado",4,"Sara"
675054,1415550,"Isabella Camil",5,"Mamá Rex"
675054,2385744,"Mayra Batalla",6,"Mamá Tavo"
675054,1310902,"Bárbara de Regil",7,"Jefa Vargas"
675054,1214982,"Daniel Tovar",8,"Lalo"
675054,2126329,"Roberta Damián",9,"Ana"
675054,1018057,"Ricardo Polanco",10,"Runner"
675054,1044127,"Alejandro Cuétara",11,"Papá de Netaflix"
675054,1043824,"Pascacio López",12,"Matón tatuado"
675054,3759491,"Mario Alberto Monroy",13,"Vigilante"
675054,933667,"Anna Ciocchetti",14,"Mujer elegante"
1041446,557372,"Turner Clay",0,"Self"
1015936,1512920,"Molly Nutley",0,"Elin"
1015936,2280178,"Sofia Kappel",1,"Josefin"
1015936,1297930,"Vincent Grahl",2,"Dimman"
1015936,1055225,"Joel Lützow",3,"Jens"
1015936,3673989,"Emelina Rosenstielke",4,"Ava"
1015936,2837254,"Amanda Lindh",5,"Kirsten"
1015936,1098606,"Michael Odhag",6,"Ulf"
1015936,1727567,"Annica Liljeblad",7,"Ragnhild"
1015936,3673990,"Emma Suki",8,"Nikolina"
1015936,3592359,"Anders Pihlblad",9,"Newsreporter"
1015936,1778534,"Tilde de Paula Eby",10,"Newsreporter"
1015936,3673991,"Bella Klaus",11,"Tourist (uncredited)"
1005828,8768,"Maia Morgenstern",0,"Goat"
1005828,559781,"Marius Bodochi",1,"Wolf"
1005828,3998008,"Antonio Popescu",2,""
1005828,3714754,"Răzvan Ilina",3,"The Big Goat"
1005828,3714755,"Silviu Corbu",4,"The Middle Goat"
1005828,3714757,"Antonio Gavrilă",5,"The Little Goat"
983526,572648,"Alicia von Rittberg",0,"Hunter White"
983526,1565240,"Herman Tømmeraas",1,"Stian Norheim"
983526,79331,"Ellen Dorrit Petersen",2,"Cecilia"
983526,1815691,"Kalle Hennie",3,"Male Nurse"
983526,1198147,"Clarence Smith",4,"Raylan White"
983526,2242185,"Bjørn Hallgeir Myrene",5,"Vegard"
983526,1427166,"Ragnhild Gudbrandsen",6,"Lillian Norheim"
983526,105282,"Stig R. Amdam",7,"Torstein Norheim"
983526,591209,"Morten Holst",8,"Kristian"
983526,1166981,"Maria Alm Norell",9,"Anna Norheim"
983526,1427170,"Gerald Pettersen",10,"Olav Norheim"
983526,1479235,"Gry M. Dahl",11,""
983526,2443524,"Peter Førde",12,"Receptionist"
940417,1287711,"Fuka Koshiba",0,"Ayaka Ichijo"
940417,2143567,"Kazuma Kawamura",1,"Oji Maeda"
940417,66153,"Naomi Nishida",2,"Chieko Ichijo"
940417,2413529,"Yuki Yagi",3,"Futaba Ichijo"
940417,234641,"Hiroyuki Ikeuchi",4,"Psychic Kenshin"
940417,554073,"Hiroyuki Watanabe",5,"Ryushin Tendou"
940417,1780720,"Mario Kuroba",6,"Roido Kanden"
940417,2370987,"Wan Marui",7,"Ai Naruse"
852917,173990,"Gena Shaw",0,"Rachel Rancourt"
852917,181701,"Dean J. West",1,"Eric Rancourt"
852917,1979741,"Tommi Rose",2,"Lillath"
852917,172200,"Simbi Khali",3,"Josephine"
852917,3166959,"Anna Harriette Pittman",4,"April Rancourt"
852917,1385073,"Bill Winkler",5,"Dr. Livingston"
852917,1719039,"Moses Jones",6,"James"
852917,1719026,"Brittney Level",7,"Vanessa"
852917,3166960,"Jaelyn Buffkin",8,"Alice"
852917,3166961,"Nico Tirozzi",9,"Andrew Rancourt"
851731,1861484,"Aishwarya Lekshmi",0,"Kumari"
851731,1296632,"Shine Tom Chacko",1,"Dhruvan"
851731,1174161,"Swasika",2,"Lakshmi"
851731,1625335,"Surabhi Lakshmi",3,"Muthamma"
851731,586651,"Rahul Madhav",4,"Jayan"
851731,2375328,"Tanvi Ram",5,"Nangakutty"
851731,1089134,"Spadikam George",6,"Velyachan"
851731,1747563,"Shivajith Padmanabhan",7,"Thuppan Thampuran"
851731,2123299,"Giju John",8,"Achuthan"
851731,1660789,"Shruthy Menon",9,"Parijatham"
851731,1332804,"Santhakumari",10,"Kunjamma Pillai"
851731,2016019,"Savithri Sreedharan",11,"Narrator"
851731,3084352,"Dineesh P",12,""
851731,3922468,"Sreepath Yan",13,""
779157,3762269,"Jenny Boswell",0,"April Duval"
779157,99067,"Melissa Moore",1,"Gladys"
779157,1570175,"Laura Dennis",2,"Rebecca"
779157,3741000,"Erin Eva Butcher",3,"Carmen"
779157,1376022,"Rick Montgomery Jr.",4,"Rufus"
779157,3311323,"Ashton Wolf",5,"Dr. Lantmen"
779157,1465195,"Jesse Guilmette",6,"Luther"
779157,3538857,"Madeline Dee",7,"Receptionist"
779157,2862911,"Emily Sue Bengtson",8,"Jennifer"
779157,3793827,"John Capocci",9,"Sydney Fine"
779157,3624228,"Bill D. Russell",10,"Maximilian Cuda"
779157,3768444,"Zach Zebrowski",11,"Flynn"
779157,3768445,"Tari Lyn Bergoine",12,"Dorothy"
779157,3768446,"Chad Patterson",13,"Ryan"
779157,2487659,"Pakob Jarernpone",14,"Warren"
760204,1352662,"Charlotte Kirk",0,"Capt. Kate Sinclair"
760204,1270111,"Jonathan Howard",1,"Sgt. Tom Hook"
760204,50668,"Jamie Bamber",2,"Major Roy Finch"
760204,1416301,"Mark Strepan",3,"Corp. Kip Wilks"
760204,1662217,"Hadi Khanjanpour",4,"Kabir"
760204,95715,"Leon Ockenden",5,"Sgt. Oswald Jones"
760204,1473937,"Harry Taurasi",6,"Trooper Vince Hughes"
760204,1621965,"Adam Bond",7,"Pvt. Eddie Serano"
760204,57581,"Neil Marshall",8,"Spearhead Operator"
760204,1976274,"Troy Alexander",9,"Trooper Dave Bromhead"
760204,3625239,"Kibong Tanji",10,"Corp. Jade Lafayette"
760204,933638,"Mark Arends",11,"Pvt. Dwayne Everett"
760204,4347708,"Alex Morgan",12,"WSO Terry Johnson"
760204,3774161,"Mohsen Hassan Nejad",13,"Malik"
760204,3774162,"Musa Ibrahimov",14,"Fahid"
644124,1434814,"Wade Briggs",0,"Harlan Draka"
644124,1403559,"Stuart Martin",1,"Emil Kurjak"
644124,1679829,"Frida Gustavsson",2,"Tesla Dubček"
644124,1614317,"Sebastian Croft",3,"Yuri"
644124,214581,"Luke Roberts",4,"Draka"
644124,18616,"David Morrissey",5,"Gorka"
644124,229674,"Radu Andrei Micu",6,"Lazar"
644124,579061,"Ionut Grama",7,"Stefan"
644124,2505965,"Florin Frăţilă",8,"Dejan"
644124,1675742,"Mădălina Bellariu Ion",9,"Velma"
644124,2505966,"Andreea Coff",10,"Chloe"
644124,2505967,"Alice Cora Mihalache",11,"Aysha"
644124,2399013,"Alexandra Poiana",12,"Vivien"
644124,2505968,"Claudia Negroiu",13,"Old Chloe"
644124,1149860,"Aura Călărașu",14,"Old Aysha"
1051518,2840122,"Spencer H. Levin",0,"Chad"
1051518,1848738,"Michael Bonini",1,"Steve"
1051518,3796745,"Taneisha Figueroa",2,"Jennifer"
1051518,2908469,"Cameron Vitosh",3,"Spencer"
1051518,3577603,"Brandon Doyle",4,"Eric"
1051518,3796742,"Jerilyn Armstrong",5,"MGreyMD"
988233,1518164,"Kayla Adams",0,"Sarah"
988233,1932306,"Matthew Holcomb",1,"Payson"
988233,3675100,"Bryan David Roberts",2,"Wade"
988233,2046309,"Chloe Berman",3,"Lisa"
988233,1979492,"Brad Worch II",4,"Greg"
988233,2102272,"Eric Alperin",5,"Evan"
988233,109422,"Rob Mars",6,"Andy"
988233,1798183,"Schno Mozingo",7,"Kris"
988233,1648701,"Cody Renee Cameron",8,"Ingrid"
988233,1205900,"Courtney Munch",9,"Dianne"
988233,1680185,"Quinn Early",10,"McClane"
988233,1965039,"Dan Brodsky-Chenfeld",11,"Bill"
988233,6027944,"Jonathan Wong",12,"Chad"
988233,6027945,"Christiaan Rendle",13,"Jerry"
988233,6027954,"Mae Baptiste",14,"Young Sarah"
980128,1565408,"Sarah Alexandra Marks",0,"Faith"
980128,1508760,"Marcus Massey",1,"Clayton Slayter (Tree)"
980128,1430710,"Judy Tcherniak",2,"Morrigan"
980128,2469350,"Sarah T. Cohen",3,"Cindy"
980128,3323741,"Kelly Rian Sanson",4,"Becky"
980128,3564433,"Ella Starbuck",5,"Louisa"
980128,3564432,"Lauren Staerck",6,"Tina"
980128,3367977,"May Kelly",7,"Maria"
980128,3629486,"Nikolai Leon",8,"Alex"
980128,2438349,"Richard Harfst",9,"Gilbert"
980128,2763392,"Gillian Broderick",10,"Magna"
980128,2467846,"Bao Tieu",11,"Terry"
980128,2305401,"Mike Kelson",12,"Drunk Man"
980128,216988,"Nicola Wright",13,"Angel Tree"
980128,2269592,"Joseph Simpson-Bushell",14,"Party Attendee"
826777,3081461,"Tom Kerrisk",0,"Christopher Sampson"
826777,3081462,"Will Murphy",1,"Luke"
826777,1190283,"Owen Colgan",2,"Drunk"
826777,3081464,"Brian Moore",3,"Sean"
826777,3081466,"Rob James Capel",4,"Edward"
826777,3081467,"Steven Jess",5,"Eric"
826777,1844919,"Sam McGovern",6,"Patrick"
826777,1923447,"Barry John Kinsella",7,"Robert"
826777,1085744,"Anthony Murphy",8,"David"
826777,3609528,"Cathal Fitzpatrick",9,"Prison Soldier"
1023313,1677388,"María Evoli",0,"Ofelia"
1023313,224320,"Diana Bracho",1,"La Serpiente (voice)"
1023313,972334,"Tina Romero",2,"Julia"
1023313,140605,"Norma Lazareno",3,"Señora Ramirez"
1023313,1070128,"Salvador Sánchez",4,"Señor Ramirez"
1023313,2144028,"Roberto Duarte",5,"Dr. Coria"
1023313,3670025,"Pilar Santacruz",6,"Sandra"
1023313,224319,"Julio Bracho",7,"Padre Victor"
1023313,1309812,"Ramón Medina",8,"Fabian"
1023313,76872,"Juan Carlos Colombo",9,"Padre Rebordinos"
991291,3128261,"Hannah McIver",0,"Anna"
991291,3626291,"Jasmine Daoud",1,"Lauren"
991291,1949700,"Samuel van der Zwalmen",2,"Scott"
991291,1778568,"Carole Weyers",3,"La mère"
991291,1192987,"David Coburn",4,"Le père"
991291,2167336,"Priya Blackburn",5,"Mina"
991291,1405269,"Janis Ahern",6,"Susan"
991291,3092708,"Kassim Meesters",7,"Jason"
991291,2205096,"Reiky de Valk",8,"Tyler"
991291,1835772,"Dianne Weller",9,"La Prof"
991291,3270536,"Jill Vandermeulen",10,"Silent Jill"
991291,3626296,"Jana Versees",11,"Emma"
991291,3626299,"Moke Mowatt",12,"Zoé"
991291,4634821,"Nora Zakiri",13,"Basketball player"
934207,103390,"Aisha Dee",0,"Cecilia"
934207,3407602,"Emily De Margheriti",1,"Alex"
934207,2101968,"Hannah Barlow",2,"Emma"
934207,1759490,"Daniel Monks",3,"Jamie"
934207,2611199,"Yerin Ha",4,"Tracey"
934207,1682317,"Lucy Barrett",5,"Fran"
934207,1980509,"Shaun Martindale",6,"Constable Martindale"
934207,3412347,"Amelia Lule",7,"Young Cecilia"
934207,3412348,"April Blasdall",8,"Young Alex"
934207,3412349,"Camille Cumpston",9,"Young Emma"
934207,3771174,"Louise Barlow",10,"Chemist"
934207,3771175,"Melissa Brownlow",11,"Pregnant Lady"
934207,142393,"Victoria Hopkins",12,"Officer Hopkins"
934207,3704030,"Neil Parikh",13,"Jamie's Party Date"
843621,583479,"Aaron Moorhead",0,"John Daniels"
843621,1074560,"Justin Benson",1,"Levi Danube"
843621,1182669,"Sarah Adina Smith",2,"Dr. Rita Miller"
843621,1034762,"Wanjiru M. Njendu",3,"Levi's Parole Officer"
843621,964037,"Issa López",4,"Isabel"
843621,1074561,"Vinny Curran",5,"Dr. Vincent Daniels"
843621,2374020,"Gille Klabin",6,"Boaz Kaminski"
843621,928106,"C. Robert Cargill",7,"Radio Host"
843621,2088521,"David Lawson Jr.",8,"Attractive Man on Cell Phone"
782936,10912,"Eva Green",0,"Christine"
782936,2983,"Mark Strong",1,"Felix"
782936,1494902,"Chai Fonacier",2,"Diana"
782936,2607591,"Billie Gadsdon",3,"Bobs"
782936,4856396,"Sariah Reyes-Themistocleous",4,"Anina"
782936,2017451,"Anthony Falcon",5,"Jomar"
782936,63359,"Cathy Belton",6,"Liz"
782936,1197689,"Angie Ferro",7,"Ongo"
782936,1496127,"Carla Martinez",8,"Wealthy Lady"
782936,4856402,"Angelo Paragoso",9,"Factory Supervisor"
782936,4856403,"Lawrence Agoncillo",10,"Young Diana"
782936,4856406,"Raquel Regalado",11,"Diana's Mother"
782936,1349679,"Jimson Buenagua",12,"Diana's Father"
782936,2827354,"Donking Rongavilla",13,"Juan"
782936,4856410,"Niamh McAllister",14,"Christine's Assistant"
1026563,2545932,"María Romanillos",0,"Laura"
1026563,79288,"Ruth Díaz",1,"Carmen"
1026563,1760905,"Urko Olazábal",2,"Tomás"
1026563,3781491,"Pablo Revuelta",3,"Jesús"
1026563,105217,"José Sacristán",4,"Padre Olmedo"
1026563,3798606,"Daniela Bini",5,"Niña Demonio"
1026563,1405734,"Cristina Castaño",6,"Asunción"
1026563,1151479,"Silma López",7,"Lola"
1026563,2543169,"Daniel Arias",8,"Enrique"
1026563,1210310,"Alícia Falcó",9,"Mireia"
1026563,3245005,"Uri Guitart",10,"Arturo"
1026563,1378381,"José Torija",11,"Demonio"
1026563,1170151,"Alfonso Delgado",12,"Profesor Arte"
1026563,2646383,"Fernando Oyagüez",13,"Profesor Luis"
1026563,4049991,"Paula Cereixo",14,"Técnica de Resonancia"
994773,3003299,"Šarūnas Rapolas Meliešius",0,"Marius"
994773,3231746,"Gabija Bargailaitė",1,"Brigita"
994773,2313977,"Povilas Jatkevičius",2,"Vytas"
994773,3956713,"Saulė Emilija Rašimaitė",3,"Saulė"
994773,2045323,"Kipras Mašidlauskas",4,"Rimas"
994773,3801781,"Martynas Berulis",5,"Žygis"
994773,4191701,"Deividas Batavičius",6,"Darius"
994773,4191703,"Marija Gevorkjan",7,"Laima"
994773,4191706,"Matas Sigliukas",8,"Modestas"
994773,1334370,"Marius Repšys",9,"Algis"
994773,1776512,"Rimantė Valiukaitė",10,"Mother"
994773,482258,"Donatas Šimukauskas",11,"Father"
994773,1416776,"Ineta Stasiulytė",12,"The School Principal"
994773,1401014,"Andrius Žiurauskas",13,"Taxi Driver"
994773,3231753,"Žygimantė Elena Jakštaitė",14,"Medical Nurse"
934131,228618,"Stefanie Estes",0,"Emily"
934131,1210610,"Olivia Luccardi",1,"Leslie"
934131,1279922,"Eleanore Pienta",2,"Marjorie"
934131,1252505,"Dana Millican",3,"Kim"
934131,1384191,"Melissa Paulo",4,"Anne"
934131,1175676,"Jon Beavers",5,"Craig"
934131,3410426,"Cissy Ly",6,"Lily"
934131,1736793,"Rebekah Wiggins",7,"Alice"
934131,1733553,"Shannon Mahoney",8,"Jessica"
726207,930298,"Ishaan Khatter",0,"Gullu"
726207,2242585,"Siddhant Chaturvedi",1,"Major"
726207,81869,"Katrina Kaif",2,"Ragini"
726207,86014,"Jackie Shroff",3,"Aatmaram"
726207,1246564,"Sheeba Chaddha",4,"Chikni Chudail"
726207,1739729,"Nidhi Bisht",5,"Lady Daayana"
726207,1982904,"Surender Thakur",6,"Raaka"
726207,225150,"Manu Rishi Chadha",7,"Major's Father"
726207,2709481,"Manuj Sharma",8,"Rahu"
726207,1751737,"Kedar Shankara",9,"Gullu's Father"
726207,1465879,"Shrikant Verma",10,"Ketu"
726207,2997737,"Armaan Ralhan",11,"Dushyant"
726207,1179459,"Varun Sharma",12,"Choocha"
726207,1040492,"Pulkit Samrat",13,"Hunny"
726207,223860,"Manjot Singh",14,"Lali"
790409,69313,"Germán Palacios",0,"Juan Conte"
790409,1132081,"Victoria Almeida",1,"María"
790409,1070264,"Gloria Carrá",2,"Raquel"
790409,116362,"César Bordón",3,"Tomás Rubio"
790409,50928,"Germán de Silva",4,"Alvaro"
790409,1813617,"Miguel Jordán",5,"Rabino Mekler"
790409,1597804,"Héctor Calori",6,"Sacerdote Miocic"
790409,3571754,"María Inés Banegas",7,"Monja Estatua"
790409,1087298,"Daniel Miglioranza",8,"Dr. Fisher"
790409,1816069,"Constanza Maral",9,"Monja"
790409,3295408,"Dante Bruni",10,"Ezequiel"
790409,3150074,"Anita Co",11,"Madre de Juan"
790409,1322415,"Iván Moschner",12,"Enfermero Gabriel"
790409,1575136,"Verónica Intile",13,"Regina Castro"
790409,2190195,"Dani Zalenco",14,"Franco Cardenas"
844396,1254435,"Peyton List",0,"Zooza"
844396,558927,"Brendan Meyer",1,"Rob"
844396,1951237,"Kelcey Mawema",2,"Courtney"
844396,3480304,"Kaitlyn Santa Juana",3,"Cotton Allen"
844396,1510489,"Dylan Schombing",4,"Kyle Jr."
844396,188929,"Miriam Smith",5,"Old Woman"
844396,172995,"Jennifer Copping",6,"Zooza's Mom"
844396,1564501,"Miranda Edwards",7,"Detective Modari"
844396,2756311,"Annette Reilly",8,"Donna Means"
844396,3240731,"Lynn Whyte",9,"Marrion"
844396,4311514,"Maria Hart",10,"Diane"
642781,1628974,"Lexi Dripps",0,"Michelle Fairchild"
642781,2269785,"Sable Griedel",1,"Heather"
642781,1628972,"Mitchell Musolino",2,"Sam Daniels"
642781,78021,"Lloyd Kaufman",3,"Town Mayor"
642781,97619,"Linnea Quigley",4,"Sara Barnhart"
642781,73040,"Doug Bradley",5,"Walter Daniels"
642781,106207,"Ari Lehman",6,"Dr. Rock"
642781,99906,"John Bloom",7,"Drive-In Joe"
642781,1175215,"Diana Prince",8,"Dottie"
642781,1729866,"Chad Bruns",9,"Charlie"
642781,1628973,"Will Stout",10,"Josh Harper"
642781,2806645,"Jordan Beltz",11,"Lisa"
642781,1729135,"Drew Marvick",12,"Troop Leader Plums"
642781,228362,"Kaylee Williams",13,"Brittany"
642781,1685824,"Julie Anne Prescott",14,"Jessica"
593643,1397778,"Anya Taylor-Joy",0,"Margot"
593643,5469,"Ralph Fiennes",1,"Chef Slowik"
593643,3292,"Nicholas Hoult",2,"Tyler"
593643,47627,"Janet McTeer",3,"Lillian"
593643,17342,"Paul Adelstein",4,"Ted"
593643,207389,"Rob Yang",5,"Bryce"
593643,1224238,"Aimee Carrero",6,"Felicity"
593643,5723,"John Leguizamo",7,"Movie Star"
593643,1457999,"Arturo Castro",8,"Soren"
593643,163774,"Reed Birney",9,"Richard"
593643,1360317,"Hong Chau",10,"Elsa"
593643,80415,"Judith Light",11,"Anne"
593643,1376148,"Mark St. Cyr",12,"Dave"
593643,174133,"Rebecca Koon",13,"Linda"
593643,1154221,"Peter Grosz",14,"Sommelier"
791177,1353827,"Taylor Russell",0,"Maren"
791177,1190668,"Timothée Chalamet",1,"Lee"
791177,40900,"Mark Rylance",2,"Sully"
791177,2895589,"Anna Cobb",3,"Kayla"
791177,459980,"André Holland",4,"Maren's Father"
791177,64141,"David Gordon Green",5,"Brad"
791177,72873,"Michael Stuhlbarg",6,"Jake"
791177,69055,"Jessica Harper",7,"Barbara Kerns"
791177,2838,"Chloë Sevigny",8,"Janelle"
791177,3505223,"Kendle Coffey",9,"Sherry"
791177,3505226,"Ellie Parker",10,"Jackie"
791177,1254309,"Madeleine Hall",11,"Kim"
791177,1544787,"Christine Dye",12,"Attendant (Corlis, MD)"
791177,144160,"Sean Bridgers",13,"Barry Cook"
791177,1481235,"Jake Horowitz",14,"Booth Man"
788752,1964704,"Elli Rhiannon Müller Osborne",0,"Thale Berg"
788752,47072,"Liv Mjönes",1,"Liv Berg"
788752,1349661,"Vidar Magnussen",2,"Arthur Berg"
788752,2946572,"Mia Fosshaug Laubacher",3,"Jenny Berg"
788752,1733084,"Arthur Hakalahti",4,"William Nordvaag"
788752,1938938,"Sjur Vatne Brean",5,"Jonas Larson"
788752,2302835,"Øyvind Brandtzæg",6,"Eilert Sundas"
788752,1409507,"Ståle Bjørnhaug",7,"Lars Brodin"
788752,2946574,"Sverre Breivik",8,"Torgersen"
788752,1146070,"Anna Dworak",9,"Tove Gran"
788752,1768435,"Assad Siddique",10,"Oddgeir Svelvik"
788752,49563,"Hilde Olausson",11,"Hege Sunde"
788752,49564,"Ola Otnes",12,"Professor Amundsen"
788752,2544813,"Kasper Antonsen",13,"Vidar Uthaug"
788752,2946573,"Silje Øksland Krohne",14,"Elin Gran"
843932,1425924,"Anna Diop",0,"Aisha"
843932,11705,"Michelle Monaghan",1,"Amy"
843932,967617,"Sinqua Walls",2,"Malik"
843932,937913,"Morgan Spector",3,"Adam"
843932,3062739,"Rose Decker",4,"Rose"
843932,122750,"Leslie Uggams",5,"Kathleen"
843932,2979176,"Olamide Candide Johnson",6,"Mariatou"
843932,3594874,"Jahleel Kamara",7,"Lamine"
843932,3229841,"Princess Adenike",8,"Nikki"
843932,3167268,"Mitzie Pratt",9,"Florence"
843932,1519476,"Keturah Hamilton",10,"Cynthia"
843932,3839226,"Anna Quirino",11,"Filipina Nanny"
843932,3839227,"Stephanie Jae Park",12,"Christie"
843932,2091480,"Zephani Idoko",13,"Sallay"
843932,177213,"Ebbe Bassey",14,"Aunt Sarah"
566805,3260560,"Alice Lucy",0,"Heidi"
566805,939,"David Schofield",1,"Alpöhi"
566805,2991230,"Kel Matsena",2,"Goat Peter"
566805,223483,"Max Rüdlinger",3,"Kommandant Knorr"
566805,27763,"Casper Van Dien",4,"President Meili"
566805,2214442,"Almar G. Sato",5,"Klara"
566805,64016,"Pascal Ulli",6,"Dr. Schwitzgebel"
566805,1680046,"Katja Kolm",7,"Fräulein Rottweiler"
566805,2025506,"Rebecca Dyson-Smith",8,"Lutz"
566805,234013,"Kaspar Weiss",9,"Minister Gutzweiler"
566805,1832864,"Werner Biermeier",10,"Cheesemaster Kari"
566805,1917497,"Julia Föry",11,"Flora"
566805,90120,"Dominique Jann",12,"Cheese Dealer"
566805,145536,"Leon Herbert",13,"Isaac"
566805,3723675,"Dieter Friedli",14,"Ueli der Knecht"
1015080,20190,"Efren Ramirez",0,"The Traveler"
1015080,17305,"Greg Grunberg",1,"Detective Arden"
1015080,155625,"Sonya Eddy",2,"Detective Gibbons"
1015080,4992,"Lombardo Boyar",3,"Officer Hernandez"
1015080,935315,"Jessica Cameron",4,"Lobby Victim 2"
1015080,2114682,"Demián Salomón",5,"Gustavo"
1015080,117818,"Victoria Maurette",6,"Viky"
1015080,164208,"Hemky Madera",7,"El Vampiro"
1015080,18920,"Patricia Velásquez",8,"Maribel"
1015080,26853,"Michael C. Williams",9,"Dog Walker"
1015080,3705538,"Missy Merry",10,"Frightened Woman"
1015080,1017157,"Ari Gallegos",11,"De La Cruz"
1015080,1350757,"Jonah Ray Rodrigues",12,"Malcolm"
1015080,1676857,"Danielle Chaves",13,"Amy"
1015080,1570840,"Christian Rodrigo",14,"Miguel"
891996,11784,"Tom Atkins",0,"Self"
891996,11782,"Adrienne Barbeau",1,"Self"
891996,73040,"Doug Bradley",2,"Self"
891996,40680,"Julie Brown",3,"Self"
891996,11770,"John Carpenter",4,"Self"
891996,5139,"Robert Englund",5,"Self"
891996,1041366,"Geretta Geretta",6,"Self"
891996,62596,"Kane Hodder",7,"Self"
891996,78021,"Lloyd Kaufman",8,"Self"
891996,8376,"Mark Mangini",9,"Self"
891996,27737,"Bill Moseley",10,"Self"
891996,44810,"Cassandra Peterson",11,"Self"
891996,97619,"Linnea Quigley",12,"Self"
891996,6877,"William Sandell",13,"Self"
891996,11161,"Tom Savini",14,"Self"
799177,1108119,"Varun Dhawan",0,"Bhaskar"
799177,1285028,"Kriti Sanon",1,"Dr. Anika"
799177,1708061,"Abhishek Banerjee",2,"'Jana' Janardan"
799177,3747377,"Paalin Kabak",3,"Jomin"
799177,85594,"Deepak Dobriyal",4,"Panda"
799177,76789,"Saurabh Shukla",5,"Bagga"
799177,3807674,"Dosam Beyong",6,"Prakash"
799177,3807678,"Madang Pai",7,"Ojha"
799177,2142135,"Baharul Islam",8,"Neri"
799177,3807670,"Ligang Sallu",9,"Kaso"
799177,3807673,"Nending Uttung",10,"PSI"
799177,1724113,"Manoj Bakshi",11,"Bhaskar's Father"
799177,1139872,"Sharad Kelkar",12,"Hunter"
799177,117727,"Rajkummar Rao",13,"Vicky"
799177,1756890,"Aparshakti Khurana",14,"Bittu"
772446,2747742,"Ximena Lamadrid",0,"Esther"
772446,2177750,"Iñaki Godoy",1,"Fausto"
772446,1020697,"Alberto Guerra",2,"Omar"
772446,1451581,"Rubén Zamora",3,"Professor Bernard"
772446,2255014,"Mauro González",4,"Eladio"
772446,112131,"Enrique Arreola",5,"Hugo"
772446,1659073,"Mauro Sánchez Navarro",6,"Rich"
772446,1306685,"Alfonso Borbolla",7,"Roberto"
772446,1201431,"Carolina Politi",8,"Luz"
772446,1317794,"Roberto Quijano",9,"Jorge"
772446,1521053,"Hernán del Riego",10,"Aníbal"
772446,3897817,"David McGlade",11,"Journalist"
772446,118538,"Elena de Haro",12,"Rosario"
1024532,1458947,"Alexandra Park",0,"Bailey"
1024532,2388882,"Sisi Stringer",1,"Grace"
1024532,1510769,"Harry Greenwood",2,"Ben"
1024532,221684,"Darren Gilshenan",3,"Ranger Matt"
1024532,1172833,"Brendan Rock",4,"Gary"
931954,2025252,"Ester Expósito",0,"Lucía"
931954,224517,"Ángela Cremonte",1,"Rocío"
931954,4344983,"Inés Fernández",2,"Alba"
931954,1160748,"Magüi Mira",3,"Marga"
931954,1080794,"Aten Soria",4,"Romina"
931954,1013006,"María José Sarrate",5,"Rosita"
931954,3824741,"Sofía Reyes",6,"Olivia"
931954,1367156,"Fernando Valdivielso",7,"Moro"
931954,1506918,"Federico Aguado",8,"Salinas"
931954,1606,"Francisco Boira",9,"Calvo"
931954,3824743,"Pedro Bachura",10,"Arruza"
931954,2724699,"Alejandra Meco",11,"Nina"
931954,3894787,"Rocío Andrés Riber",12,"Go-go Girl"
931954,2708249,"Said Taibi",13,"Cellular Guy"
931954,976597,"Sonsoles Benedicto",14,"Aunt Galga"
1012706,2375334,"Dana Berger",0,"Jen"
1012706,1923305,"Max Woertendyke",1,"Dan"
969160,3529232,"Marie Luciani-Grimaldi",0,"Kelly"
969160,1017259,"Simon Phillips",1,"Charles"
969160,2480289,"Caylin Turner",2,"Sabrina"
969160,2511041,"Anne-Carolyne Binette",3,"Jill"
1038043,2793892,"Kaya Coleman",0,""
1038043,2587802,"Scarlett Sperduto",1,""
1038043,3238078,"Grant Morningstar",2,""
1038043,3786834,"Kate Mayhew",3,""
1038043,3786835,"Christina Nguyen",4,""
1038043,3786836,"Matt Wise",5,""
1038043,3786838,"Miguel Muñoz",6,""
1038043,3786839,"Cristobal Reyes",7,""
1038043,3786841,"Ophelia Lichtenstein",8,""
1033052,1880016,"David Howard Thornton",0,"The Mean One"
1033052,3237613,"Krystle Martin",1,"Cindy"
1033052,1715155,"Chase Mullins",2,"Officer Burke"
1033052,1264437,"John Bigham",3,"Doc"
1033052,3820636,"Erik Baker",4,"Sheriff Hooper"
1033052,3731720,"Amy Schumacher",5,"Mayor McBean"
1033052,58831,"Flip Kobler",6,"Lou"
1033052,3820625,"Christopher Sanders",7,"Narrator (voice)"
1033052,1763142,"Stephanie Bates",8,"Stephanie"
1033052,156154,"Robert DiTillio",9,"Don"
1033052,155983,"Rachel Winfree",10,"Bartender"
1033052,3661439,"Jessie Holder Tourtellotte",11,"Anchorwoman"
1033052,81579,"Allyson Sereboff",12,"Nurse"
1033052,3707007,"Saphina Chanadet",13,"Young Cindy"
1033052,3483111,"Steven Busby",14,"Anchorman"
1020696,54479,"Bailee Madison",0,"Chloe Albright"
1020696,3035,"Jerry O'Connell",1,"The Coroner"
1020696,2600646,"Anthony Turpel",2,"T.J. Albright"
1020696,1295493,"Chris Butler",3,"Sheriff Duggan"
1020696,2359792,"Chris Lee",4,"Ross"
1020696,1448173,"Jorge-Luis Pallo",5,"Mannix"
1020696,80641,"Sterling Beaumon",6,"Deputy Farmer"
1020696,1452890,"Josh Harp",7,"Old Man"
1020696,3560404,"Kyler O'Neal",8,"Randy"
1020696,4239101,"Haley Pilz",9,"Coroner's Daughter"
1020696,2634680,"Stephanie Rojas",10,"Deputy"
1020696,24968,"Nils Allen Stewart",11,"Dispensary Owner"
1019836,2259152,"Riley Dandy",0,"Tori"
1019836,1721096,"Sam Delich",1,"Robbie"
1019836,1350757,"Jonah Ray Rodrigues",2,"Jay"
1019836,224136,"Dora Madison",3,"Lahna"
1019836,59673,"Jeff Daniel Phillips",4,"Sheriff Monroe"
1019836,21132,"Abraham Benrubi",5,"Santa Claus"
1019836,1159650,"Jeremy Gardner",6,"Officer Smith"
1019836,1559972,"Kansas Bowling",7,"Liddy"
1019836,1194700,"Graham Skipper",8,"Mike"
1019836,1194699,"Joe Begos",9,"Benny Barnes"
1019836,1194701,"Josh Ethier",10,"Larry"
1019836,1186713,"Matt Mercer",11,"Neighbor Dad"
1060421,1731344,"Andrea Laing",0,"Zoe"
1060421,1381491,"Justin Miles",1,"Alex"
1060421,2021224,"Hannah Alline",2,"Beth"
1060421,1410855,"Sean Hankinson",3,"Ben"
1060421,1993492,"Danielia Maximillian-Almeda",4,"Holly"
1060421,3424261,"Skye Passmore",5,"Henry"
1060421,1536821,"Charles Green",6,"Little Man in Fire"
1060421,1337049,"Megan Hayes",7,"Cleaning Woman / Diane"
1060421,3237965,"Tordy Clark",8,"Mother"
1060421,1217576,"Brendan Patrick Connor",9,"Pleatherface"
1060421,156423,"Mark Costello",10,"Sheriff"
1060421,2669542,"Jonathon Pawlowski",11,"Deputy"
1060421,3610976,"Paxton Pope",12,"1950's Kid 1"
1060421,3839045,"Koleman Adams",13,"1950's Kid 2"
1060421,2543606,"Michael Reagan",14,"Isaac"
1035654,134531,"Anna Gunn",0,"Darlene Hagen"
1035654,3900,"Linus Roache",1,"Jack Kingsley"
1035654,21197,"Janeane Garofalo",2,"Gretchen Sullivan"
1035654,2414057,"Mary Leeholland",3,"Sally Hagen"
1035654,3788294,"Esme McSherry",4,"Young Sally"
1035654,1924536,"Zena Leigh Logan",5,"Reporter"
702621,566331,"Oona Chaplin",0,"Rachel"
702621,72985,"Ramón Rodríguez",1,"John"
702621,54817,"Liane Balaban",2,"Vivian"
702621,2298270,"Moni Ogunsuyi",3,"Clerk"
702621,1620297,"Austin Ball",4,"Aaron"
702621,1476043,"Brian McCaig",5,"Benny"
702621,2512529,"Kira Guloien",6,"Lilith"
702621,1548174,"Adam Bernett",7,"Shomrim #1"
702621,1567706,"Hayden Finkelshtain",8,"Shomrim #2"
702621,2860427,"Mark Reinhardt",9,"Young Man"
702621,2191369,"Sasha Rajamani",10,"FedEx Delivery Guy"
702621,2339032,"Mary Ann Stevens",11,"Crone"
702621,12487,"Julie Khaner",12,"Rabbi Simowitz"
702621,175206,"Alex Karzis",13,"Rabbi Cohen"
702621,1461464,"Spencer MacPherson",14,"Stevie"
915968,1057685,"Jeremy King",0,"‘Rad Chad’ Buckley"
915968,1327013,"Zoe Graham",1,"Jessie"
915968,1155170,"Byron Brown",2,"Sam"
915968,10581,"Rich Sommer",3,"Rick"
915968,83151,"Kelli Maroney",4,"Ms. Kapowski"
915968,1194700,"Graham Skipper",5,"Dwight"
915968,142402,"Maria Olsen",6,"Moira"
915968,2104889,"Shakira Ja'nai Paye",7,"Kimmie"
915968,2525892,"Emma Louise Webb",8,"Helena"
915968,99906,"John Bloom",9,"Joe Bob Briggs"
915968,1049928,"Kirk C. Johnson",10,"Kirk"
915968,1622069,"Bruce Davis",11,"Bert"
915968,2843386,"Nicholas Homsher",12,"Extra"
915968,3735356,"Jennifer Rader",13,"Claire"
915968,1355603,"Stephanie Barkley",14,"Buffy"
800815,3894,"Christian Bale",0,"Augustus Landor"
800815,10982,"Harry Melling",1,"Edgar Allan Poe"
800815,86232,"Lucy Boynton",2,"Lea Marquis"
800815,13014,"Toby Jones",3,"Dr. Daniel Marquis"
800815,16358,"Simon McBurney",4,"Captain Hitchcock"
800815,9191,"Timothy Spall",5,"Superintendent Thayer"
800815,3087,"Robert Duvall",6,"Jean-Pepe"
800815,2399836,"Harry Lawtey",7,"Artemus Marquis"
800815,12214,"Gillian Anderson",8,"Julia Marquis"
800815,4273,"Charlotte Gainsbourg",9,"Patsy"
800815,2311924,"Hadley Robinson",10,"Mattie"
800815,2099497,"Fred Hechinger",11,"Cadet Randolph Ballinger"
800815,1651962,"Joseph Brooks",12,"Cadet Stoddard"
800815,2236058,"Steven Maier",13,"Cadet Fry"
800815,1590221,"Brennan Keel Cook",14,"Cadet Huntoon"
1013665,2370285,"Trần Nghĩa",0,""
1013665,3666772,"Trần Tiểu Vy",1,""
1013665,2484765,"Trần Phong",2,""
1013665,3666775,"Minh Dự",3,""
1013665,2230306,"Phương Lan",4,""
1013665,3825921,"Tân Trề",5,""
1013665,2913493,"Lê Huỳnh",6,""
1013665,2045026,"Hoàng Yến Chibi",7,""
1013665,3001984,"Steven Nguyễn",8,""
1013665,2045365,"Sam",9,""
536554,1255540,"Allison Williams",0,"Gemma"
536554,2131391,"Violet McGraw",1,"Cady"
536554,3444018,"Amie Donald",2,"M3gan"
536554,2043430,"Jenna Davis",3,"M3gan (voice)"
536554,1319469,"Ronny Chieng",4,"David"
536554,1071699,"Brian Jordan Alvarez",5,"Cole"
536554,2089274,"Jen Van Epps",6,"Tess"
536554,1023465,"Stephane Garneau-Monten",7,"Kurt"
536554,1237628,"Lori Dungey",8,"Celia"
536554,2618000,"Amy Usherwood",9,"Lydia"
536554,3740423,"Jack Cassidy",10,"Brandon"
536554,1182667,"Michael Saccente",11,"Greg"
536554,2533135,"Samson Chan-Boon",12,"Officer Carter"
536554,2984755,"Kira Josephson",13,"Ava"
536554,1615759,"Renee Lyons",14,"Holly"
1054624,2505489,"Robyn Alomar",0,"Alana"
1054624,2863701,"Nadine Bhabha",1,"Sadie"
1054624,1908411,"Nia Roam",2,"Claudia"
1054624,1608637,"Romy Weltman",3,"Pet"
1054624,1909927,"Lisa Truong",4,"Lucie"
1054624,1433019,"Emma Elle Paterson",5,"Mitchy"
1054624,1542583,"Tori Barban",6,"Merry"
1054624,1652145,"Dakota Jamal Wellman",7,"The Prez"
1054624,1943588,"Ess Hödlmoser",8,"XNDR"
1054624,73610,"Tim Rozon",9,"The Magician"
1054624,2329335,"Daniel Gravelle",10,"The Wil"
1054624,3206567,"Matthew Villeneuve",11,"JP"
1054624,125835,"Judith Baribeau",12,"Professor Reycraft"
1054624,3851073,"Darragh Mondoux",13,"Fake Carne"
1054624,3851074,"Sabrina D'Alelio",14,"Detective"
984105,1172973,"Carl Wharton",0,"Sykes"
984105,1443617,"Chris Bell",1,"Everett"
984105,1358597,"Marcus Langford",2,"Charlie"
984105,1683593,"Raven Lee",3,"Khenmetptah"
984105,3576802,"Sophie Marlowe",4,"Shelly"
984105,2279563,"Jas Steven Singh",5,"Azaan"
1070442,1518226,"Han Dong",0,"Lu Xiaosheng"
1070442,593166,"Chen Zihan",1,"Nan Shang"
1070442,1173223,"Danny Chan",2,"Zhao Quan"
1070442,3406306,"Zhong Lei",3,"Han Ji"
1070442,1675379,"Zhang Haoran",4,"Chen Goshen"
1070442,3442959,"Wei Lu",5,"He Xiaoliang"
1070442,133114,"Zhao Gang",6,"Liu San"
1070442,2670030,"Li Ruixue",7,"Xiao Zhong"
1070442,4191243,"Mao Fan",8,"Qiao An"
826753,1424363,"Eden Brolin",0,"Riley"
826753,1210610,"Olivia Luccardi",1,"Remy"
826753,13021,"William Baldwin",2,"Sheriff Rex"
826753,132220,"Owen Campbell",3,"Levi"
826753,1126405,"Brad Carter",4,"Theo"
826753,3481566,"Virginia Rand",5,"Liv"
826753,32030,"Guinevere Turner",6,"Nora"
826753,1504646,"Sam Quartin",7,"Sadie"
826753,968889,"Billy Blair",8,"Ogden"
826753,1622069,"Bruce Davis",9,"Bruce"
826753,1470811,"Mark Stephen Ward",10,"Father Phillip"
826753,3890486,"Liz Ann Montaneli",11,"Maxine"
826753,1460451,"Mark Murphy",12,"Minsky"
826753,3890495,"Laevin Story",13,"Jonah"
826753,3890479,"Nick HallBilsback",14,"EMT #1"
746524,11705,"Michelle Monaghan",0,"Jess"
746524,22108,"Skeet Ulrich",1,"Patrick"
746524,2337397,"Finlay Wojtak-Hissong",2,"Owen"
746524,2167110,"Skylar Morgan Jones",3,"Tyler"
746524,172797,"June B. Wilde",4,"Helen"
746524,1303813,"Erik Athavale",5,"Dr. Don Forsythe"
746524,36813,"Onalee Ames",6,"Jess' Lawyer"
746524,2146580,"Danika Frederick",7,"Shelly"
746524,2813120,"Jerni Stewart",8,"Nurse"
746524,1356238,"Jennifer Rose Garcia",9,"Candice"
746524,2085991,"Cheryl Gensiorek",10,"Dr. Mansfeld"
746524,1733446,"Michael Strickland",11,"Officer Parker"
746524,2573828,"Cindy Rose Myskiw",12,"Hospital visitor"
746524,2109762,"Rodrigo Beilfuss",13,"Dr. Gupta"
740049,1231284,"Mary Woodvine",0,"The Volunteer"
740049,1731963,"Edward Rowe",1,"The Boatman"
740049,3537017,"Flo Crowe",2,"The Girl"
740049,14465,"John Woodvine",3,"The Preacher"
740049,4018466,"Joe Gray",4,"The Miner"
740049,4018873,"Loveday Twomlow",5,"The Baby"
740049,119093,"Callum Mitchell",6,"Sound Engineer"
740049,2220622,"Morgan Val Baker",7,"The Boatman (uncredited)"
740049,2360091,"Amanda Rawling",8,"Bal Maiden (uncredited)"
740049,4018874,"Dion Star",9,"The Boatman (uncredited)"
740049,2220618,"Isaac Woodvine",10,"The Boatman (uncredited)"
1079643,1231108,"Dan Ewing",0,"Nick"
1079643,82094,"Tim Pocock",1,"Tristan"
1079643,1670909,"Sophie Don",2,"Anya"
1079643,1670910,"Ben Chisholm",3,"BJ"
1079643,1255055,"Jessica Green",4,"Rebecca"
1079643,1969975,"Emily Joy",5,"Kate"
996727,46593,"Emile Hirsch",0,"Adam"
996727,10822,"Stephen Dorff",1,"Cody"
996727,1542878,"Gigi Zumbado",2,"Grace"
996727,2544255,"Tyler Sanders",3,"Danny"
996727,1772576,"Erika Ervin",4,"Jodi"
996727,3614131,"Jesse Kinser",5,"John"
996727,2448671,"Sabina Mach",6,"Carly"
996727,26491,"Vernon Wells",7,"The Doctor"
996727,3064301,"Tanner Zagarino",8,"Shane"
996727,3336541,"Eleanor Burke",9,"Carly (voice)"
996727,5106140,"Nature Trammer",10,"Mckenzi"
996727,1967008,"Heath Hensley",11,"Mr. Fuller"
996727,5578756,"Chelsea Hunter",12,"News Broadcaster"
996727,4352620,"Takaaki Hirakawa",13,"Cashier"
996727,3887493,"Nick Check",14,"Pawn Shop Worker"
994143,3624459,"Lucas Paul",0,"Kevin"
994143,3624460,"Dali Rose Tetreault",1,"Kaylee"
994143,3624461,"Ross Paul",2,"Dad"
994143,3624462,"Jaime Hill",3,"Mom"
994143,3607164,"Kyle Edward Ball",4,"Entity (voice) (uncredited)"
987578,67052,"Macarena Gómez",0,"Teresa"
987578,3822,"Ángela Molina",1,"Libertad"
987578,2354333,"Manel Llunell",2,"Mateo"
987578,138716,"Ana Polvorosa",3,"Marta"
987578,587931,"María León",4,"Carolina"
987578,132443,"Alberto Jo Lee",5,"Taeyang"
987578,16443,"Daniel Freire",6,"Doctor Estrada"
987578,15599,"Antonio Durán 'Morris'",7,"Roberto"
987578,2883140,"Meteora Fontana",8,"Meteora"
987578,2050963,"Songa Park",9,"Cheong Yeong-Il"
987578,1537400,"Maya Murofushi",10,"Dance teacher"
987578,2013158,"Montse Peidró",11,"Nurse Rutia"
987578,1591121,"Soledad Osorio",12,""
981324,3323861,"Howard J. Dave",0,"Julian"
981324,2536384,"Abi Casson Thompson",1,"Yaz"
981324,3320201,"Beatrice Fletcher",2,"Maria"
981324,2999417,"Lee Hancock",3,"Dan"
981324,3320648,"Daniel Godfrey",4,"Jake"
981324,2938347,"Lewis Sycamore",5,"Oliver"
981324,3568082,"Elizabeth Custodio",6,"Courtney"
934601,1486488,"Callie Hernandez",0,"Elena"
934601,3411562,"Ashley Denise Robinson",1,"Jessica"
934601,1158141,"Will Madden",2,"Kevin"
934601,2898852,"Andy Faulkner",3,"Benny"
934601,4753550,"Ross Yingst",4,"David Buford"
934601,1531395,"Alan Palomo",5,"Guy in backseat"
934601,1009811,"Stephanie Hunt",6,"Radio Show host"
296271,1467145,"Alice Orr-Ewing",0,"Laura"
296271,2320395,"Joe Doyle",1,"Father Marconi / Michael"
296271,232205,"Eveline Hall",2,"Liz"
296271,68278,"Peter Mensah",3,"Archangel Michael"
296271,29234,"Joe Anderson",4,"Lucifer"
296271,25730,"Brian Caspe",5,"Dr. Laurent"
296271,25451,"Spencer Wilding",6,"Beast of the Ground"
296271,9140,"James Faulkner",7,"Cardinal Vincini"
296271,2096224,"Victoria Chilap",8,"Brenda"
296271,3016113,"Wendy Rosas",9,"Sophia"
296271,2074551,"Natalia Germani",10,"Alina"
296271,130885,"Pavel Kříž",11,"Bishop Bustamante"
296271,3359110,"Jiří Valeš",12,"Antonio's father"
296271,3949088,"Anushka Holding",13,"Doll"
296271,1840671,"Kevin Michael Clarke",14,"Auctioneer"
691363,28228,"Séverine Ferrer",0,"Adèle"
691363,1168774,"David Doukhan",1,"Jean"
691363,1347698,"Clémence Verniau",2,"La paysanne"
691363,1175154,"Philippe Lamendin",3,"Le moine"
691363,1404182,"Fabien Jegoudez",4,"Le déserteur allemand"
691363,2595136,"Yves Lecat",5,"Le soldat Boileau"
691363,2595331,"Quentin Surtel",6,"Le soldat Verdier"
899579,70303,"Zach Gilford",0,"Ben"
899579,1519512,"Alisha Wainwright",1,"Margaret"
899579,58370,"Amanda Crew",2,"Ellie"
899579,1141398,"Carlos Santos",3,"Thomas"
899579,3314044,"Briella Guiza",4,"Lucy"
899579,3314045,"David Mattle",5,"Spencer"
737853,1491255,"Victoria Moroles",0,"Em"
737853,1979105,"Johnny Berchtold",1,"River"
737853,1280880,"Colton Tran",2,"Kit"
737853,1456478,"Anna Grace Barlow",3,"Eden"
737853,76996,"Jonathan Bennett",4,"Jace"
737853,1263503,"James Gaisford",5,"Andy"
737853,58791,"Patrick Fabian",6,"River's Dad"
1058662,1193808,"Beauty Gonzalez",0,"Ligaya"
1058662,2039984,"Felicity Kyle Napuli",1,"Tala"
1058662,3820320,"James Mavie Estrella",2,"Bayani"
1058662,1194788,"Jasmine Curtis-Smith",3,"The Fairy"
1058662,462483,"Angeli Bayani",4,"Amor"
1058662,576125,"Arnold Reyes",5,"Romualdo"
1058662,1076721,"Ronnie Lazaro",6,"Antonio"
1058662,2008796,"Angelita Loresco",7,"Old Fairy"
1058662,1317503,"Noel Sto. Domingo",8,"Miguelito"
1058662,1834305,"Brian Sy",9,"Nagamatsu"
1013870,2114234,"Phoebe Rex",0,"Samantha"
1013870,2140706,"Dominic Mariche",1,"Gary"
1013870,3155985,"Calem MacDonald",2,"Billy"
1013870,3667726,"Asher Grayson",3,"Jack"
1013870,3667727,"Ben Tector",4,"Miles"
1013870,3667725,"Emma Vickers",5,"Trish"
1013870,3667728,"Isaiah Fortune",6,"Dallas"
1013870,95464,"Jonathan Torrens",7,"Dad"
1013870,3838020,"Caleb Allred",8,"Alien"
1013870,3343370,"Jessica Marie Brown",9,"Mom"
1013870,2790846,"Alexandra MacLean",10,"Teenage Girl"
1013870,1872286,"Jordan Poole",11,"Drunken Teenager"
1013870,3838022,"Noah Rafuse",12,"Noah Rafuse Noah"
1013870,3838023,"Jonni Shreve",13,"The Beast Alien"
995805,3197,"Tom Sizemore",0,"Jonas"
995805,53252,"Noel Gugliemi",1,"Diego Montalban"
995805,1387577,"John Wells",2,"Bruce"
995805,1285665,"Sarah French",3,"Carolyn"
995805,3840957,"Victor V Gelsomino",4,"Damon"
995805,3840959,"Wesley Cannon",5,"FBI Agent Victor Sweden / Alpha Creature"
995805,3407615,"Greg Tally",6,"Midnight"
995805,1414790,"Sheri Davis",7,"Peggy"
995805,2722702,"Bill Victor Arucan",8,"Jimmy"
995805,3840960,"Isabelle Urganci",9,"Sarah"
995805,2599662,"Dane Bingenheimer",10,"Undercover Officer Michael"
995805,2955106,"Zera Lynd",11,"Maggie"
995805,3840962,"Janet Wang",12,"Chelsea"
995805,1580713,"Dave Shecter",13,"Captain David Oveur"
995805,3840964,"Jackson Everest",14,"First Officer Kevin Dunn"
815136,78030,"Ashley Benson",0,"Vicky"
815136,20132,"Jon Foster",1,"Max"
815136,223331,"Sky Ferreira",2,"Stacy"
815136,133980,"Jake Weary",3,"Jake"
815136,1605467,"Duke Nicholson",4,"Pizza Delivery Boy"
815136,19197,"John Robinson",5,"Handyman"
815136,2476360,"Winnie Harlow",6,"Lauren"
815136,1942218,"G-Eazy",7,"Tom Montana"
815136,1698433,"A$AP Nast",8,"Deputy Wayne"
815136,6736,"Pamela Anderson",9,"Sheriff Rogers"
815136,40481,"Luis Guzmán",10,"JazzyLou"
815136,38406,"Paris Hilton",11,"Trap Stars Host"
815136,1813988,"Lindsey Pelas",12,"Lindsey"
815136,1473749,"Tyler Dean Flores",13,"Deadass"
815136,2089967,"Clara McGregor",14,"Kim"
858096,1391937,"Yann Gaël",0,"Chaka"
858096,2417027,"Roger Felmont Sallah",1,"Rafa"
858096,2543178,"Evelyne Ily Juhen",2,"Awa"
858096,521916,"Bruno Henry",3,"Omar"
858096,2859324,"Mentor Ba",4,"Minuit"
858096,3238188,"Marielle Salmier",5,"Sephora"
858096,1162257,"Babacar Oualy",6,"Salamane"
858096,2896580,"Ndiaga Mbow",7,"Souleymane"
858096,3238191,"Cannabasse",8,"Youce"
858096,3238194,"Renaud Farah",9,"Felix"
858096,3238197,"Alvina Karamoko",10,"(voice)"
980078,3629486,"Nikolai Leon",0,"Christopher Robin"
980078,3564234,"Craig David Dowsett",1,"Winnie the Pooh"
980078,3254445,"Chris Cordell",2,"Piglet / Stalker"
980078,3105028,"Maria Taylor",3,"Maria"
980078,1956506,"Natasha Rose Mills",4,"Jessica"
980078,2449994,"Amber Doig-Thorne",5,"Alice"
980078,3320202,"Danielle Ronald",6,"Zoe"
980078,3629485,"Natasha Tosini",7,"Lara"
980078,3367977,"May Kelly",8,"Tina"
980078,3254592,"Danielle Scott",9,"Charlene"
980078,3563237,"Paula Coiz",10,"Mary Robin"
980078,2763392,"Gillian Broderick",11,"Therapist"
980078,1508760,"Marcus Massey",12,"Colt"
980078,2746491,"Richard D. Myers",13,"Logan"
980078,3570378,"Simon Ellis",14,"Tucker"
964825,85786,"Pia Hierzegger",0,"Claudia"
964825,3514362,"Nina Katlein",1,"Simi"
964825,48151,"Michael Pink",2,"Stefan"
964825,3514364,"Alexander Sladek",3,"Filipp"
880100,82631,"Joseph Sikora",0,"Rom"
880100,1350469,"Andrew Bachelor",1,"Benny"
880100,209196,"Annie Ilonzeh",2,"Bianca"
880100,1602964,"Ruby Modine",3,"Serena"
880100,94958,"Iddo Goldberg",4,"Michael"
880100,143242,"Terrence J",5,"Russ"
880100,2101949,"Jessica Allain",6,"Meg"
880100,76126,"T.I.",7,"Lou"
880100,3014480,"Tyler Abron",8,"Kim"
880100,4031765,"Mezi Atwood",9,"Patty"
880100,1333195,"Bayardo De Murguia",10,"Self Help Author"
880100,1514286,"Mario Fernandez",11,"Doctor #1"
880100,3600049,"Whylip Lee",12,"Doctor #2"
880100,1444151,"Chanel Gaines",13,"Young Meg"
880100,1100041,"Michelle McCormick",14,"Miss Wrenrich"
758769,1408809,"Hannah John-Kamen",0,"Maya"
758769,230680,"Douglas Booth",1,"Jamie"
758769,1963195,"Jamie Lee O'Donnell",2,"Aisling Whelan"
758769,1656685,"Chris Walley",3,"Killian Whelan"
758769,1223792,"Kristian Nairn",4,"Eoin Whelan"
758769,17782,"Colm Meaney",5,"Colm “Daddy” Whelan"
758769,174745,"Niamh Cusack",6,"Niamh"
758769,182043,"Lalor Roddy",7,"Rory"
758769,1250809,"Finbar Lynch",8,"Father Brendan"
758769,2941424,"Bradley Turner",9,"Hoodie Leader"
758769,110322,"Ania Marson",10,"Mother Redcap"
758769,31723,"Billy Boyle",11,"Shopkeeper"
758769,1199390,"Paul Blackwell",12,"Removal Man"
667216,28846,"Alexander Skarsgård",0,"James Foster"
667216,1137824,"Mia Goth",1,"Gabi Bauer"
667216,217055,"Cleopatra Coleman",2,"Em Foster"
667216,72327,"Jalil Lespert",3,"Alban Bauer"
667216,1116027,"Adam Boncz",4,"Ketch"
667216,1232769,"Amanda Brugel",5,"Jennifer"
667216,33343,"John Ralston",6,"Dr. Modan"
667216,149640,"Jeff Ricketts",7,"Charles"
667216,1358318,"Caroline Boulton",8,"Bex"
667216,3491,"Thomas Kretschmann",9,"Thresh"
667216,2503031,"Roderick Hill",10,"Angry Guest"
667216,1383580,"Alan Katić",11,"State Police Officer"
667216,1391279,"Dunja Sepčić Bogner",12,"Anna the Cleaning Woman"
667216,1831011,"Zijad Gračić",13,"Dro Thresh"
667216,569918,"Amar Bukvić",14,"Resort Cop"
977155,1591370,"Seo Hyun-woo",0,"Producer Kim"
977155,2053095,"Jo Min-kyeong",1,"Female Reporter"
977155,3216021,"Ahn Hyun-bin",2,"Cameraman"
977155,1696022,"An Min-young",3,"Shaman"
977155,2888653,"Jang Se-won",4,"Part-time Male"
977155,2888801,"Kim Seung-bee",5,"Shaman's Assistant"
977155,4037951,"Hwang Ki-seok",6,"Detective"
977155,5024048,"Lee Sae-ro-mi",7,"Lawyer"
631842,543530,"Dave Bautista",0,"Leonard"
631842,221611,"Jonathan Groff",1,"Eric"
631842,969316,"Ben Aldridge",2,"Andrew"
631842,109319,"Nikki Amuka-Bird",3,"Sabrina"
631842,10989,"Rupert Grint",4,"Redmond"
631842,1473432,"Abby Quinn",5,"Adriane"
631842,3645646,"Kristen Cui",6,"Wen"
631842,1816366,"McKenna Kerrigan",7,"Andrew's Mom"
631842,944574,"Ian Merrill Peakes",8,"Andrew's Father"
631842,3933126,"Denise Nakano",9,"TV Newscaster #1"
631842,2977776,"Rose Luardo",10,"PWTC Spokeswoman"
631842,1343847,"Billy Vargus",11,"Seismologist"
631842,2138636,"Satomi Hofmann",12,"TV Newscaster #2"
631842,4219900,"Kevin Leung",13,"Man with Child on TV"
631842,3078311,"Lee Avant",14,"TV News Anchor #3"
1081713,2777287,"Wang Zhao",0,"Chen Yue"
1081713,1258714,"Wang Yabin",1,"Fatty Li"
1081713,2476651,"Ma Qianqian",2,"Zhong Ming"
1081713,3905391,"Fang Ziyi",3,"Xia He"
1081713,2580028,"Zhou Qinlin",4,"Shen Linchuan"
1081713,3072153,"Li Peize",5,"Zhong Siyuan"
1081713,5922573,"Jiang Junnan",6,"Qiu Xiong"
1081713,5922577,"Xu Jinzhou",7,"Lao Kang"
1081713,5922580,"Wang Yang",8,"Da Zhuang"
1081713,5922584,"Zhu Xin Hui",9,"A Cheng"
1081713,4771969,"Cui Shang",10,"Feng Zi"
1081713,25249,"Waise Lee Chi-Hung",11,"Hei Ze"
1081694,60561,"Mo'Nique",0,"Emma Leeden"
1081694,3507075,"Chasity Sereal",1,"Sky Brown"
1081694,2484487,"Denisha Hardeman",2,"Jessie"
1081694,3685365,"Ian Haywood",3,"Gregory"
1081694,3902629,"Mcauley Teters",4,"Randy"
1081694,3902627,"Lisa Alavi",5,"Ashley Leeden"
1081694,1213364,"Charnele Brown",6,"Oda Brown"
1081694,3902628,"Cooper Helm",7,"Mathew Leeden"
1081694,2806087,"Sara Alavi",8,"Rachel Gates"
1081694,1979112,"Courtney Glaude",9,"Homeless guy"
1081694,3902630,"Maudejanei Alero",10,"Kendell"
1081694,3685058,"Ursula Renee",11,"Cafe Patron"
1081694,3902631,"Wendy Camet",12,"Cafe Patron"
1081694,3902632,"Crystal Lauren Jackson",13,"Audience member"
1081694,3902633,"Paige McCorkle",14,"Cafe Patron"
1104670,2580076,"Laura Welsh",0,"Samantha"
1104670,3979383,"Neil Green",1,"Officer McLoughlin"
1104670,3142747,"Jon Meggison",2,"Adam"
1104670,3979391,"Amy DiLorenzo",3,"Mrs. Fisher"
1104670,3102233,"Jax Kellington",4,"Alana"
1104670,3692778,"Stephanie Leet",5,"Officer Cunningham"
1104670,3633186,"Steve Larkin",6,"Principle Richard Towers"
1104670,1579201,"Calvin Morie McCarthy",7,"Parker"
1104670,3354399,"John Reddy",8,"Eddie"
1104670,2739366,"Allegra Sweeney",9,"Miles"
1104670,3503484,"Chynna Rae Shurts",10,"Barbra"
1104670,3979419,"Savannah Raye Jones",11,"Ashley"
1104670,3441966,"Sebastian Paulsen Bjørndal",12,"Carter Fisher"
1104670,3693110,"Nicolette Pullen",13,"Mikki"
1104670,3692779,"Daniel Donlon",14,"Chris Greene"
1008374,1385600,"Noémie Merlant",0,"Jo"
1008374,239019,"Kit Harington",1,"Spencer"
1008374,3298933,"Camila Canó-Flaviá",2,"Caroline"
1008374,91670,"Eisa Davis",3,"Sarah"
1008374,1371019,"Maxwell Cosmo Cramer",4,"Mickey"
1008374,449513,"Meredith Hagner",5,"Shelly"
1008374,18261,"Jayne Atkinson",6,"Doris"
1008374,1381465,"Charlie Romanelli",7,"Louis"
1008374,4386281,"Lucas Timothy Thompson",8,"Ruby"
1008374,3097784,"Amber Janea",9,"Farah"
1008374,2823863,"Pat Labez",10,"Sheila"
1008374,4386279,"Gabriella Reese Thompson",11,"Ruby"
1008374,163774,"Reed Birney",12,"Dr. Rosenbaum"
1008374,3026331,"Lauren Beveridge",13,"Ginger"
1008374,1544754,"Emerald Rose Sullivan",14,"Pam"
976121,1470729,"Soubin Shahir",0,"Jibin Madhavan (Jibi)"
976121,1440952,"Arjun Ashokan",1,"Sinu Soloman"
976121,1209616,"Chemban Vinod Jose",2,"Sayed"
976121,3303015,"Sajin Gopu",3,"Niroop"
976121,3721853,"Siju Sunny",4,"Mukesh"
976121,3721854,"Afzal P H",5,"Karikuttan"
976121,3550741,"Abin Bino",6,"Shijappan"
976121,3721855,"Jagadeesh Kumar",7,"Soman"
976121,3721856,"Anantharaman Ajay",8,"Rivin"
976121,3721857,"Joemon Jyothir",9,"DJ Babu"
976121,4766358,"Sreejith Babu",10,"Maththi"
976121,2594982,"Deepika Das",11,"Nayana Nurse"
976121,3327904,"Suresh Lakkoor",12,"Doctor"
976121,3616358,"Thankam Mohan",13,"Jibin's Mother"
976121,1625832,"Assim Jamal",14,"Benny Chettan"
1014629,3670039,"Shannon Dalonzo",0,"Sarah"
1014629,108700,"Eileen Dietz",1,"Old Woman"
1014629,1017259,"Simon Phillips",2,"The Manager"
1014629,3670056,"Jessica Gray",3,"Waitress"
1014629,583457,"Justin Gordon",4,"Michael"
1014629,1788486,"John D. Hickman",5,"Bus Boy"
1014629,3670046,"James Politano",6,"Old Man"
1014629,3670048,"Briahn Auguillard",7,"The Hunter"
1014629,3670049,"Robin Bookhout",8,"Crazy Woman"
1014629,3670051,"Heather Rozzo",9,"911 Operator"
852432,3165193,"Angèle Mac",0,"Assitan"
852432,2352692,"Hatik",1,"Ahmed"
852432,2540925,"Ahmed Abdel Laoui",2,"Chakib"
852432,1633865,"Jules Houplain",3,"Nathan"
852432,2084179,"Bruni Makaya",4,"Anton"
852432,2463406,"Jules Dhios Francisco",5,"Enfant"
852432,3378580,"Kylian Larmonie",6,"Duma"
852432,3378581,"Laurent Poignot",7,"Grégory"
852432,3378582,"Ayoub Bara",8,"Nourdy"
852432,1852481,"Igor Kovalsky",9,"Jordan"
852432,3685720,"Kevin Bago",10,"Driss"
852432,3685721,"Lina-Camélia Lumbroso",11,"Shakira"
852432,3392838,"Merveille Nsombi",12,"Mansour"
852432,47799,"Nicolas Pignon",13,"François"
852432,1835733,"Marie Rémond",14,"Audrey"
1064312,2304087,"Ali Fikry",0,"Adi"
1064312,3612935,"Nafiza Fatia Rani",1,"Ayu"
1064312,2423997,"Bima Sena",2,"Saman Abdullah"
1064312,1431490,"Aulia Sarah",3,"Sri Woro Hadisono"
1064312,1202392,"Taskya Namya",4,"Ningsih"
1064312,1830161,"Andri Mashadi",5,"Karta"
1064312,3253567,"Kevin Abani",6,"Samiun"
1064312,2346962,"Muhammad Abe",7,"Village headman"
1064312,4766485,"Sulis Kusuma",8,"Village headman's wife"
1064312,3368267,"Bambang Paningron",9,"Ustadz"
1064312,2519310,"Bebe Gracia",10,"Wati"
1064312,3165314,"Riyanto",11,"Kasan"
1064312,3111527,"Heru Prasetyo",12,"Jin Ummu"
1064312,5149787,"Evan Putra",13,"Drajat"
1064312,3153925,"Kukuh Riyadi",14,"Mantri"
1008005,1712994,"Carla Campra",0,"Sara"
1008005,2988148,"Aina Quiñones",1,"Rebe"
1008005,3582598,"Marc Soler",2,"Pedro"
1008005,3648364,"Carlos Oviedo",3,"Chivo"
1008005,3535280,"Olimpia Roch",4,"Judith"
1008005,1062012,"María Molins",5,"Amparo"
1008005,1462123,"Xavi Lite",6,"Antonio"
1008005,1141781,"Anna Alarcón",7,"Remedios"
1008005,1434242,"Victor Solé",8,"Santiago"
1008005,3778996,"Daniel Rived",9,"Tano"
1008005,19825,"Jacob Torres",10,"Jaime"
1008005,1062005,"Manel Barceló",11,"Padre Manuel"
1008005,230210,"Mercè Llorens",12,"Teresa"
1008005,2438142,"Claudia Riera",13,"Sonia"
1008005,3130541,"Mariona Lucas",14,"Vane"
884184,20089,"Jena Malone",0,"Grace"
884184,6413,"Danny Huston",1,"Father Romero"
884184,2170974,"Thoren Ferguson",2,"DCI Harris"
884184,51119,"Will Keen",3,"John"
884184,95716,"Ian Pirie",4,"Vincent"
884184,67026,"Janet Suzman",5,"Mother Superior"
884184,1628434,"Alexandra Lewis",6,"Sister Beth"
884184,2108331,"Steffan Cennydd",7,"Michael"
884184,3313929,"Kit Rakusen",8,"Young Michael"
884184,3579888,"Eilidh Fisher",9,"Sister Meg"
884184,2805863,"Jolade Obasola",10,"Sister Matilda"
884184,27825,"Victoria Donovan",11,"Grace's Mother"
884184,229961,"Shaun Scott",12,"Father Carol"
884184,4832195,"Godwin To",13,"Patient's Husband"
884184,3579911,"Daisy Allen",14,"Young Grace"
752867,1678747,"Robbie Banfitch",0,"Robbie Zagorac"
752867,2813807,"Angela Basolis",1,"Angela Bocuzzi"
752867,2813800,"Scott Schamell",2,"Scott Zagorac"
752867,3490736,"Michelle May",3,"Michelle August"
752867,2813799,"Leslie Ann Banfitch",4,"Leslie Zagorac"
752867,3311164,"Christine Brown",5,"911 Operator"
752867,2813818,"Melissa Andrea",6,"Neighbor"
752867,2980623,"Nancy Bujnowski",7,"Flight Attendant"
752867,2966529,"Aro Caitlin",8,"Aro Aguilar"
752867,2966537,"Scott Oakdale",9,"Studio Technician"
1072074,1244,"Jonathan Rhys Meyers",0,"Sam"
1072074,2037077,"Rachelle Goulding",1,"Lily"
1072074,199486,"Elyse Levesque",2,"Monica"
1072074,58058,"Lochlyn Munro",3,"Frank"
1072074,26089,"Garry Chalk",4,"Virgil"
1072074,1850803,"Trezzo Mahoro",5,"Carter"
1072074,119758,"Anita Brown",6,"Sarah"
1072074,98661,"Bradley Stryker",7,"Gaunt Man"
1072074,2542950,"Mila Jones",8,"Little Girl"
983883,1868413,"Greg Hsu",0,"Wu Ming Han"
983883,1266721,"Austin Lin",1,"Mao Pang Yu"
983883,2270252,"Gingle Wang",2,"Lin Tzu Ching"
983883,131290,"Tsai Chen-nan",3,"Lin Hsiao Yuan"
983883,1905358,"Wang Man-chiao",4,"Mao Chen A Lan"
983883,1366128,"Tou Tsung-hua",5,"Mao's Father"
983883,127685,"Ma Nien-Hsien",6,"Chang Yung Kang"
983883,1245710,"Aaron Yan",7,"Chen Chia Hao"
983883,2386927,"Liu Kuan-ting",8,"Police Officer"
983883,2463037,"Dean Tong",9,"Councilman Chen's Son"
983883,1630061,"Flower Chen",10,"Chubby"
983883,4907647,"Emma Lin",11,"Section Assistant"
983883,6095292,"Wang Jun",12,"Section Assistant"
983883,4907657,"He Zhong-Jun",13,"Section Assistant"
983883,4905258,"Liao Qiu-kun",14,"Section Assistant"
917007,1373659,"Melissa Barrera",0,"Julie Rivers"
917007,545195,"Guy Burnet",1,"Daniel Rivers"
917007,1590230,"Edie Inksetter",2,"Delmy Walker"
917007,1975740,"Sebastian Billingsley-Rodriguez",3,"Four-year-old Kinsey"
917007,1303813,"Erik Athavale",4,"Dr. Meadows"
917007,1661385,"Kristen Sawatzky",5,"Melandra Kinsey"
917007,2867971,"Koen Schneiderat",6,"Seven-year-old Kinsey"
917007,1128538,"Paul Essiembre",7,"Dean Whittier"
917007,61160,"Marina Stephenson Kerr",8,"Mrs. Whittier"
917007,3608818,"Diana Botelho-Urbanski",9,"Clinic Nurse"
917007,212141,"Kristen Harris",10,"OB-GYN"
917007,2154533,"Stephanie Sy",11,"Nurse"
917007,1148697,"Adam Hurtig",12,"ER Doctor"
917007,1929450,"Ava Julien",13,"ER Nurse"
917007,117051,"Darcy Fehr",14,"Jake"
843898,20047,"Cara Buono",0,"Heather McCalister"
843898,928905,"Clare Foley",1,"Lauren Davis"
843898,92729,"Spencer List",2,"Peter McCalister"
843898,6573,"William Sadler",3,"Gilbert McCalister"
843898,1070349,"Michael Park",4,"Officer Matthews"
843898,1260716,"Tyler Elliot Burke",5,"Shawn McCalister"
843898,1468291,"Adam Weppler",6,"Dylan"
843898,1545694,"Ehad Berisha",7,"Mike"
843898,3242789,"Giselle Torres",8,"Veronica"
843898,2904616,"Dan Leahy",9,"Ben"
843898,2300226,"Sienna Hubert-Ross",10,"Ashley"
843898,1468289,"Erik Bloomquist",11,"Danny"
843898,2593147,"Emily McMurtry",12,"Kellie"
843898,3623752,"Tess Santarsiero",13,"Martha"
843898,3623753,"Declan Foley",14,"Tommy"
772515,3514938,"Natalia Solián",0,"Valeria"
772515,1149129,"Alfonso Dosal",1,"Raúl"
772515,2385744,"Mayra Batalla",2,"Octavia"
772515,1486120,"Mercedes Hernández",3,"Isabel"
772515,979449,"Sonia Couoh",4,"Vero"
772515,1043823,"Aida López",5,"Maricarmen"
772515,3563806,"Anahí Allue",6,"Norma"
772515,238141,"Martha Claudia Moreno",7,"Ursula"
772515,1251685,"Emilram Cossío",8,"Ginecólogo"
772515,971363,"Norma Reyna",9,"Sabine Woman"
772515,112211,"Gina Morett",10,"Sabine Woman"
772515,1315559,"Rocío Belmont",11,"Sabine Woman"
772515,4579561,"Camila Leoneé",12,"Paola"
772515,4579564,"Luciano Marti",13,"Jorge"
772515,589123,"Enoc Leaño",14,"Luis"
980152,1644164,"Becca Hirani",0,"Lola"
980152,2469350,"Sarah T. Cohen",1,"Simone"
980152,3729399,"Connor Powles",2,"Gabriel"
980152,3367977,"May Kelly",3,"Monica"
980152,2040481,"Rita Siddiqui",4,"Alexis"
980152,3564433,"Ella Starbuck",5,"Star"
980152,3418688,"Osian Dixon",6,"Ted"
980152,3564497,"Katiris Cooper",7,"Tina"
980152,1913029,"Keith Eyles",8,"Gabe's Dad"
980152,1573656,"Kate Sandison",9,"Gabe's Mum"
980152,3570378,"Simon Ellis",10,"Mechanic"
869523,1646704,"Inka Kallén",0,"Maria"
869523,2198065,"Saana Koivisto",1,"Matilda"
869523,1646726,"Pekka Strang",2,"Mikko"
869523,1505465,"Janina Berman",3,"Old Lady"
869523,123366,"Olga Temonen",4,"The Mother"
869523,89507,"Niko Saarela",5,"The Father"
869523,1656801,"Linnea Skog",6,"Young Maria"
869523,2874572,"Hilma Temonen",7,"Young Matilda"
869523,3712196,"Kristian Stierncreutz",8,"Young Mikko"
869523,108476,"Mikko Leppilampi",9,"Lawyer"
869523,3712197,"Ville Pidätys",10,"Ferry Driver"
869523,3906124,"Vootele Poll",11,"Forrest Ranger"
869523,3673204,"Ergo Küppas",12,"Police Officer Eerikäinen"
869523,3906121,"Maria Tennof-Salman",13,"Female Police Officer"
869523,3906116,"Marek Nõmm",14,"Waiter"
852096,35029,"David Harbour",0,"Ernest"
852096,1795607,"Jahi Di'Allo Winston",1,"Kevin Presley"
852096,53650,"Anthony Mackie",2,"Frank Presley"
852096,451684,"Erica Ash",3,"Melanie Presley"
852096,1891446,"Niles Fitch",4,"Fulton Presley"
852096,1709507,"Isabella Russo",5,"Joy Yoshino"
852096,220088,"Tig Notaro",6,"Dr. Leslie Monroe"
852096,19453,"Tom Bower",7,"Ernest Scheller"
852096,86276,"Sean Boyd",8,"Young Ernest Scheller"
852096,1754222,"Nicholas X. Parsons",9,"Fake Jesus"
852096,80619,"Steve Coulter",10,"Deputy Director Arnold Schipley"
852096,1055739,"Scott A. Martin",11,"Sheriff Brown"
852096,38334,"Jennifer Coolidge",12,"Judy Romano"
852096,141764,"Peggy Walton-Walker",13,"Ramona Scheller"
852096,1376003,"Sherri Eakin",14,"Young Ramona"
1092073,2755159,"Tim Spriggs",0,"Harrison"
1092073,2173923,"Melissa Brattoni",1,"Fiona Simons"
1092073,2835107,"Brandon Krum",2,""
1092073,4087699,"Davida Tal",3,""
1092073,4214504,"Alex Snow",4,""
1092073,2062347,"Tara Jay",5,""
1092073,4136233,"Elke Hinrichsen",6,""
1092073,3381890,"Marvin Maddicks Jr.",7,""
1092073,2979076,"Rudy Ledbetter",8,""
951996,18906,"Neil Dickson",0,"Dr. Richard Cernovich"
951996,1042242,"Tyler Tackett",1,"Luke Matthews"
951996,30352,"Ariadna Cabrol",2,"Ivanna Escalante"
951996,1795845,"Edward Apeagyei",3,"Brad Richards"
951996,2238203,"Tamara Radovanović",4,"Sophie"
951996,1496324,"Mehmet Cerrahoglu",5,"Klaatu"
951996,3473957,"Helen Babic",6,"Kathy Thompson"
951996,1005130,"Marcus Jean Pirae",7,"Heinrich"
951996,1316223,"Loris Curci",8,"Agent Bliss"
951996,3473958,"Ranko Goranović",9,"Taxi Driver"
951996,102383,"Milan Todorović",10,"Cernovich's driver"
951996,5139,"Robert Englund",11,"Barada (voice)"
478530,3197,"Tom Sizemore",0,"Detective Clayton Douglas"
478530,62715,"Robert Miano",1,"Dr. Heysinger"
478530,1463205,"Airen DeLaMater",2,"Sister Rose"
478530,37027,"Lew Temple",3,"Gabe Proctor"
478530,1463206,"Jody Quigley",4,"Daniel Glassman"
478530,104189,"Silvia Spross",5,"Elsie"
478530,4374344,"Lorna Larkin",6,"Alice"
478530,4374346,"Karla Froehlich",7,"Maxine"
478530,236467,"Rafael Portillo",8,"Shadow Demon"
478530,1182902,"Bryan Donoghue",9,"Ronald"
478530,4374350,"Chuck Pressler",10,"Confederate Soldier Davis"
478530,4374351,"Claudine Quigley Piechotta",11,"Audrey"
478530,4374353,"Julia McCarty",12,"Anna"
478530,2697221,"Caitlin King",13,"Nurse 1"
478530,4374355,"Em Anderson",14,"Nurse 2"
1092324,932422,"Suziey Block",0,"Gal Roberts"
1092324,2763333,"Brooke Bradshaw",1,"Ameliana Brasher"
1092324,3940532,"C.R. Brough",2,"Lenny Douglas"
1092324,3940533,"Trisha Goulter",3,"Charity Henderson"
1092324,3940534,"Solveig Helene",4,"Minerva Sound"
1092324,3940536,"Christine Martin",5,"Patricia Brasher"
1092324,3940537,"Brian McPherson",6,"Joseph Sinclair"
1092324,3009716,"Eric Mencis",7,"Gary Hinge"
1092324,3082248,"David Morales",8,"William 'Bill' Salerno"
1092324,2886119,"David Nichols Jr.",9,"Luke Wells"
1092324,2872064,"Marco Antonio Parra",10,"Oscar Mendoza"
1092324,3940549,"Sami Sallaway",11,"Cathy Waid"
1088080,3925039,"Rory Wilson",0,"Chris Rivers"
1088080,2413594,"Leuan Coombs",1,"Billy"
1088080,3925118,"Lynsey Bennett-Thompson",2,"Paula"
1088080,2438358,"Jonathan Keeble",3,"The Watcher (Voice)"
1088080,3924903,"Scott Bishop",4,"Policeman"
1088080,3925093,"Keith Lupton",5,"The Watcher"
1088080,3925120,"Nicole Carino",6,"Karen Rivers"
1088080,3925122,"Dylan Runge",7,"John"
1088080,3925104,"Martin Meredith",8,"Tortured Man"
1088080,3925089,"Shaun Bishop",9,"Van Der Berg"
1088080,3925123,"Tim Wells",10,"Van Der Berg (Voice)"
1088080,3925096,"Holly Kehoe",11,"Female Sleepwalker"
1088080,3925095,"Andrew Sexton",12,"Male Sleepwalker"
1088080,3925124,"Jennifer Dawson",13,"Police Phone Operator"
1088080,3925125,"Paul Stockton",14,"Psycho in Newspaper"
941256,74673,"Felissa Rose",0,"Les"
941256,1517136,"Kevin Caliber",1,"Mac"
941256,2490748,"Holly Rockwell",2,"Gail"
941256,3715545,"Xavier Roe",3,"Will"
941256,2042783,"Rachel Amanda Bryant",4,"Shiloh"
941256,3082648,"Likun Jing",5,"Lo"
941256,3442407,"Toya Morman",6,"CeCe"
941256,1318342,"Gregory Blair",7,"Travis"
941256,3442405,"Frankie Guzman",8,"Rudy"
941256,3442404,"Miranda Bourke",9,"Rylee"
941256,3442406,"Scott Alan Ward",10,"Jared Scott"
941256,3715546,"Michael Turner Tucker",11,"Carl"
941256,136230,"Al Gomez",12,"Hunter"
941256,4120942,"Isabel Lorraine",13,"Delores"
941256,1704670,"Sage Mayer",14,"Young Will"
1084225,1717904,"Chloe Guidry",0,"Ines"
1084225,3917087,"Nhedrick Jabier",1,"Bui"
1084225,2437837,"Carmina Garay",2,"Kuan"
1084225,62784,"Billy Slaughter",3,"Martin Parker"
1084225,2714862,"Carli McIntyre",4,"Rue"
1084225,1358648,"Laura Coover",5,"Reporter"
1084225,1709849,"Presley Richardson",6,"Bennett"
1084225,3917091,"Sean Papajohn",7,"Jack"
1084225,3917092,"Legend Jay Jones",8,"Slingshot Gang"
1084225,3917093,"Evan Soto",9,"Lacrosse Player"
1084225,3917094,"Makaila Faith Nixon",10,"Slingshot Blue Girl"
1017063,3677275,"Penelope Sangiorgi",0,""
1017063,2546848,"Rocco Marazzita",1,""
1017063,2909886,"Lucia Caporaso",2,""
1017063,2186384,"Daniele De Martino",3,""
1017063,3677276,"Chiara Casolari",4,""
1017063,2536932,"Alessandra Pizzullo",5,""
1017063,3677277,"Peter Stephen Wolmarans",6,""
785759,143549,"Rebekah Kennedy",0,"Masha"
785759,2283865,"Belle Adams",1,"Sarah"
785759,1681685,"Jacob DeMonte-Finn",2,"Masha's one night stand"
785759,2934926,"Tim Fox",3,"Dustin"
785759,1070188,"Clint Glenn Hummel",4,"Charlie"
785759,1492017,"Danielle Kennedy",5,"Mary"
785759,21321,"Kristina Klebe",6,"Rachel"
785759,2625633,"Ian Michaels",7,"Simon"
785759,2435782,"Lindsey Rose Naves",8,"Rachel's colleague"
785759,2834402,"Julien Marlon Samani",9,"Paul"
785759,2649206,"Dina Silva",10,"Melissa"
785759,2086873,"Emma Wilde",11,"Coven witch 1"
785759,2166796,"Megan Johnson",12,"Woman in the Bathroom"
785759,82944,"Rachel Kerbs",13,"Jessica"
1071976,169362,"McKenzie Westmore",0,"Molly"
1071976,56385,"Grant Bowler",1,"Eric"
1071976,154575,"Tyler Christopher",2,"Griffin"
1071976,13021,"William Baldwin",3,"Senator Carlson"
1071976,2804676,"Tori Griffith",4,"Chrissy"
1071976,3930986,"Jessie B. Evans",5,"Clay"
1071976,3096570,"Adam H. Marchand",6,"David"
1071976,3930988,"Tola Lawal",7,"Yolanda"
1071976,1630016,"Mica Javier",8,"Natasha"
1071976,1155659,"Jack Pearson",9,"Sven"
1071976,3931113,"Ace Christensen",10,"Lang"
1071976,3930989,"Juliet Angelina Hernandez-Mark",11,"Ava"
1071976,98157,"Paul Logan",12,"Goldstone"
1071976,3930991,"Gabi Singh",13,"Rebekah Pauling"
1071976,2388449,"Leo Vargas",14,"Neame"
989872,3595144,"Natalie Terrazzino",0,"Karen"
989872,3595145,"JC Oakley III",1,"Danny"
989872,3595146,"Larry Bunton",2,"Glenn"
989872,3595147,"Philip Zimny",3,"Eddie"
989872,4305260,"Olivia Graves",4,"Lily"
989872,239603,"Georgia Kate Haege",5,"Tina (voice)"
989872,2583046,"Reece Griffin",6,"Bobby (voice)"
829038,145247,"Phoebe Tonkin",0,"Gwen Taylor"
829038,1181327,"Lamorne Morris",1,"Teddy Miles"
829038,1713726,"Madison Hu",2,"Alice"
829038,168326,"Lauren Bowles",3,"Birdie"
829038,52801,"Patrick Fischler",4,"Warner"
829038,61510,"Christopher Denham",5,"Walton Grey"
829038,14889,"Connor Price",6,"Cole"
829038,1561234,"Jess Varley",7,"News Anchor"
829038,1438296,"Dennis Grimes",8,"Orderly #1"
829038,1766029,"David Carrera",9,"Orderly #2"
829038,2665941,"Tom Dang",10,"Delivery Guy"
829038,149335,"Tricia Small",11,"Ghost #1"
829038,4602286,"Ella Stabile",12,"Ghost #2"
829038,4602287,"Joy Picodot",13,"Ghost #3"
1095340,112532,"Kevin Interdonato",0,"Jesse"
1095340,1357659,"Nick Baillie",1,"William McCabe"
1095340,1728467,"Melissa Anschutz",2,"Lauren McCabe"
1095340,2427780,"Alix Schwartz",3,"Erin McCabe"
1095340,98723,"John Fallon",4,"Michael"
1095340,3949479,"Danilo Rocha",5,"Gary"
1104771,39661,"Francis Magee",0,"Don"
1104771,2517398,"Mirren Mack",1,"Carla"
1104771,1662112,"Aki Omoshaybi",2,"Frank"
1104771,174779,"Michelle Collins",3,"Sarah"
1104771,2326720,"Kaisa Hammarlund",4,"Carla's Mum"
1104771,1824709,"Nigel Hastings",5,"Police sergeant"
1104771,3064626,"Muki Zubis",6,"Police Liaison"
1104771,3979734,"Macadie Amoroso",7,"Female Police Constable"
1104771,3979737,"Dominic Gilday",8,"Police  Constable"
1104771,2371977,"Justin Marosa",9,"Man at Door"
1067714,1294,"Missi Pyle",0,"Carol"
1067714,20088,"Jolene Purdy",1,"Sam"
1067714,1984116,"Midori Francis",2,"Emily"
1067714,1518215,"Michael Patrick Lane",3,"Charlie"
1067714,1754222,"Nicholas X. Parsons",4,"Isaac"
1067714,1096595,"Brett Baker",5,"Carl"
1067714,1948562,"Ren Hanami",6,"Mom"
1088157,2610800,"Georgia Eyers",0,"Lara Levonde"
1088157,1231108,"Dan Ewing",1,"Ron Levonde"
1088157,82094,"Tim Pocock",2,"Daniel James King"
1088157,1416789,"Eliza Matengu",3,"Dr. Marisa Walsh"
1088157,1230299,"John Wood",4,"Detective Chambers"
1088157,97586,"Rosie Traynor",5,"Barbara"
1088157,2391549,"Sunny S. Walia",6,"Lance"
1088157,3355536,"Madeline Claire French",7,"Olivia"
1088157,211670,"Hugh Sexton",8,"Plumber / Sunburnt Man"
1088157,5643791,"Jesse Luyten",9,"Steven / Shadowman"
1088157,5643794,"Andy De Ross",10,"Demon"
1088157,5643797,"Peter Richards",11,"Skinny"
1088157,3969817,"Carlia Capozza",12,"Officer Kim Jones"
1088157,5620825,"Dylan Bunn",13,"The Kid"
1088157,3067267,"Ella Bourne",14,"Allie Johnston"
934433,1373659,"Melissa Barrera",0,"Sam Carpenter"
934433,974169,"Jenna Ortega",1,"Tara Carpenter"
934433,1508653,"Jasmin Savoy Brown",2,"Mindy Meeks-Martin"
934433,2174509,"Mason Gooding",3,"Chad Meeks-Martin"
934433,1895760,"Jack Champion",4,"Ethan Landry"
934433,51957,"Roger L. Jackson",5,"'The Voice' (voice)"
934433,60458,"Liana Liberato",6,"Quinn Bailey"
934433,20212,"Dermot Mulroney",7,"Detective Bailey"
934433,1352921,"Devyn Nekoda",8,"Anika Kayoko"
934433,426216,"Josh Segarra",9,"Danny Brackett"
934433,17265,"Hayden Panettiere",10,"Kirby Reed"
934433,15319,"Henry Czerny",11,"Dr. Christopher Stone"
934433,1291350,"Tony Revolori",12,"Jason Carvey"
934433,22108,"Skeet Ulrich",13,"Billy Loomis"
934433,1372369,"Samara Weaving",14,"Laura Crane"
1081662,2311924,"Hadley Robinson",0,"Hannah"
1081662,4570,"Emily Hampshire",1,"Claudia"
1081662,1855024,"Kausar Mohammed",2,"Esther"
1081662,427978,"Brandon Mychal Smith",3,"Kaelin"
1081662,972079,"Desmin Borges",4,"Cristean"
1081662,57663,"Deborah Rennard",5,"Stacy"
1081662,1763913,"Pat Dortch",6,"Steven"
1081662,3976780,"Craig Kolkebeck",7,"Fred"
1081662,3170854,"Robert Stevens Wayne",8,"Cement Man"
1081662,1979097,"Annie Pisapia",9,"Florence"
1081662,1722048,"Daniel Chioco",10,"Emmett"
1081662,1868289,"Sheila Jenkins",11,"Raw Appendage"
1081662,3976781,"Ashley Rose Folino",12,"Doctor"
1081662,4301641,"Carrie Lynn Stauber",13,"Dermatologist"
1081662,1805551,"Adam Butterfield",14,"Waiter"
916433,25023,"Anne Ramsay",0,"Marla Sheridan"
916433,59285,"Ezra Buzzington",1,"Mjr. Paul DiFranco"
916433,1595506,"Jeremy Holm",2,"Mjr. Archibald Stanton"
916433,31268,"Larry Fessenden",3,"Lt. Col. Clive Hockstatter"
916433,1450212,"Ron E. Rains",4,"Bob Sheridan"
916433,21321,"Kristina Klebe",5,"Hildegard Baumann"
916433,2308468,"Lucy Carapetyan",6,"Susan Hockstatter"
943788,221098,"Anna Camp",0,"Cora"
943788,64343,"John Ales",1,"Abel"
943788,1287658,"Jennifer Lafleur",2,"Bray"
943788,128560,"Travis Hammer",3,"Wyatt"
943788,4033377,"Eduardo Campirano III",4,"Noah"
943788,52885,"Ritchie Montgomery",5,"Kidnapper"
943788,4033378,"Kenneth Ford",6,"The Seeker"
943788,3965924,"Alicia S Mason",7,"Simmons"
943788,1299674,"Ian Casselberry",8,"Moya"
942251,81685,"Frank Grillo",0,"Robert Williams"
942251,1011103,"Will Peltz",1,"Lucas Williams"
942251,1223438,"Sarah Dumont",2,"Grace Combs"
942251,1104414,"Sydelle Noel",3,"Dr. Adkins"
942251,5915,"Jaime King",4,"Annie"
942251,1477060,"Katherine Hughes",5,"Tianna Williams"
942251,2024563,"Josh Plasse",6,"Mitch Combs"
942251,1487985,"Vince Hill-Bedford",7,"Ben"
942251,951643,"Tobias Jelinek",8,"Pax"
942251,3352252,"Alex Fine",9,"Travis"
942251,2692760,"Matthew Salvatore Furfaro",10,"Rick"
942251,2261255,"Spencer Vaughn Kelly",11,"Eric"
1089951,1662821,"Michaela Longden",0,"Margot Richardson"
1089951,3933020,"Rebecca Phillipson",1,"Evie"
1089951,2459647,"Tom Millen",2,"Mason Richardson"
1089951,2992695,"Victor Mellors",3,"James Knightley"
1089951,1438982,"Simon Davies",4,"Barton Bailey"
1089951,1565408,"Sarah Alexandra Marks",5,"Greta"
1089951,2645417,"Honor Davis-Pye",6,"Young Margot"
1089951,2536381,"Georgina Jane",7,"Nancy"
1089951,3933033,"Ivy Deakin",8,"Young Evie"
1089951,3933035,"Alice Thoma",9,"Possessed Woman"
1089951,3409690,"Stewart Magrath",10,"Henry Hargreaves"
1089951,1976353,"Philip Ridout",11,"Douglas"
1089951,3933036,"Nick Bailey",12,"Seance Leader"
1089951,3933038,"Max Easton",13,"Charlie Bailey"
1089951,3161815,"Bethany-Julianne Kerr",14,"Woman 1"
1057577,1966958,"Ward Kerremans",0,"Matthias"
1057577,544096,"Sallie Harmsen",1,"Liv"
1057577,53904,"Johan Leysen",2,"Pol"
1057577,1723606,"Jesse Mensah",3,"Timme"
1057577,1274465,"Mieke De Groote",4,"Brenda"
1057577,233884,"Katelijne Damen",5,"Yvette"
1057577,1671944,"Lize Feryn",6,"Michelle"
1057577,1589388,"Simon D'Huyvetter",7,"Pol (young)"
1057577,1721247,"Daphne Wellens",8,"Laura"
1057577,1937116,"Jennifer Heylen",9,"Umulisa"
1088619,2168263,"Lachlan Watson",0,"Chloe"
1088619,95519,"Nick Sandow",1,"Hank"
1088619,558927,"Brendan Meyer",2,"Joshua"
1088619,163642,"Michele Hicks",3,"Mom"
1088619,3951231,"Shunori Ramanathan",4,"Dr. Lynch"
1088619,1454300,"Boyana Balta",5,"Ellen"
1088619,3951232,"Beckett Guest",6,"Young Friend"
1088619,3951233,"Michelle Violette",7,"Store Clerk"
1034093,2338811,"Sarah J. Bartholomew",0,"Anya"
1034093,1949842,"Madi Bready",1,"Kenzie"
1034093,2064701,"Anna Knigge",2,"Lenka"
1034093,4118576,"Kristi Noory",3,"Verasha"
1034093,4118575,"KJ Flahive",4,"Aaron"
943930,2560224,"Milena Smit",0,"Lola"
943930,1972706,"Jaime Lorente",1,"Adolfo"
943930,2526906,"Carlos González Morollón",2,"Tin"
943930,3690350,"Anastasia Russo",3,"Tina"
943930,37507,"Teresa Rabal",4,"Sor Asunción"
943930,929758,"Ruth Gabriel",5,"Madre Pedrito"
943930,555517,"Luis Perezagua",6,"Don Julián"
943930,3552456,"Enara Prieto",7,"Wedding Guest"
943930,2194968,"Ana Blanco de Córdova",8,"Communion Priest"
943930,3994557,"Sergio Ramos",9,"Pedrito"
943930,1072597,"Joserra Leza",10,"Priest"
943930,1417592,"Chelo Vivares",11,"Gynecologist"
943930,2230103,"Marichu Sanz",12,"Nun"
943930,5102296,"Antonio Figueredo Manrique",13,"Cura Comunión"
943930,5102297,"Cristina Pérez Nollet",14,"Enfermera"
747731,1517307,"Michael Merchant",0,"Johnny"
747731,4161134,"Felix Cortes",1,"Jonray"
747731,1965481,"Jason Delgado",2,"Crisanto"
747731,1658016,"David E. McMahon",3,"Frank"
747731,1153694,"Ellie Church",4,"Lars"
747731,1517308,"Trey Harrison",5,"Vin"
747731,1493344,"Wayne W. Johnson",6,"Monster Boy"
747731,100760,"Billy Garberina",7,"Bossman"
747731,98683,"Ron Bonk",8,"Mr. Clark"
747731,1529616,"Ryan LaPlante",9,"Dr. Fisher"
747731,1517313,"Brett Janeski",10,"Dr. Hamill"
747731,2024778,"Nathan Ludwig",11,"Dr. Daniels"
747731,5679300,"Ryan Felker",12,"Bulloch"
1085103,141687,"Dianna Agron",0,"Ella Patel"
1085103,404,"Melora Hardin",1,"Dr. Elizabeth Simmons"
1085103,1435955,"Jay Ali",2,"Aidan Patel"
1085103,2605256,"Grace Porter",3,"Shauna"
1085103,3712,"Saul Rubinek",4,"Joseph"
1085103,4096311,"Laura Elizabeth Stuart",5,"Fi"
1085103,3318578,"Stefan Sims",6,"Harvey"
1085103,3347517,"Nikita Patel",7,"Dr. Webber"
1085103,1712147,"Rosa Gilmore",8,"Very Tall Woman"
1085103,1392601,"Charissa Allen",9,"Annika"
1085103,1691838,"Kat Steffens",10,"Cara"
1085103,2244795,"Alexis Jacknow",11,"Patient"
1085103,202845,"Christine Woods",12,"Distraught Woman"
1085103,1660709,"Margaux Susi",13,"Mother #1"
1085103,2909428,"Marquel Skinner",14,"Mother #2"
1105283,1304459,"Ilse Salas",0,"Miss Rojas"
1105283,3981484,"José María Nieto",1,"Tomás"
1105283,3981485,"Ana Paula del Moral",2,"Linda"
1105283,3981486,"Santiago Aray",3,"Enrique"
1105283,1197398,"Sophie Alexander-Katz",4,"Mamá Enrique"
1105283,967928,"Eugenio Bartilotti",5,"Profesor Robusto"
1105283,76872,"Juan Carlos Colombo",6,"Abuelo"
1105283,1257800,"Claudia Álvarez",7,"Mamá Rodolfo"
1105283,1398802,"Anajosé Aldrete",8,"Silvia"
1105283,5204988,"Norma Angélica",9,"Miss Noemí"
949701,1194688,"Kritsanapoom Pibulsonggram",0,"Klao"
949701,3610087,"Win Sakulsaengprapha",1,"Young Klao"
949701,1101368,"Paul Spurrier",2,"Dan"
949701,2763423,"Chanya McClory",3,"Sao"
949701,4750025,"Schannelle Geretto",4,"Young Sao"
949701,3115084,"Bhumibhat Thavornsiri",5,"Anan"
949701,1692282,"Joe Cummings",6,"Augustin"
949701,1267892,"Krissada Sukosol Clapp",7,"Noi"
949701,1072040,"Nopachai Jayanama",8,"Pan"
949701,1284808,"Morakot Sangtaweep",9,"Darin"
1094403,1221085,"Jessica Sula",0,"Jessica Loren"
1094403,1046202,"Candice Coke",1,"Diane"
1094403,2354012,"Chaney Morrow",2,"John Malum"
1094403,1908462,"Clarke Wolfe",3,"Dorothea"
1094403,2676086,"Morgan Lennon",4,"Kitty"
1094403,2456341,"Valerie Loo",5,"Anna Cole"
1094403,2380307,"Monroe Cline",6,"Betty"
1094403,3946960,"Eric Olson",7,"Will Loren"
1094403,1218507,"Sam Brooks",8,"Officer Price"
1094403,1181263,"Kevin Wayne",9,"Nate"
1094403,1966230,"Danielle Coyne",10,"Birdie"
1094403,937370,"Natalie Victoria",11,"Marigold"
1094403,3946961,"Christopher Matthew Spencer",12,"Officer Hudson"
1094403,1047654,"Britt George",13,"Officer Grip Cohen"
1092654,1848952,"Sara Ali Khan",0,"Meesha Singh Gaikwad/Fatima"
1092654,1208682,"Vikrant Massey",1,"Kapil"
1092654,110850,"Chitrangada Singh",2,"Rukmini"
1092654,37234,"Rahul Dev",3,"SP Ashok Tanwar"
1092654,1342538,"Akshay Oberoi",4,"Rana Jai Singh alias 'RJ'"
1092654,239728,"Shishir Sharma",5,"Dr. Shekhawat"
1092654,1563575,"Shataf Figar",6,"Ratan Singh Gaikwad alias 'Daata' / 'Raja Saheb'"
1092654,3460104,"Mannat Duggal",7,"Young Fatima"
1092654,2889268,"Ashmita Jaggi",8,"Meesha Singh Gaikwad"
1092654,1983721,"Shivika Rishi",9,"Young Meesha"
1092654,2007865,"Manjiri Pupala",10,"Blind Psychic"
1092654,4026377,"Vinod Kumar Sharma",11,"Padam"
1092654,4026378,"Sonia Mehmi",12,""
1092654,590545,"Aditi Sharma",13,""
1059066,1858287,"Zach Tinker",0,"Austin Skinner"
1059066,3603784,"Dana Mackin",1,"Molly Oaks"
1059066,1656662,"Kyle Butenhoff",2,"Charlie Oaks"
1059066,2087700,"Hermione Lynch",3,"Victoria"
1059066,102777,"Mel Fair",4,"Carl Shultz"
1004130,1623273,"Sophie Skelton",0,"Rose Hepburn"
1004130,549469,"Stuart Brennan",1,"Daniel Reed"
1004130,112217,"Bret Hart",2,""
1004130,3637991,"Olivia J. Night",3,""
1004130,3108084,"Doddi El-Gabry",4,""
979806,2667809,"Sian Altman",0,"Aubrey / Jennifer"
979806,2528635,"Darrell Griggs",1,"Mark"
979806,3367977,"May Kelly",2,"Stacy"
979806,3254592,"Danielle Scott",3,"Chloe"
979806,3553540,"Jenny Miller",4,"Jess"
979806,1663841,"Harrison Thomas Boxley",5,"Andy"
979806,2629292,"Mark Sears",6,"Jake"
979806,2712017,"Sarah Dionna",7,"Lara"
979806,77560,"Jamie Robertson",8,"Freddie Fica"
979806,1583392,"Freddie Hogan",9,"Sebastian"
979806,1475390,"Fahad Salman",10,"Loan Shark 1"
979806,3568082,"Elizabeth Custodio",11,"Rosalyn"
979806,3563404,"Kierath Jandoo",12,"Leila"
979806,3563405,"Karell Vertet",13,"Billie"
979806,3570378,"Simon Ellis",14,"Loan Shark"
1105014,1443617,"Chris Bell",0,"Stubb"
1105014,1649446,"Rachel Warren",1,"Iris"
1105014,1693441,"Ayvianna Snow",2,"Jessica"
1105014,1172973,"Carl Wharton",3,"Wingate"
1105014,1157258,"Vicki Glover",4,"Mavis"
1105014,1188884,"Cassandra French",5,"Maggie Mercer"
1105014,1358597,"Marcus Langford",6,"Constable"
1105014,3722626,"Rafe Bird",7,"Lenny"
1105014,1006078,"Danielle Sanderson",8,"Landlady"
1105014,3980524,"Hannah Willars",9,"Mary"
758323,934,"Russell Crowe",0,"Father Gabriele Amorth"
758323,1172147,"Daniel Zovatto",1,"Father Esquibel"
758323,210454,"Alex Essoe",2,"Julia"
758323,4041888,"Peter DeSouza-Feighoney",3,"Henry"
758323,202032,"Ralph Ineson",4,"Asmodeus (voice)"
758323,2850009,"Laurel Marsden",5,"Amy"
758323,22383,"Franco Nero",6,"The Pope"
758323,3361260,"Ryan O'Grady",7,"Cardinal Sullivan"
758323,3294934,"Bianca Bardoe",8,"Rosaria"
758323,3964075,"Carrie Munro",9,"Adella"
758323,25135,"Cornell John",10,"Bishop Lumumba"
758323,2198643,"Santi Bayón",11,"Roberto Vasquez IV (Henry's Dad)"
758323,1149826,"Paloma Bloyd",12,"Interpreter"
758323,2053747,"Alessandro Gruttadauria",13,"Father Gianni"
758323,3935518,"River Hawkins",14,"Enzo / Halphas"
1064178,8211,"Mena Suvari",0,"Cassandra"
1064178,27763,"Casper Van Dien",1,"Carter"
1064178,238609,"Maya Stojan",2,"Tessa"
1064178,1011103,"Will Peltz",3,"Jackson"
1064178,2295,"Mickey Rourke",4,"Virgil"
1064178,943170,"Kipp Tribble",5,"Williams"
1064178,1496341,"Jessica Belkin",6,"Lexi"
1064178,52474,"Jason London",7,"Teddy"
1064178,23646,"Jeremy London",8,"Preston"
1064178,110018,"David Lipper",9,"Conrad"
1064178,3337840,"Geoff Samuels",10,"James"
1064178,1114052,"Kenny Yates",11,"Bob"
1064178,2029316,"Paige Stark",12,"Lara"
1064178,3103558,"Sumayyah Ameerah",13,"Lacey"
1064178,1900933,"Jessica Harthcock",14,"Woman / Daughter"
977177,1259381,"Nittha Jirayungyurn",0,"Ning"
977177,1259384,"Sukollawat Kanarot",1,"Kwin"
977177,3988623,"Thanyaphat Mayuraleela",2,"Ing"
977177,1256326,"Penpak Sirikul",3,"Ratree"
977177,1656869,"Namfon Pakdee",4,"Nuch"
977177,3588646,"Suphithak Chatsuriyawong",5,"Tom"
977177,3988625,"Natniphaporn Ingamornrat",6,"Aunty Phorn"
977177,3988626,"Pawarisa Surathin",7,"Jaa"
977177,4040965,"Piranpatch Teawsakul",8,"Prae"
977177,4040967,"Taofa Maneeprasopchok",9,"Nut"
977177,1960604,"Narupornkamol Chaisang",10,"Amm"
977177,3455795,"Pintira Singhaseem",11,"Ning's Mother"
977177,3438981,"Prapakorn Chairak",12,"18-Year-Old Girl"
977177,4040970,"Chanida Saejung",13,"Teacher"
977177,4040973,"Sakchai Phansri",14,"Fire Chief"
1006769,3254445,"Chris Cordell",0,"Narrator"
1006769,3564556,"Samantha Cull",1,"Young Val"
1006769,3567018,"Ben J. Williams",2,"Young Ian"
1006769,2305401,"Mike Kelson",3,"James"
1006769,2548055,"Fiona Thompson",4,"Tori"
1006769,3564455,"Christabel Clark",5,"Sally"
1006769,3282748,"Stella Segalerba",6,"Beth"
1006769,2628898,"Susan Lee Burton",7,"Tori"
1006769,3713469,"Lynne O'Sullivan",8,"Lyla"
975022,1355176,"McKaley Miller",0,"Eden"
975022,20212,"Dermot Mulroney",1,"Congressman Schroder"
975022,8256,"Anne Heche",2,"Astrid"
975022,2648357,"Wil Deusner",3,"Gooch"
975022,2898008,"Brice Anthony Heller",4,"Schroder"
975022,1001741,"Morgana Van Peebles",5,"Kendra"
975022,3628774,"Keyara Milliner",6,"Zara"
975022,1514474,"Jayson Warner Smith",7,"Joel Murphy"
975022,1999675,"Jordan Blair Mangold Brown",8,"Teacher"
975022,5096827,"Jenna Gilmer",9,"Snobby Girl"
975022,2906735,"Hannah Celeste",10,"Tanya Brown"
975022,2911762,"Xannova Xan",11,"Melissa Brown"
975022,1431536,"Levi Burdick",12,"Mr. Brown"
975022,2672633,"Nicholas Ryan",13,"Detective Ryan"
975022,3916415,"Melissa Bidgoli",14,"Reporter Gonzalez"
649609,3292,"Nicholas Hoult",0,"Renfield"
649609,2963,"Nicolas Cage",1,"Dracula"
649609,1625558,"Awkwafina",2,"Rebecca"
649609,222121,"Ben Schwartz",3,"Tedward Lobo"
649609,21041,"Shohreh Aghdashloo",4,"Bellafrancesca Lobo"
649609,1561268,"Brandon Scott Jones",5,"Mark"
649609,94432,"Adrian Martinez",6,"Chris"
649609,1218266,"Camille Chen",7,"Kate"
649609,1217650,"Bess Rous",8,"Caitlyn"
649609,1303873,"Jenna Kanell",9,"Carol"
649609,1437829,"Danya LaBelle",10,"Karla"
649609,1529017,"Rhonda Johnson Dents",11,"Sharon"
649609,1358061,"Christopher Matthew Cook",12,"Bob"
649609,3704268,"Michael P. Sullivan",13,"Weird Kevin"
649609,3722881,"Rosha Washington",14,"Trevante"
713704,1186659,"Lily Sullivan",0,"Beth"
713704,220620,"Alyssa Sutherland",1,"Ellie"
713704,144080,"Morgan Davies",2,"Danny"
713704,3128781,"Gabrielle Echols",3,"Bridget"
713704,3128782,"Nell Fisher",4,"Kassie"
713704,205427,"Mark Mitchinson",5,"Mr. Fonda"
713704,2623749,"Jayden Daniels",6,"Gabriel"
713704,3745221,"Mirabai Pease",7,"Teresa"
713704,3548510,"Tai Wano",8,"Scott"
713704,2556401,"Noah Paul",9,"Bruce"
713704,4032562,"Melissa Xiao",10,"Newscaster"
713704,3548511,"Billy Reynolds-McCarthy",11,"Jake"
713704,2466900,"Richard Crouchley",12,"Caleb"
713704,1964539,"Anna-Maree Thomas",13,"Jessica"
713704,11357,"Bruce Campbell",14,"Ash (voice) (uncredited)"
1073413,19907,"Belén Rueda",0,"Sagrario"
1073413,982296,"Gracia Olayo",1,"Paz"
1073413,93467,"Toni Acosta",2,"Gloria"
1073413,105161,"Emilio Gutiérrez Caba",3,"El Pater"
1073413,560247,"Miren Ibarguren",4,"Doorwoman"
1073413,31422,"Ivan Massagué",5,"Enrique"
1073413,1350277,"Óscar Ortuño",6,"Pablo"
1073413,2105358,"Lorena López",7,"Marisa"
1073413,2648877,"Fran Cantos",8,"Gerardo"
1073413,4015951,"María Gil",9,"Susanita"
1073413,1075029,"Antonio Pagudo",10,"Waiter"
1073413,227071,"Pedro Casablanc",11,"Sarmiento's Voice (voice)"
1073413,2788483,"Paloma Paso Jardiel",12,"Bar Woman"
1073413,1304975,"Manuel Regueiro",13,"Luis"
1073413,1902023,"Roberto Chapu",14,"Police Officer"
950141,1475097,"Zoé De Grand Maison",0,"Abby"
950141,282835,"Mather Zickel",1,"Pa"
950141,101012,"Lisa LoCicero",2,"Ma"
950141,1423663,"Olivia Grace Applegate",3,"Cassidy"
950141,1968891,"Nicholas Logan",4,"Rhys"
950141,131006,"Sam Trammell",5,"Logan"
950141,71889,"Michael Abbott Jr.",6,"Brody"
950141,2578372,"Jessica Frances Dukes",7,"Nora"
950141,957076,"Clé Bennett",8,"Erik"
950141,2988391,"Alejandro Akara",9,"Felix"
950141,539,"Thomas Lennon",10,"Royale Fitzgibbon"
950141,4764412,"Lukas Jann",11,"Tobias"
913673,54789,"Sean Patrick Flanery",0,"Nefarious / Edward Wayne Brady"
913673,144675,"Jordan Belfi",1,"Dr. James Martin"
913673,158097,"Tom Ohmer",2,"Warden Tom Moss"
913673,1217738,"Glenn Beck",3,"Glenn Beck"
913673,1079780,"Daniel Martin Berkey",4,"Father Louis"
913673,16500,"Mark De Alessandro",5,"Dr. Alan Fischer"
913673,169396,"Cameron Arnett",6,"Trustee Styles"
913673,1850474,"James Healy Jr.",7,"Gate Guard"
913673,3066504,"Sarah Hernandez",8,"Corporal Mendez"
913673,117367,"Jarret LeMaster",9,"Officer Wilson"
913673,115840,"Grifon Aldren",10,"Sergeant Wilborn"
913673,2666743,"Jeremy Miller",11,"Officer Campbell"
913673,4391823,"Darrin Merlino",12,"Officer Grady"
913673,589956,"John Cann",13,"Prison Guard"
913673,1827243,"Eric Hanson",14,"Assistant Warden Anderson"
1115694,3247628,"Micha Marie Stevens",0,"April Neal"
1115694,1165276,"Jason R. Davis",1,"Jimmy"
1115694,3247627,"Chance Gibbs",2,"Rob"
1115694,4020157,"Richard Haskins",3,"Leader"
1115694,4020153,"Brandon Herndon",4,"Ricky"
1115694,4020158,"Taffeta Darling",5,"Amy"
1115694,4020159,"Matthew Strauser",6,"Billy"
1115694,1657022,"Tom Young",7,"Roger Stanton"
1035798,567742,"Paula Brasca",0,"Candy"
1035798,2880085,"Agustin Olcese",1,"Jack"
1035798,3700533,"Valeria San Martin",2,"Mary (voice)"
1035798,3901593,"Michael Lorz",3,"Nicolas"
1035798,1358372,"Sean Weil",4,"Patrick"
1035798,2051617,"Nancy Nagrant",5,"Katherine"
1035798,1526694,"Pooya Mohseni",6,"Eartha"
1035798,1284693,"Marie Ruane",7,""
1035798,1390359,"Shannon Lahaie",8,"Sarah Davis"
1035798,60003,"Cassandra Magrath",9,"Ellie"
1035798,75175,"Christopher Kirby",10,"Marcus"
1035798,1930656,"Amy Bradney-George",11,"Samantha"
1035798,1930655,"Sophia Davey",12,"Liz"
1035798,1390361,"Meghan McNicol",13,"Mary Weaver"
1035798,1390358,"Andrew Fleming",14,"Chad Winchester"
1052865,1259106,"Mikha Tambayong",0,"Sri Rahayu"
1052865,2273537,"Gisellma Firmansyah",1,"Della"
1052865,1028460,"Rio Dewanto",2,"Sugik"
1052865,1795562,"Marthino Lio",3,"Sabdo"
1052865,3300359,"Givina",4,"Erna"
1052865,2478862,"Agla Artalidia",5,"Dini"
1052865,1592070,"Karina Suwandi",6,"Karsa"
1052865,1819000,"Maryam Supraba",7,"Minah"
1052865,2124662,"Pritt Timothy",8,"Mbah Tamin"
1052865,1828700,"Ayez Kassar",9,"Jatmiko"
1052865,1951332,"Karina Ranau",10,"Lydia"
1052865,3959637,"Dayinta Melira",11,"Sengarturih"
1052865,1983394,"Delia Husein",12,"Jum"
1052865,4010911,"Rantya Affandy",13,"Ratih"
1052865,1426286,"Stanley Saklil",14,"Police"
844386,1200384,"Kim Bo-ra",0,"Na-young"
844386,2144177,"Kim Jae-hyun",1,"Choi Woo Won"
844386,1029157,"Shin So-yul",2,"Tae-hee"
844386,3979702,"Oh Jin-seok",3,"Seung Joon"
844386,1674539,"Kim Kang-il",4,"Mortician Yeom"
844386,1191490,"Kim Soo-jin",5,"Representative Mo"
844386,2559974,"Kim Kwang-hyun",6,"Engine Driver"
844386,564845,"Kim Koo-taek",7,"Friends A"
844386,3036689,"Jo Yeon-ho",8,"Young Tae Ho"
844386,1977063,"Hwang Ji-hoo",9,"Webtoon Live-Action Narrator"
1034590,1386112,"Sai Durgha Tej",0,"Surya"
1034590,1725208,"Samyuktha",1,"Nandini"
1034590,213432,"Brahmaji",2,"RMP Doctor Koti"
1034590,559738,"Rajeev Kanakala",3,"Harichandrasekar"
1034590,2372812,"Ravi Krishna",4,"Bhairava Kumar"
1034590,1612378,"Sai Chand",5,"Poojari"
1034590,213428,"Sunil Varma",6,"Abbai Raju"
1034590,586625,"Ajay",7,"Aghora"
1034590,1661804,"Shyamala",8,"Parvati"
1034590,4133554,"Soniya Singh",9,"Sudha"
1034590,1060295,"Kamal Kamaraju",10,"Venkata Chalapathy"
1034590,3237637,"Kamakshi Bhaskarla",11,"Venkata Chalapathy's wife"
1034590,4133560,"Master Roshan",12,"Young Bhairava"
1034590,1378575,"Abhinav Gomatam",13,"Surya's Cousin"
1034590,3030527,"Chatrapathi Sekhar",14,"Shivayya"
1098160,1399806,"Luciane Buchanan",0,"Jules"
1098160,1046893,"Matt Whelan",1,"Ben"
1098160,2034711,"Jaya Beach-Robertson",2,"Jodie"
1098160,205427,"Mark Mitchinson",3,"Amos Tilbury"
1098160,2614327,"Ascia Maybury",4,"Merial"
1098160,2621805,"Holly Shervey",5,"Linda"
1098160,2231488,"Graham Vincent",6,"Police Officer"
1098160,2426997,"Jack Barry",7,"Alec"
1098160,4065759,"Zara Nausbaum",8,"Reia"
1098160,4065756,"Coco White",9,"Rosie"
1098160,4065747,"Francesca Eglinton",10,"Pet Shop Girl"
1098160,4065770,"Jatinder Singh",11,"Construction Worker"
1098160,4065774,"Regina Hegemann",12,"Creature"
994128,41869,"Irene Anula",0,"Lena"
994128,970993,"Zorion Eguileor",1,"Manuel"
994128,234644,"Josele Román",2,"Vecina Anciana"
994128,1561072,"Paula Gallego",3,"Naia"
994128,3525701,"Juan Acedo",4,""
994128,1036581,"Gustavo Salmerón",5,"Mario"
994128,2757971,"Carmen Ibeas",6,""
890771,6164,"Josh Lucas",0,"Paul Sturges"
890771,955954,"Fernanda Urrejola",1,"Ines Sturges"
890771,36634,"Julio Cesar Cedillo",2,"Chato"
890771,1568025,"Venus Ariel",3,"Audrey Sturges"
890771,3710822,"Carlos Solórzano",4,"Tommy"
890771,99508,"Jorge A. Jimenez",5,"Junior"
890771,18463,"Raúl Méndez",6,"El Rey"
890771,57410,"Héctor Jiménez",7,"Chocolatito"
890771,87263,"Edgar Flores",8,"Crazy Eyes"
890771,1134885,"Omar Chaparro",9,"Sidekick"
890771,2770007,"Bolivar Sanchez",10,"Diver"
890771,2097023,"Omar Patin",11,"Harbor Master"
890771,1199341,"Luis del Valle",12,"Bartender"
1105902,1008513,"Jorge Luis Moreno",0,"Emiliano"
1105902,7353,"Angélica Aragón",1,"Ramona"
1105902,3984960,"Estefanía Hinojosa",2,"Nina"
1105902,3986856,"Paulina Cantu Felix",3,"Amaya"
1105902,3986860,"Gari Garibaldi",4,"Supervisor"
1105902,2708738,"Jessica Rosanna Mendiolea Dávila",5,"Ana de León"
1105902,3986866,"Brenda Caballero",6,"Mariana"
1105902,2026312,"Sergio Zurita",7,"Doctor"
1105902,3986869,"Isabella Dávila",8,"Mariana bebé"
974927,2880085,"Agustin Olcese",0,"Javi"
974927,2140917,"Clara Kovacic",1,"Jane"
974927,2555254,"Magui Bravi",2,"Carla"
974927,143604,"Matías Desiderio",3,"Billy Bob"
974927,3584090,"Juan Pablo Bishel",4,"Mark"
974927,1016570,"Mario Alarcón",5,"Tadeo"
974927,3584091,"David Michigan",6,"Tito"
974927,1698068,"Germán Baudino",7,"Antonio"
974927,1698080,"Chucho Fernández",8,"Chimango"
974927,567742,"Paula Brasca",9,"Erika"
974927,2159512,"María Eugenia Rigón",10,"Sophie"
584004,1367309,"Dave Davis",0,"Stanley Martin"
584004,1698008,"Karli Hall",1,"Audrey Martin"
584004,2345418,"Erika Chase",2,"Rat"
584004,1178531,"Kristen Ariza",3,"Agent Ortiz"
584004,4662006,"Julian Moser",4,"Teen Nicholas Martin"
584004,56267,"Brad Greenquist",5,"Cardinal Degal"
584004,59285,"Ezra Buzzington",6,"Father Hill"
584004,92949,"Timothy V. Murphy",7,"Father Flynn"
584004,1122461,"Michael Villar",8,"Frank Collins"
584004,4905997,"Beau Boyd",9,"Young Nicholas Martin"
584004,1412527,"John Garet Stoker",10,"Chris Silva"
584004,3725028,"Maryna Bennett",11,"Rose Patterson"
584004,138954,"Jessica Gardner",12,"Emily Harker"
584004,2877750,"Ahmed Mawas",13,"Sayid Aboud"
584004,1335208,"Kenzo Lee",14,"Jeff Ellison"
1073079,2634594,"Arielle Raycene",0,"Audra Bucklebee"
1073079,1771684,"Ellie Gonsalves",1,"Missy Becks"
1073079,62596,"Kane Hodder",2,"Goatface"
1073079,1955973,"Danielle Mathers",3,"Haley Bucklebee-Saint"
1073079,1956519,"Monica Sims",4,"Reese Knox"
1073079,3869360,"Amberleigh West",5,"Autumn Applebaum"
1073079,3973606,"Colleen Hagerty",6,"Tandy Dripp"
1073079,1741497,"Skyler Seymour",7,"Devon Bruce"
937765,1213278,"Eliza Taylor",0,"Julie"
937765,127733,"Bob Morley",1,"Marcus"
937765,1039097,"Seth Michaels",2,"Mike"
937765,18181,"David Keith",3,"Sheriff"
937765,1559974,"Natasha Halevi",4,"Sophie"
937765,180422,"Bryan Batt",5,"Dr. Tate"
937765,1200780,"Duke Jackson",6,"Masked Man"
937765,4054376,"Luke Davis",7,"Mailman Gerald"
937765,4446506,"Presley Keith",8,"Waitress"
937765,4446527,"Nicole Foster",9,"Wealthy Art Buyer"
1101224,209674,"RJ Mitte",0,"Tommy Olson"
1101224,36091,"Christian Stolte",1,"Dr. Philip Gunderson"
1101224,1498700,"William Mark McCullough",2,"Dan Olson"
1101224,3665666,"Jennifer A. Goodman",3,"Lindsay Olson"
1101224,143549,"Rebekah Kennedy",4,"Milly"
1101224,171525,"Candice Rose",5,"Kristen Jude"
1101224,2731230,"Kimberly Michelle Vaughn",6,"Olivia"
1101224,1488871,"Ava Bianchi",7,"Kali Olson"
1101224,177251,"Sue Cremin",8,"Meredith Olson"
1101224,3337684,"Laci Carriere",9,"Party Goer Stacy"
1101224,4342757,"Kylie Klunder",10,"Backround"
1114905,66914,"Manolo Cardona",0,"Pablo Vega"
1114905,16971,"Maribel Verdú",1,"Marta"
1114905,2008873,"Carla Adell",2,"Lupe"
1114905,1186821,"Juan Carlos Remolina",3,"Esteban"
1114905,983710,"Adriana Paz",4,"Teresa"
1114905,127825,"Dagoberto Gama",5,"Armando"
1114905,238139,"Fernando Becerril",6,"José"
1114905,999870,"Tiago Correa",7,"Joaquin"
1114905,4124391,"Nicole Cicerchia",8,"Patricia Vega"
981314,2469350,"Sarah T. Cohen",0,"Lyra"
981314,2449994,"Amber Doig-Thorne",1,"Norma"
981314,3367977,"May Kelly",2,"Ursa"
981314,3568049,"Benjamin Colbourne",3,"Phoenix"
981314,3629486,"Nikolai Leon",4,"Leo"
981314,2381520,"Matthew Baunsgard",5,"Father Joel"
981314,2961803,"Richard Kovacs",6,"Micha"
981314,2467846,"Bao Tieu",7,"Alien"
981314,3568050,"Leah Glater",8,"Carina"
596702,1566,"Anders Hove",0,"Radu Vladislas"
596702,95232,"Denice Duff",1,"Helena"
596702,64721,"Kevin Spirtas",2,"Vladislas"
596702,3382280,"Staša Nikolić",3,"Ariel"
596702,3711480,"Yulia Graut",4,"Circe"
596702,3078956,"Petar Arsić",5,"Marius"
596702,3711482,"Olivera Peruničić",6,"Diana"
596702,4078988,"Marko Filipović",7,"Ash"
596702,3711484,"Jakov Marjanović",8,"Stefan Vladislas"
596702,3795802,"Uroš Đorđević",9,"Boy"
596702,5583261,"Dragana Jekič",10,"Girl"
596702,5642038,"Nevena Nikolić",11,"Half Dead Woman"
596702,1668527,"Una Senić",12,"Three-Quarters Dead Woman"
596702,4202156,"Bruno Veljanovski",13,"Priest"
1020910,2458589,"Cassandra Naud",0,"CW"
1020910,59181,"Emily Tennant",1,"Madison"
1020910,1192006,"Rory J. Saper",2,"Ryan"
1020910,221840,"Sara Canning",3,"Jessica"
1020910,1101368,"Paul Spurrier",4,"Rupert"
1020910,2829308,"Justin Sams",5,"Jay"
994138,1685904,"Hannah Emily Anderson",0,"Joy"
994138,2428754,"Madison Walsh",1,"Carmen"
994138,565225,"Roseanne Supernault",2,"Shaina"
994138,3607152,"Helen Belay",3,"Tara"
994138,43259,"Kyra Harper",4,"Dr. Dunnley"
994138,1059737,"Daniel Arnold",5,"Derek"
994138,3637034,"Luke Moore",6,"Creature"
994138,149078,"Griffin Cork",7,"Soldier"
994138,2864748,"Ivy Miller",8,"Soldier"
994138,2137459,"Lisa Moreau",9,"Suicide Victim"
994138,2281880,"Dave Alexander",10,"Hunter #1"
994138,3036885,"Michael Roik",11,"Hunter #2"
994138,6336030,"Blair Bruce",12,"Insurgent #2"
994138,6336035,"Arjan Gill",13,"Masked Robber"
977000,1014696,"Augie Duke",0,"Sara"
977000,1088611,"Brionne Davis",1,"Alex"
977000,3704613,"Haven Lee Harris",2,"Emma"
977000,1519820,"Morgana Ignis",3,"Teeth"
977000,142402,"Maria Olsen",4,"Princess"
977000,4889962,"Phillip E. Walker",5,"The Musician"
977000,590999,"Timothy Lee DePriest",6,"Groom"
977000,3370007,"Emily Meister",7,"Headless Knitter & the Three Faces"
977000,2650798,"Angelica Ulloa",8,"Mud Witch"
977000,1935909,"Téa Mckay",9,"Bride"
977000,2754306,"Joel Pelletier",10,"Doctor"
977000,22579,"Wolfgang Meyer",11,"EMT"
977000,3704606,"Will Sexton",12,"EMT"
977000,1365086,"Kevin James Barry",13,"Surgeon"
977000,3291580,"Rachael Wagner",14,"Nurse"
848887,1235568,"Beth Dover",0,"Kate"
848887,5377,"Ato Essandoh",1,"Earl"
848887,19152,"Dylan Baker",2,"Reggie"
848887,424,"Dallas Roberts",3,"Ranger Dan"
848887,59206,"Becky Ann Baker",4,"Bertha"
848887,3732402,"Ta'rea Campbell",5,"Nickie"
848887,1790013,"Tim Neff",6,"Mike"
1122504,2739366,"Allegra Sweeney",0,"Ally O'Neill"
1122504,1579201,"Calvin Morie McCarthy",1,"Father Bresson"
1122504,3692781,"Neil Green",2,"Charles Johnson"
1122504,2100892,"Sam Bangs",3,"Herma"
1122504,5491290,"Leonard Hoge",4,"Peter O'Neill"
1122504,3633186,"Steve Larkin",5,"Frank O'Neill"
986070,1883866,"Lulu Wilson",0,"Becky"
986070,57599,"Seann William Scott",1,"Darryl Jr."
986070,1217637,"Denise Burse",2,"Elena"
986070,1236283,"Jill Larson",3,"Darryl Sr."
986070,929065,"Michael Sirow",4,"Anthony"
986070,2064958,"Aaron Dalla Villa",5,"DJ"
986070,1098562,"Matt Angel",6,"Sean"
986070,18708,"Courtney Gains",7,"Twig"
986070,1832511,"Alison Cimmet",8,"Alice"
986070,1435696,"Derek Gaines",9,"Ted"
986070,1788486,"John D. Hickman",10,"Steve"
986070,932076,"Kate Siegel",11,"Agent Montana"
986070,3166972,"Zoie Morris",12,"Charmain"
532408,1981044,"Sophie Thatcher",0,"Sadie Harper"
532408,1813472,"Vivien Lyra Blair",1,"Sawyer Harper"
532408,61659,"Chris Messina",2,"Will Harper"
532408,83854,"David Dastmalchian",3,"Lester Billings"
532408,164094,"Marin Ireland",4,"Rita Billings"
532408,1713726,"Madison Hu",5,"Bethany"
532408,1783721,"Maddie Nichols",6,"Natalie"
532408,1912371,"Mabel Tyler",7,"Abby"
532408,3226957,"Leeann Ross",8,"Cassidy"
532408,555658,"Shauna Rappold",9,"Cara Harper"
532408,64908,"LisaGay Hamilton",10,"Dr. Weller"
532408,2822637,"Cristala Carter",11,"Detective Garland"
532408,1668323,"Shayla Bagir",12,"Woman With Nosering"
532408,1116011,"Han Soto",13,"Mild-Mannered Man"
532408,1544739,"Seylan Baxter",14,"Medium"
923994,1918851,"Audrey Grace Marshall",0,"Esme"
923994,2004239,"Stacey Weckstein",1,"Hannah"
800989,67052,"Macarena Gómez",0,"María José"
800989,100669,"Rodolfo Sancho",1,"David"
800989,1111245,"Ana Milán",2,"Tere"
800989,102221,"Rubén Ochandiano",3,"Juan"
800989,2369922,"Germán Torres",4,"Padre Abelino"
800989,137921,"Guillermo Estrella",5,"Toti"
800989,2992436,"Sofía García",6,"Lucía"
800989,51902,"Fernando Cayo",7,"Honorio"
800989,93831,"Saturnino García",8,"Padre Gabriel"
800989,1205497,"Ella Kweku",9,"Ari"
800989,5870040,"Santiago Catalano",10,"Vespi"
1129932,2552743,"Maximiliano Nájar Márquez",0,"Alan"
1129932,112209,"Juan Manuel Bernal",1,"Alberto"
1129932,2385744,"Mayra Batalla",2,"Yanet"
1129932,557879,"Francisco Barreiro",3,"Engineer Joaquín"
1129932,23877,"Angelina Peláez",4,"Mrs. Elo"
1129932,1204103,"Gilberto Barraza",5,"Marco"
1129932,4074553,"Octavio Michel Grau",6,"Octavio"
1129932,42021,"Marco Antonio Argueta",7,"Antonio"
1129932,557877,"Adrián Aguirre",8,"Adrián"
1051560,1369205,"Jason Martorino",0,"Mason"
1051560,180684,"Elias Zarou",1,"Jack"
1051560,4058405,"Jeremiah Sparks",2,"Reverend Peter"
1051560,4058407,"Julie Cohn",3,"Ethel"
1051560,4058408,"Ty Andrassy",4,"Tall Cultist"
1051560,3033204,"Scott Leaver",5,"Cultist"
1051560,1438003,"Adrienne Kress",6,"Amy"
1051560,3074171,"Dana Fradkin",7,"Lisa"
1051560,1843640,"DL MacDonald",8,"Austin"
1051560,62651,"Ryan Allen",9,"Ben"
1051560,1649211,"Shawn Ahmed",10,"Jay"
1051560,2588243,"Todd Campbell",11,"Ted"
1115377,558205,"Julie R. Ølgaard",0,"Laura"
1115377,141876,"Roland Møller",1,"Jesper"
1115377,71155,"Stine Stengade",2,"Sandra"
1115377,1441512,"Christopher Læssø",3,"Marc"
1115377,118172,"Andrea Vagn Jensen",4,"Grethe"
1115377,2754075,"Marc Harpsøe",5,"Ludvig"
1115377,64124,"Niels Anders Thorn",6,"Johan"
1115377,2895253,"Amanda-Lie Rasmussen",7,"Eva"
1115377,1433476,"Christine Gjerulff",8,"Helene"
1115377,135757,"Michael Asmussen",9,"Frederik"
1115377,1442353,"Jesper Ole Feit Andersen",10,"Alex"
1115377,41907,"Kristian Halken",11,"Jørgen"
1115377,1589551,"Anders Grau",12,"Bo Adelbert"
1115377,85906,"Neel Rønholt",13,"Monica"
1115377,1087000,"Nicolai Jandorf Klok",14,"Mads"
1114928,1782144,"Gayle Rankin",0,"Ruthie Nodd"
1114928,1611609,"Hari Nef",1,"Cal"
1114928,1102331,"Annabelle Dexter-Jones",2,"Fran"
1114928,3137411,"Rad Pereira",3,"Maddie"
1114928,1011019,"Jared Abrahamson",4,"Brian"
1114928,21625,"Molly Ringwald",5,"Miss Auerbach"
1114928,3520471,"Ariella Josephine",6,"Young Ruthie"
1114928,3629000,"Austin Jones",7,"Ed Halleck"
1114928,3080602,"Patrick Klein",8,"Jess Gomez"
1114928,4245670,"Dana Slosar",9,"Model Joggers"
1083858,1392542,"Laya DeLeon Hayes",0,"Vicaria"
1083858,77278,"Denzel Whitaker",1,"Kango"
1083858,124645,"Chad L. Coleman",2,"Donald"
1083858,2943515,"Reilly Brooke Stith",3,"Aisha"
1083858,4009834,"Keith Holliday",4,"Jamaal"
1083858,3962161,"Edem Atsu-Swanzy",5,"Chris / Creature"
1083858,3889805,"Beth Felice",6,"Mrs. Kempe"
1083858,4044214,"Ellis Hobbs IV",7,"Jerome"
1083858,4044215,"Shiloh Xavier",8,"Young Chris"
1083858,3078609,"Tracie Frank",9,"Secoiya"
1083858,1377317,"Jeremy DeCarlos",10,"Curtis"
1083858,4044216,"Amani Summer",11,"Jada"
1083858,4044217,"Dale Cordice Jr.",12,"Freeman"
1083858,4044218,"Sarah-Grace Spicer",13,"Young Vicaria"
1083858,3011387,"Parker Dowling",14,"Police Officer"
1124272,1895788,"Trinity Jo-Li Bliss",0,"Wendy"
1124272,1751311,"Jonathan Stoddard",1,"Jon Bryant"
1124272,1959337,"Jennifer Khoe",2,"Mel"
1124272,1859427,"Elise Berggreen",3,"Sveta"
1124272,2463284,"Matt Munroe",4,"Marco Miller"
1124272,4115364,"Jeremy Iversen",5,"Morris"
1124272,1194993,"Juliet Lopez",6,"Soldier"
1124272,4115369,"Danielle Poblarp",7,"Angel"
1124272,4115371,"Anthony McKeown",8,""
1124272,1894222,"Ricardo Mestres",9,"Desert Fighter"
1124272,4115372,"Mikhail Bugaev",10,"Green Mask"
1124272,4115382,"Alan Hanson",11,"Pavel Oliynyk"
1124272,4115385,"Edgar Pavsner",12,"Black Mask"
1124272,4115386,"Duncan Perry",13,"Fyodor Burick"
1124272,4115387,"Brenda Pollock",14,"Patriot Lady"
1115939,1399526,"Maisie Richardson-Sellers",0,"Billie"
1115939,82663,"Shannon Woodward",1,"Alex"
1115939,3031407,"Rosaline Elbay",2,"Christine"
1115939,1974513,"Shein Mompremier",3,"Rose"
1115939,4059857,"Kate Szekely",4,"Kim"
1115939,105762,"Jimmy Jean-Louis",5,"Papa Juste"
1115939,1581102,"Casey Ford Alexander",6,"Dr. Ortiz"
1115939,2446196,"Lamar Usher",7,"Server"
1115939,4059858,"Benjamin Valenzuela",8,"Jake"
1115939,3044697,"Brandi Huzzie",9,"Denise"
1115939,4059860,"Harsh Milan",10,"Waiter"
1115939,4059859,"Loren Swan",11,"Melissa"
1115939,2215837,"Jennifer Bonner",12,"Debbie"
1115939,2717262,"Kelley Kalí",13,"Hostess"
1115939,3107854,"Sidnei Barboza",14,"Elderly Man"
1008392,1434481,"Grace Byers",0,"Allison"
1008392,1576054,"Antoinette Robertson",1,"Lisa"
1008392,1488960,"Jermaine Fowler",2,"Clifton"
1008392,1181339,"Melvin Gregg",3,"King"
1008392,2600533,"Dewayne Perkins",4,"Dewayne"
1008392,2267887,"X Mayo",5,"Shanika"
1008392,967617,"Sinqua Walls",6,"Nnamdi"
1008392,1099717,"Jay Pharoah",7,"Shawn"
1008392,1662651,"Yvonne Orji",8,"Morgan"
1008392,5727,"Diedrich Bader",9,"Officer White"
1008392,1084758,"James Preston Rogers",10,"Clive Connor / Camden Connor"
1008392,1680739,"George Fisher",11,"Creepy Old Guy"
1083862,556275,"Matthew Mercer",0,"Leon Scott  Kennedy (voice)"
1083862,1618860,"Nicole Tompkins",1,"Jill Valentine (voice)"
1083862,91443,"Kevin Dorman",2,"Chris Redfield (voice)"
1083862,3015384,"Stephanie Panisello",3,"Claire Redfield (voice)"
1083862,78044,"Erin Cahill",4,"Rebecca Chambers (voice)"
1083862,81378,"Salli Saffioti",5,"Ingrid Hunnigan (voice)"
1083862,4051221,"Daman Mills",6,"Dylan Blake (voice)"
1083862,228123,"Lucien Dodge",7,"JJ (voice)"
1083862,1192968,"Cristina Valenzuela",8,"Maria Gomez (voice)"
1083862,2263505,"Frank Todaro",9,"Antonio Taylor (voice)"
1083862,3367960,"Alejandro Saab",10,"Reporting Student (voice)"
1083862,219572,"Bob Carter",11,"SWAT Captain (voice)"
1083862,1865803,"Isaac Robinson-Smith",12,"William (voice)"
1083862,1015045,"Bill Butts",13,"Additional Voices (voice)"
1083862,4270352,"Brent Mukai",14,"Additional Voices (voice)"
808396,12795,"Nikolaj Coster-Waldau",0,"Bob Hightower"
808396,1094091,"Maika Monroe",1,"Case Hardin"
808396,1327613,"Karl Glusman",2,"Cyrus"
808396,31717,"January Jones",3,"Maureen Bacon"
808396,134,"Jamie Foxx",4,"The Ferryman"
808396,73035,"Paul Johansson",5,"Sgt John Lee Bacon"
808396,76526,"David Thornton",6,"Arthur Naci"
808396,824,"Ethan Suplee",7,"Gutter"
808396,17243,"Jonathan Tucker",8,"Errol Grey"
808396,2839,"Brendan Sexton III",9,"Granny Boy"
808396,1446466,"Garrett Wareing",10,"Wood"
808396,1577513,"Virginia Cassavetes",11,"Lena"
808396,2943536,"Kola Olasiji",12,"Sam"
808396,3015786,"Lindsay Hanzl",13,"Sara Hightower"
808396,2747082,"Chloe Guy",14,"Gabi"
614479,17181,"Ty Simpkins",0,"Dalton Lambert"
614479,17178,"Patrick Wilson",1,"Josh Lambert"
614479,3704264,"Sinclair Daniel",2,"Chris Winslow"
614479,765,"Hiam Abbass",3,"Professor Armagan"
614479,208524,"Andrew Astor",4,"Foster Lambert"
614479,118076,"David Call",5,"Smash Face / Ben Burton"
614479,80619,"Steve Coulter",6,"Carl"
614479,3651651,"Peter Dager",7,"Nick the Dick"
614479,9827,"Rose Byrne",8,"Renai Lambert"
614479,7401,"Lin Shaye",9,"Elise Rainier"
614479,1919708,"Juliana Davies",10,"Kali Lambert"
614479,73417,"Joseph Bishara",11,"Lipstick Demon"
614479,59117,"Angus Sampson",12,"Tucker"
614479,2128,"Leigh Whannell",13,"Specs"
614479,4150262,"Justin Sturgis",14,"Alec Anderson"
917281,2649940,"Martín Rispau",0,"Bannon"
917281,1698068,"Germán Baudino",1,"Demian"
917281,1698080,"Chucho Fernández",2,"Morgan"
917281,2318281,"Jorge Javier Alagastino",3,"Víctor"
917281,2114682,"Demián Salomón",4,"Refugiado"
917281,567742,"Paula Brasca",5,"Adela"
917281,3772685,"Tania Covelli",6,"Mujer espectro"
1155187,2055,"Robert Davi",0,"Andrew"
1155187,147,"Michael Madsen",1,"Officer Hansen"
1155187,37149,"Luis Da Silva, Jr.",2,"Eli"
1155187,1279081,"Elisabetta Fantone",3,"Crystal Montgomery"
1155187,2699709,"Christopher Mormando",4,"Sheriff Nassar"
1155187,1138751,"Gianni Capaldi",5,"Officer Quade"
1155187,1481136,"Jonathan Camp",6,"Mike"
1155187,1759009,"Skye Stracke",7,"Molly"
1155187,4175741,"Laticia Rolle",8,"Marleene"
1155187,2212797,"Robert Gillings",9,"David"
1155187,4175742,"Anthony Pallino",10,"Tony Creighton"
1155187,2493723,"J.J. Crowne",11,"Dr. Oliver Martense"
1005004,1559972,"Kansas Bowling",0,"Phoebe"
1005004,2867579,"Nina Lanee Kent",1,"Isabella"
1005004,2517479,"Jessa Jupiter Flux",2,"Candy"
1005004,1729135,"Drew Marvick",3,"Chuck"
1005004,44936,"Ginger Lynn Allen",4,"Dominica Stromboli"
1005004,2470539,"Luis Maya",5,"Mikey"
1005004,2440184,"Bryan Hurd",6,"Gino"
1005004,3029026,"Krystal Shay",7,"Cassandra"
1005004,3638538,"Adriana Uchishiba",8,"Nikki"
1005004,3308219,"Victoria Dementieva",9,"Monique"
1005004,4024585,"Robert Fourre",10,"John"
1005004,3308214,"Anthony Iava To'omata",11,"Bob"
1005004,3638540,"Josh Parks",12,"Frankie"
1005004,5017195,"Veronica Ley",13,"Joan"
1005004,3943620,"Bebe Bardot",14,"Lita"
1146249,2066423,"Rose Lane Sanfilippo",0,"Ava"
1146249,1149597,"Austin Scott",1,"Kellen"
1146249,76999,"Jess Weixler",2,"Trina"
1146249,6906,"Lee Tergesen",3,"Sheriff Mason"
1146249,18313,"Michael Rispoli",4,"Stranger"
1146249,2025638,"Phuong Kubacki",5,"Dottie Logan"
1146249,3210008,"Ali Fumiko Whitney",6,"Jackie"
1146249,1272847,"Garrett Kruithof",7,"Kirby"
1146249,166168,"Sam Ingraffia",8,"Dr. Alvin Doucet"
1015303,1780952,"Gino Anania",0,"Ryan Keaton"
1015303,2425167,"Verity Marks",1,"Chloe Young"
1015303,2537199,"Alec Carlos",2,"Kris Russo"
1015303,1742672,"Nazariy Demkowicz",3,"Matty Davis"
1015303,3671057,"Liam Stewart-Kanigan",4,"Kevin"
1015303,3824147,"Madison MacIsaac",5,"Izzy Simpson"
1015303,2511594,"Megan Best",6,"Becki Keaton"
1015303,4282938,"Samantha Halas",7,"5th Floor Woman / Allie McCormick"
1015303,1148697,"Adam Hurtig",8,"Businessman"
1015303,126871,"Darren Wall",9,"Security Guard"
1015303,1106200,"Bradley Sawatzky",10,"Café Bar Host"
1015303,2850570,"Hazel Wallace",11,"Teenage Girl"
1150394,1379379,"Benny Emmanuel",0,"Leo San Juan (voice)"
1150394,2127665,"Emilio Treviño",1,"Nando San Juan (voice)"
1150394,4172442,"Jorge Rafael",2,"Diego (voice)"
1150394,1379378,"Mayté Cordero",3,"Teodora Villavicencio (voice)"
1150394,2016900,"Annie Rojas",4,"Xóchitl Ahuactzin (voice)"
1150394,590312,"Eduardo España",5,"Evaristo"
1150394,1172908,"Andrés Couturier",6,"Don Andrés"
1150394,1303720,"Alejandro Villeli",7,"Chamán"
1150394,1483822,"Gabriel Basurto",8,"Alebrije"
1031306,116266,"David Earl",0,"Bobo"
1031306,1852739,"Natalie Palamides",1,"Funzo"
1031306,1188325,"Amy De Bhrún",2,"Jenny Malone"
1031306,2532291,"Fionn Foley",3,"Pepe"
1031306,1256162,"Tadhg Murphy",4,"Tim from Bromanz"
1031306,39683,"Ivan Kaye",5,"The Great Alphonso"
1031306,4147947,"James Walmsley",6,"Statue of Liberty"
1031306,2577870,"Shane O'Brien",7,"James Joyce"
1031306,26094,"Barry McGovern",8,"DuCoque"
1031306,3014235,"Tony Cantwell",9,"Topknot"
1031306,92730,"Pollyanna McIntosh",10,"Siobhán"
1031306,2822386,"Márcio Wille",11,"Gustavo"
1031306,1293720,"Erin McGathy",12,"Edith"
1031306,1428976,"Tara Flynn",13,"Mairead"
1031306,5225295,"Hugo Devas",14,"Squirt"
1006462,27763,"Casper Van Dien",0,"Russell Cody"
1006462,212833,"Nicky Whelan",1,"Sheriff Jo Newman"
1006462,54649,"Louis Mandylor",2,"Rafe Calderon"
1006462,2465152,"Kim DeLonghi",3,"Eva Carter"
1006462,145553,"Devanny Pinn",4,"Sommer Edward"
1006462,1226119,"Ryan Francis",5,"Jay Stamper"
1006462,1602210,"Eoin O'Brien",6,"'Big Jim' Pruett"
1006462,3098427,"Randall J. Bacon",7,"Jonathan 'Jox' Apone"
1006462,84841,"Randy Wayne",8,"Dale Elkins"
1006462,2091809,"Mike Ferguson",9,"Floyd McGraw"
1006462,1312686,"Beau Travis Williams",10,"Angelo Cooper"
1006462,1968825,"Alex Farnham",11,"Nate Hudson"
1006462,1906318,"Kelly B. Jones",12,"Newscaster"
1006462,1674839,"Jonathan Samson",13,"Deputy Markus Pine"
1006462,1297492,"Alexander Winters",14,"Deputy Whitlock"
805320,82700,"Mario Casas",0,"Sebastián"
805320,1335315,"Georgina Campbell",1,"Claire"
805320,1413390,"Diego Calva",2,"Octavio"
805320,3287900,"Naila Schuberth",3,"Sofia"
805320,2755881,"Alejandra Howard",4,"Anna"
805320,578014,"Patrick Criado",5,"Rafa"
805320,1062026,"Celia Freijeiro",6,"Laura"
805320,2759,"Lola Dueñas",7,"Isabel"
805320,566330,"Gonzalo de Castro",8,"Roberto"
805320,114463,"Michelle Jenner",9,"Liliana"
805320,19803,"Leonardo Sbaraglia",10,"Father Esteban"
805320,1527822,"Jorge Asín",11,"Marcial"
805320,1149052,"Abdelatif Hwidar",12,"Lázaro"
805320,2354333,"Manel Llunell",13,"Pere"
805320,2988148,"Aina Quiñones",14,"Elena"
709631,51988,"Lizzy Caplan",0,"Carol"
709631,60373,"Antony Starr",1,"Mark"
709631,217055,"Cleopatra Coleman",2,"Miss Devine"
709631,1945369,"Woody Norman",3,"Peter"
709631,3351429,"Luke Busey",4,"Brian"
709631,3769818,"Aleksandra Dragova",5,"The Girl (Sarah)"
709631,2651811,"Jay Rincon",6,"Principal"
709631,2916706,"Anton Kottas",7,"Timothy"
709631,1122661,"Steffanie Sampson",8,"Brian's Mom"
709631,4253418,"Jivko Mihaylov",9,"Kevin (Bunny Mask)"
709631,4253419,"Iliyan Nikolov",10,"Lucious (Cat Mask)"
709631,4253420,"Aleksander Asparuhov",11,"Sean (Pig Mask)"
709631,4253421,"Victoria Velikova",12,"Princess"
709631,1685018,"Kate Nichols",13,"Princess' Mom"
709631,4253423,"Leah-Felicity Bay",14,"Katie D."
1139296,1676156,"Alexa Barajas",0,"Maddie"
1139296,85613,"Juan Riedinger",1,"Barkley"
1139296,130885,"Pavel Kříž",2,"Hertig"
1139296,3807840,"Jocelyn Chugg",3,"ROMI (voice)"
1139296,2592469,"Jamie Shelnitz",4,"Irina"
1155458,3629557,"Lukas Urkijo",0,"Nikolaj"
1155458,3537667,"Ana Emilia",1,"Ximena"
1155458,4176543,"Fausto Espejel",2,"Emil"
1155458,1031468,"Dominika Paleta",3,"Helena"
1155458,1198613,"Danae Reynaud",4,"Marcela"
1155458,3393551,"Gregorio Urquijo",5,"Poncho"
1155458,1193969,"Rodrigo Cachero",6,"Papá"
1143190,21045,"Maggie Q",0,"Tess"
1143190,1218223,"Kat Foster",1,"Beth"
1143190,128560,"Travis Hammer",2,"Perry"
1143190,1440709,"Gia Crovatin",3,"Mia"
1143190,2707957,"Brenda Meaney",4,"Bridget"
1143190,1648764,"Ito Aghayere",5,"Noelle"
1143190,2439342,"Kirstin Leigh",6,"Esther"
1143190,2601302,"Highdee Kuan",7,"Rose"
1143190,1990676,"KeiLyn Durrel Jones",8,"Alfonse"
1143190,2532551,"Roshni Shukla",9,"Divya"
1143190,1340941,"Ray Siegle",10,"Cody"
1143190,4176635,"Philip Burke",11,"Dick"
1143190,3183042,"Laith Wallschleger",12,"Tim"
1143190,53198,"James Carpinello",13,"Bart"
1143190,60960,"Ray Nicholson",14,"Billy"
1019961,59219,"Kyle Gallner",0,"Emmett"
1019961,208782,"Holland Roden",1,"Anya"
1019961,15824,"Chris Mulkey",2,"Bill"
1019961,1889930,"Daphne Gaines",3,"Realtor"
1019961,3922362,"Michael Giannone",4,"Mortician"
977013,59860,"Alice Eve",0,"Anne Caulder"
977013,54811,"Joel Fry",1,"Patrick Caulder"
977013,1626572,"Nell Hudson",2,"Gwen Ratch"
977013,933640,"Angus Wright",3,"Victor"
977013,120560,"Jim Piddock",4,"Captain Carradine"
977013,1221067,"Dorian Lough",5,"Captain Bittner"
977013,156029,"William Shockley",6,"Deck Officer Brooks"
977013,1010912,"Tim Downie",7,"Lieutenant Gibson"
977013,2451415,"Lenny Rush",8,"Lukas Caulder"
977013,2317714,"Alfredo Tavares",9,"Lifeboat's Man"
977013,1423228,"Mark Silverman",10,"Queen Mary PA Announcer"
977013,1403650,"Joelle Koissi",11,"Tour guide"
977013,1815694,"Wil Coban",12,"David Ratch"
977013,4168269,"Gabi Kerr",13,"Teenage Girl (Snow White)"
977013,2889304,"Sophia Dunn-Walker",14,"Lady in White"
960469,27737,"Bill Moseley",0,"Abner Honeywell"
960469,21320,"Danielle Harris",1,"Diane Henderson"
960469,5139,"Robert Englund",2,"Mr. Meredeth"
960469,3948082,"Charlotte Fountain-Jardim",3,"Britt Henderson"
960469,1947162,"Thomas Robie",4,"Wyatt Henderson"
960469,3743780,"Noen Perez",5,"Robby"
960469,1973819,"Channah Zeitung",6,"Jolie"
960469,210901,"Joey Bothwell",7,"Natty Knocks"
960469,3041793,"Kellen Martelli",8,"Young Nate"
960469,2383000,"Will Murden",9,"Rick"
960469,3454533,"Pierce Nasser",10,"Teenage Kid"
960469,18259,"Jason James Richter",11,"Detective Leo Squares"
960469,4209151,"Sandy Little",12,"Lori"
960469,1847756,"Ashly Covington",13,"Angry Townswoman (uncredited)"
1062528,1335315,"Georgina Campbell",0,"Lennon"
1062528,222052,"Nick Blood",1,"Jackson"
1062528,1269910,"Wai Ching Ho",2,"Zhang"
1062528,2019944,"Edgar Morais",3,"James Moore"
1062528,1739345,"Ana Sofia Martins",4,"Mother"
1062528,1977324,"Søren Hellerup",5,"Varney"
1062528,1658207,"Celia Williams",6,"Mrs. Finley"
1062528,3089272,"Mick Greer",7,"Mr. Finley"
1062528,2424450,"Maria de Sá",8,"Sara Greenberg"
1062528,2985992,"Ivory Lee Smith",9,"Father"
1062528,1302981,"Paul S. Tracey",10,"Ranger 1"
1062528,1866674,"Raquel Rocha Vieira",11,"Second Ranger"
1031516,230210,"Mercè Llorens",0,"Elena"
1031516,1170019,"Manuel Galiana",1,"Dr. Cebrian"
1031516,99812,"Fernando Esteso",2,"Edmundo"
1031516,34792,"Miguel Molina",3,"Inspector Millan"
1031516,1149052,"Abdelatif Hwidar",4,""
1008042,3115932,"Sophie Wilde",0,"Mia"
1008042,2644232,"Alexandra Jensen",1,"Jade"
1008042,3047804,"Joe Bird",2,"Riley"
1008042,1822223,"Otis Dhanji",3,"Daniel"
1008042,502,"Miranda Otto",4,"Sue"
1008042,2659518,"Zoe Terakes",5,"Hayley"
1008042,2467788,"Chris Alosio",6,"Joss"
1008042,213070,"Marcus Johnson",7,"Max"
1008042,3281952,"Alexandria Steffensen",8,"Rhea"
1008042,2131239,"Ari McCarthy",9,"Cole"
1008042,3648542,"Sunny Johnson",10,"Duckett"
1008042,3648543,"James Oliver",11,"James"
1008042,1734185,"Cass Cumerford",12,"Quain / Quain Spirit (voice)"
1008042,3648546,"Jett Gazley",13,"Alex Varolli"
1008042,3648547,"Kitt Erhart-Bruce",14,"Peck"
1124158,1960351,"Justin Alexander Korovkin",0,"Giacomo"
1124158,4052195,"Lorenzo Ferrante",1,"Orazio"
1124158,3695809,"Elisa Pierdominici",2,"Pilla"
1124158,1669550,"Mirko Frezza",3,"Actor"
1124158,3360458,"Sveva Mariani",4,"Silvia"
1124158,3935136,"Alessandro Bedetti",5,"Tano"
1124158,2479358,"Marta Richeldi",6,"Countess Adelaide"
1124158,1853582,"Maurizio Di Carmine",7,"Actor"
1124158,7551,"Mauro Marino",8,"Don Antonio"
1124158,93728,"Claudia Della Seta",9,"The Cook"
1124158,130540,"David Coco",10,"Count Monaldo"
1085113,2315652,"Zelda Adams",0,"Eve"
1085113,1384575,"Toby Poser",1,"Maggie"
1085113,1391986,"John Adams",2,"Seven"
1085113,2315662,"Lulu Adams",3,"Axe Girl"
1085113,2579170,"Sam Rodd",4,"Mr. Tipps"
1085113,1971228,"Justin Julio",5,"Master of Ceremonies"
1085113,4432154,"Razor De Rockefeller",6,"Rocky"
1085113,4432164,"Hitomi Nakamura",7,"Nezumi Onna"
1085113,2315667,"Stephen O'Donnell",8,"Banker D. Gray"
1085113,2688846,"Harald Sørlie",9,"Erik Johansen"
1085113,2315656,"Nathaniel Meek",10,"Sparks the Clown"
1085113,4432167,"Maximum Portman",11,"Pepper the Clown"
1085113,2306661,"Robert Lund",12,"Farmer Ned"
1085113,3020130,"Addam Robert Paul",13,"Tent of Terrors Barker"
1085113,2964392,"Finn Haney",14,"Soldier Sully"
1147236,2184729,"Tom Sainsbury",0,"Ian"
1147236,1840918,"Hayden J. Weal",1,"Nicky"
1147236,1291958,"Tawanda Manyimo",2,"Austin"
1147236,2704461,"Noa Campbell",3,"Danielle"
1147236,2623275,"Kate Simmonds",4,"Monica"
1147236,3591820,"Bianca Seinafo",5,"Lulu"
1147236,3994517,"Gaby Solomona",6,"Talia"
1094713,37154,"John Magaro",0,"Parker"
1094713,1650121,"Chasten Harmon",1,"Madeline"
1094713,2126621,"Kat Cunning",2,"Dawn"
1094713,1804525,"Aylya Marzolf",3,"Rebecca"
1094713,53198,"James Carpinello",4,"Davey"
1094713,1497919,"Alexandra Grey",5,"Janine"
1094713,13312,"Rae Dawn Chong",6,""
1094713,43943,"Eddie Alfano",7,"Officer Pinetti"
1094713,2466295,"Jake Sidney Cohen",8,"Kristoff"
1094713,64242,"Tina D'Marco",9,"Frida Richardson"
1094713,76025,"Paul Schackman",10,"Rob"
1158385,1808344,"Christopher Lee Page",0,"Chris (as Chris Page)"
1158385,4214094,"Ryann Risner",1,"Wife"
1158385,4214093,"Jordinn Ballenger",2,"Daughter"
1158385,4214095,"Ray Daniels",3,"Old Priest"
1158385,2917465,"Kevin Bohleber",4,"Young Priest"
1158385,4214098,"Matthew Peschio",5,"Demon"
1158385,4214096,"Joseph T. Kramer",6,"Demon (as Joey Kramer)"
1158385,4214097,"Thad Owens",7,"Demon"
615656,976,"Jason Statham",0,"Jonas Taylor"
615656,78871,"Wu Jing",1,"Jiuming Zhang"
615656,1704579,"Shuya Sophia Cai",2,"Meiying"
615656,177214,"Page Kennedy",3,"DJ"
615656,78994,"Sergio Peris-Mencheta",4,"Montes"
615656,7055,"Sienna Guillory",5,"Driscoll"
615656,7248,"Cliff Curtis",6,"Mac"
615656,110930,"Skyler Samuels",7,"Jess"
615656,1977759,"Melissanthi Mahut",8,"Rigas"
615656,1503556,"Whoopie van Raam",9,"Curtis"
615656,1600494,"Kiran Sonia Sawar",10,"Sal"
615656,2583691,"Felix Mayr",11,"Lance"
615656,548608,"Guo Tao",12,"Party Guest"
615656,137469,"Robin Hill",13,"Cargo Ship Captain"
615656,1844395,"Dai Lele",14,"Beautiful Tourist"
1126577,55086,"Cam Gigandet",0,"Best Man"
1126577,12261,"Jason Patric",1,"Husband"
1126577,237445,"Natalie Burn",2,"Bride"
1126577,18270,"Orlando Jones",3,"Groomsman 4"
1126577,1160181,"Ser'Darius Blain",4,"Groom"
1126577,93033,"Pancho Moler",5,"Groomsman 7"
1126577,1992209,"Neb Chupin",6,"Groomsman 2"
1126577,1466559,"D.Y. Sao",7,"Groomsman 1"
1126577,2888180,"Alan Silva",8,"Groomsman 6"
1126577,1006135,"Nicole Arlyn",9,"Wife"
1126577,5170,"Mike Starr",10,"Father"
1126577,2202397,"Anais Lilit",11,"Bartender"
1126577,4209870,"Sam Lee Herring",12,"Groomsman 3"
1070514,1509675,"Eiji Akaso",0,"Akira Tendo"
1070514,1419914,"Mai Shiraishi",1,"Shizuka Mikazuki"
1070514,1574954,"Shuntaro Yanagi",2,"Kenichiro Ryuzaki"
1070514,2542,"Kazuki Kitamura",3,"Gonzo Kosugi"
1070514,58444,"Yui Ichikawa",4,"Saori Ohtori"
1070514,2043471,"Mayo Kawasaki",5,"President"
1070514,1271329,"Akari Hayami",6,"Sumire Kosaka"
1070514,1765444,"Yo Takahashi",7,"Mikio Kosaka"
1070514,1566806,"Miwako Kakei",8,"Maki"
1070514,2316314,"Kurumi Nakata",9,"Reika"
1070514,1557528,"Doronzu Ishimoto",10,"Bus Driver"
1070514,225041,"Mukau Nakamura",11,"Yamaguchi"
1070514,1968939,"Shota Taniguchi",12,"Yoshida"
1070514,2641584,"Reira Arai",13,""
1070514,2732041,"Seijun Nobukawa",14,""
1148787,2156419,"Emily Sweet",0,"Cass"
1148787,4202155,"Bradford Thomas",1,"Gav"
1148787,4202156,"Bruno Veljanovski",2,"Saint Peter"
1148787,4222313,"Nenad Mijatović",3,"Wax Baby"
1148787,2156533,"Jovan Ristić",4,"Uncle"
1148787,4222317,"Jovan Stanković",5,"Anton"
1148787,4222319,"Gordana Jović",6,"Mama"
1148787,4222320,"Milica Đuričković",7,"Elena"
1148787,4222322,"Vladimir Stojković",8,"Josip"
1148787,4222323,"Ljubica Kostić",9,"Ruža"
1148787,4222326,"Svetlana Arsenović",10,"Train Attendant"
1148787,4222327,"Danilo Ivanišević",11,"Emcee"
1148787,4222328,"Miloš Kuzmanović",12,"Groom"
1148787,4222329,"Ana Rakulj",13,"Bride"
1148787,1317077,"Miroslav Lakobrija",14,"Hotel Clerk"
1161663,4201719,"Juan Cruz Rolla",0,"Brian"
1161663,4201720,"Laura Casale",1,"Alice"
1161663,4201721,"Zhongbo Li Zhang",2,"Sysop"
1161663,4201722,"Raymond Carmichael",3,"Mike Turner"
1161663,2555116,"Gayl Braddix",4,"Keyra"
1161663,2088526,"Camila Pizzo",5,"Ellen"
1161663,5719500,"Dan Buchler",6,"Young Mike"
1161663,4677405,"Matt Wray",7,"Mike's Friend"
1161663,5719503,"Wenceslao Tejerina",8,"Mike's Friend 2"
1161663,1816794,"Raymond E. Lee",9,"Mike Turner"
1161663,5719504,"Jessica Teran",10,"Jessie"
1148027,47953,"Sonya Walger",0,"Elsa Gray"
1148027,1224215,"Hayley Erin",1,"Jessica Murdock"
1148027,34842,"Tony Amendola",2,"Raymond Reed"
1148027,23897,"Ayanna Berkshire",3,"Molly Presser"
1148027,1001968,"Jeb Berrier",4,"Vince"
1148027,1820233,"Blaine Palmer",5,"Frank Lerner"
1148027,79905,"Betty Moyer",6,"Janie Lerner"
1148027,1579191,"David Loftus",7,"Reed's Crew Member"
1148027,1639908,"Nick George",8,"Ian"
1148027,4692081,"Cyndi Rhoads",9,"Reed's Crew Member"
1148027,1707099,"Colton Ruscheinsky",10,"Guard"
635910,1154054,"Corey Hawkins",0,"Clemens"
635910,1323109,"Aisling Franciosi",1,"Anna"
635910,83854,"David Dastmalchian",2,"Wojchek"
635910,111090,"Javier Botet",3,"Dracula / Nosferatu"
635910,15498,"Liam Cunningham",4,"Captain Eliot"
635910,1656685,"Chris Walley",5,"Abrams"
635910,1224010,"Jon Jon Briones",6,"Joseph"
635910,80507,"Stefan Kapičić",7,"Olgaren"
635910,1291166,"Martin Furulund",8,"Larsen"
635910,1238110,"Nikolai Nikolaeff",9,"Petrofsky"
635910,1945369,"Woody Norman",10,"Toby"
635910,1715223,"Graham Turner",11,"Constable"
635910,1476138,"Andy Murray",12,"Deputy Fisher"
635910,1803376,"Nicolo Pasetti",13,"Deputy Hirsch"
635910,2810585,"Christopher York",14,"Fletcher - Whitby"
1089228,3400510,"Rory Alexander",0,"Peter"
1089228,1887973,"Vanessa Borgli",1,"Heather"
1089228,1617144,"Anna Bullard",2,"Tilly"
1089228,1602977,"Annie Hamilton",3,"Monica"
1089228,3646608,"Rachel Fowler",4,"Louise"
1089228,591209,"Morten Holst",5,"Bob"
1089228,3924110,"Grace Binford Sheene",6,"Ali"
1089228,1184538,"Jóel Sæmundsson",7,"Scott"
1089228,1721091,"Christine Donlon",8,"Tilly as a child (voice)"
1145851,111090,"Javier Botet",0,"El hombre del saco"
1145851,67052,"Macarena Gómez",1,"Claudia"
1145851,2724185,"Lucas Blas",2,"Alex"
1145851,592709,"Manolo Solo",3,"Aguirre"
1145851,2619434,"Iván Renedo",4,"Lucas"
1145851,1757605,"Claudia Placer",5,"Alicia"
1145851,4005871,"Lorca Gutiérrez Prada",6,"Sergio"
1145851,2610316,"Carla Tous",7,"Paula"
1145851,4142289,"Guillermo Novillo",8,"Gabi"
1145851,2272490,"Luna Fulgencio",9,"Sara"
1130899,1735369,"Alan Shirahama",0,"Alan Shirahama"
1130899,4117747,"Tomoko Hoshi",1,"Sana Takaya"
1130899,1847886,"Ryota Katayose",2,"Ryoya Katayose"
1130899,2839618,"Komori Hayato",3,"Komori Hayato"
1130899,2054286,"Reo Sano",4,"Reo Sano"
1130899,2285896,"Mandy Sekiguchi",5,"Mandy Sekiguchi"
1130899,2839616,"Nakatsuka Yuta",6,"Nakatsuka Yuta"
1130899,1271329,"Akari Hayami",7,"Rin"
1130899,1133061,"Makita Sports",8,"Detective Gonda"
1130899,2634060,"Hana Amano",9,"Asuka"
1130899,2534576,"Marika Yamakawa",10,"Shiori Takaya"
1130899,555021,"Daisuke Matsuki",11,"Yoichi Takaya"
1130899,3963234,"Ryuto Kazuhara",12,""
1040229,110425,"Eamon Farren",0,"T.I.M."
1040229,1335315,"Georgina Campbell",1,"Abi"
1040229,27631,"Nathaniel Parker",2,"Dewson"
1040229,1799858,"Mark Rowley",3,"Paul"
1040229,66443,"Amara Karan",4,"Rose"
1040229,1513194,"Tom Bell",5,"Chris"
1040229,1080628,"Edmund Kingsley",6,"Hewitt"
1040229,1405269,"Janis Ahern",7,"Estelle Dewson"
1040229,3621109,"Eliza Glock",8,"Raya"
1158922,3393573,"Dallas Schaefer",0,"Scott Keyes"
1158922,4191399,"Faith West",1,"Gazelle"
1158922,3383315,"Felix Merback",2,"Hunter"
1158922,3728110,"Tom Dacey Carr",3,"Man in Black"
1158922,2083096,"Joe Kurak",4,"Man in Black"
1158922,2996398,"Liz Jordan",5,"Faux AIMEE"
1158922,2096553,"Lexi Lore",6,"Sexy Blonde"
649294,2462051,"Héctor Ostrovsky",0,"Alfredo"
649294,2462048,"Nadia Lozano",1,"María"
649294,2184449,"Casper Uncal",2,"Abel"
649294,2184454,"Agustín Recondo",3,"Jorge Federicci"
649294,2462050,"Iván Esquerre",4,"Lucio"
649294,1821711,"Luciano Guglielmino",5,"Daniel Aguilar"
649294,2852189,"Hernán Altamirano",6,"Senator Matías Linares"
649294,2462054,"Lucía Arreche",7,"Natalia"
649294,2852190,"Cristian Salgueiro",8,"Eduardo Alonso"
649294,1698068,"Germán Baudino",9,"Adrián Marcato"
649294,2852191,"Raúl Omar García",10,"Warlock"
649294,2852192,"Juanjo Suker",11,"Informer"
649294,2852279,"Víctor Díaz",12,"Manuel Ramírez"
649294,2852283,"Paola Amor",13,"Canal 6 Announcer (voice)"
649294,2625663,"Lucía Cano",14,"News Reporter Marcela"
1165918,21315,"Eric Roberts",0,"Lt. Cmdr. Sharp"
1165918,86923,"Caroline Williams",1,"Dr. Rylie Clark"
1165918,2481064,"Jessica Chancellor",2,"Kristy London"
1165918,1495786,"Alex Trumble",3,"Dr. John Hilton"
1165918,2068680,"Sharon Desiree",4,"Esme West"
1165918,2260004,"Victoria Grant",5,"Lieutenant Ferro"
1165918,4219017,"Jordan Hubbard",6,"Captain Kacey Keele"
1165918,1589973,"Jordy Tulleners",7,"Tommy Bahhama"
1165918,3305965,"Courtney Nelson",8,"Shocked Beachgoer"
1165918,1114226,"Monte Pittman",9,"Banana Boat Victim"
1165918,1175215,"Diana Prince",10,"Swan Boat Victim"
1165918,1482026,"Scott Chambers",11,"Jet Ski Victim"
1165918,1654626,"Marc Gottlieb",12,"Beachgoer"
1165918,4219024,"Javier Luna",13,"Brunson"
1165918,1826624,"Jared Rivet",14,"Kurt Holt"
1058638,164094,"Marin Ireland",0,"Dr. Rose Casper"
1058638,159657,"Judy Reyes",1,"Celie Morales"
1058638,3662707,"A.J. Lister",2,"Lila Morales"
1058638,1442829,"Breeda Wool",3,"Emily Parker"
1058638,53651,"Monique Gabriela Curnen",4,"Rita"
1058638,56689,"LaChanze",5,"Colleen"
1058638,1998577,"Bryant Carroll",6,"Patron"
1058638,1370983,"Rachel Zeiger-Haag",7,"ER Doctor"
1058638,1437567,"Erica Sweany",8,"Ultrasound Technician"
1058638,1029700,"Richard Gallagher",9,"Kevin"
1058638,1473184,"Mary Ann Hay",10,"Clerk"
1058638,2595333,"Asha Etchison",11,"Woman In Labor"
1058638,1303162,"Grant Harrison",12,"Scott"
1058638,1000658,"David Lavine",13,"Obstetrician"
1058638,2800995,"Katie Kuang",14,"OR Nurse"
1142414,2052359,"Corin Clay",0,"Maeve Johnson"
1142414,3544775,"Mick Thyer",1,"Charlie Walker"
1142414,3032871,"April Clark",2,"Clara Miller"
1142414,4210472,"Danielle Grotsky",3,"Lydia"
1142414,3544774,"Brady O’Donnell",4,"Ollie"
1142414,4210473,"Kyle Corbin",5,"Elijah"
1142414,4210474,"Paul ""Doc"" Ignatius",6,"Eli Miller"
1142414,4210475,"Will Bunk",7,"Farmer Miller"
986263,2347900,"Louise Manteau",0,"Elaine"
986263,3747614,"Victor Dieu",1,"Martin"
986263,554275,"Marja-Leena Junker",2,"Adrienne"
986263,1050253,"Jules Werner",3,"Jean"
986263,1063009,"Marco Lorenzini",4,"Joseph"
986263,554273,"Myriam Muller",5,"Carla"
986263,2186173,"Yuliya Chernyshkova",6,"Tatiana"
986263,1105302,"Jean-Jacques Rausin",7,"Arnaud"
986263,1886463,"Charles Müller",8,"Docteur Wilmes"
986263,1125003,"Benjamin Ramon",9,"Patrick"
986263,1368672,"Joël Delsaut",10,"Directeur d'école"
986263,1389925,"Gintarė Parulytė",11,"Jeanne"
986263,5531399,"Basile Catrysse",12,"Sam"
986263,2665696,"Tracy Dossou",13,"Infirmière"
986263,5531401,"Hakim Bouacha",14,"Prof de gym"
1033667,1587299,"Zhang Ting-hu",0,"Guan-Yu"
1033667,1261061,"Lee Hsing-wen",1,"Wu-Xiong"
1033667,2836867,"Wu Yi-jung",2,"Wan-Hua"
1033667,2681904,"Hsu An-chih",3,"Jia-Min"
1033667,1081519,"Chen Bo-zheng",4,"Master Xi"
1033667,2896094,"Hangee Liu",5,"A-Guai"
1033667,4440274,"Chang Lee",6,"Gui-Zi"
1033667,1479860,"Lotus Wang",7,"Shu-Ping"
1033667,232780,"Chen Wei-min",8,"Jun-Nan"
1033667,2908299,"Vicky Tseng",9,"Rose"
1033667,2359929,"Vera Chen Hsueh-chen",10,"Yu-Lan"
1033667,1398374,"Jason Tsou",11,"Jia-Wei"
1033667,3193525,"Huang Rou-ming",12,"Mang-Po"
1033667,4440293,"Shi Dong-lin",13,"The Thai Demon"
1033667,4245038,"You Fou-xi",14,"Male Guest"
1010826,2049870,"Veki Velilla",0,"Angela"
1010826,1915027,"Iván Pellicer",1,"Nando"
1010826,2646078,"Álvaro Mel",2,"Sebas Hoyos"
1010826,4249932,"Ane Rot",3,"Sara Pons"
1010826,2556046,"Carlos Alcaide",4,"Rai"
1010826,3258938,"María Cerezuela",5,"Eva"
1010826,2564672,"Hamza Zaidi",6,"Koldo"
1010826,1457866,"Priscilla Delgado",7,"Virginia"
1010826,233947,"Daniel Grao",8,"Cruzado"
1010826,2189911,"Carmela Lloret",9,"Catalina"
1010826,68231,"Cachito Noguera",10,"Book Vendor"
1010826,4442462,"Iván López",11,"Book Fair Security Guard"
1010826,2975545,"Julia Serrano",12,"Virginia's Roommate"
1010826,2647309,"Pilar Pintre",13,"New University Professor"
1010826,24928,"Arantxa de Juan",14,"Literature Professor"
1097150,1116309,"Lee Roy Kunz",0,"Father Fox"
1097150,2960441,"Maria Vera Ratti",1,"Sister Yulia"
1097150,2957,"Alexander Siddig",2,"Cardinal Russo"
1097150,3147545,"Jaune Kimmel",3,"Laura"
1097150,3491,"Thomas Kretschmann",4,"Father Saul"
1097150,4303998,"Jelena Rajapu",5,"Zoroastrian Priestess"
1097150,3714442,"Anil Kapur",6,"Zoroastrian Priest"
1097150,4303999,"Kätlin Hallik",7,"Zoroastrian Priestess"
1097150,4304000,"Vivek Tyagi",8,"Zoroastrian Priest"
1097150,4304003,"Marina Puškar",9,"Reading Sister"
1097150,4304004,"Marika Inga Roosaar",10,"Mother Superior Saltykova"
1097150,3477173,"Lena Barbara Luhse",11,"Sister Sniger"
1097150,3266342,"Ene Pappel",12,"Sister Luda"
1097150,237370,"Boris Lee Krutonog",13,"Russian Bishop"
1097150,4304006,"Kalmer Umbleja",14,"Ice Fisherman"
1040892,2045545,"Lisa Ambalavanar",0,"Emily"
1040892,1817397,"Sydney Craven",1,"Brianna"
1040892,2147509,"Andrew Horton",2,"Tyler"
1040892,3760212,"Bianca Beckles-Rose",3,"Zenny"
1040892,2631321,"Olivia Rouyre",4,"Madison"
1040892,1645394,"Tiff Stevenson",5,"Ms. Mayflower"
1040892,3348078,"Sutter Nolan",6,"Sarah"
1040892,3760218,"Milica Vrzić",7,"Gabby"
1040892,80507,"Stefan Kapičić",8,"Oliver"
1040892,1921068,"Annamaria Serda",9,"Dakota"
1040892,1482451,"Grace Patterson",10,"Chloe"
1040892,1793239,"Kelly Lynn Reiter",11,"Ava"
1040892,2167150,"Tiana Upcheva",12,"Alissa"
1040892,2000333,"Juliana Sada",13,"Teenage Girl"
1040892,1380661,"Bradley Fowler",14,"Paramedic"
926599,77996,"Asa Butterfield",0,"Marcus"
926599,1039011,"Natalia Dyer",1,"Billie"
926599,2382044,"Benjamin Evan Ainsworth",2,"Jo"
926599,2850009,"Laurel Marsden",3,"Sophie"
926599,49425,"Annabeth Gish",4,"Kathy"
926599,1094134,"Kolton Stewart",5,"Pete"
926599,1524215,"Summer H. Howell",6,"Demon / Daniel Good"
926599,1303813,"Erik Athavale",7,"Bob"
926599,2815367,"Matthew Lupu",8,"Nick"
926599,2886183,"Shylo Molina",9,"Daniel"
926599,1780958,"Zoe Fish",10,"Puritan Twin #1"
926599,2572556,"Annelise Pollmann",11,"Puritan Twin #2"
926599,2925864,"Sydney Sabiston",12,"Pilar"
926599,2404544,"Maclean Fish",13,"Puritan Leader"
926599,61160,"Marina Stephenson Kerr",14,"Joanna"
954388,1489764,"Carolina Gaitán",0,"Sofia"
954388,76103,"Allan Hawco",1,"Josh"
954388,1471515,"Sebastián Eslava",2,"Marcos"
954388,839684,"Andrés Castañeda",3,"Diego"
954388,4200070,"Allison Castrillón",4,"Front Desk Clerk"
954388,1112598,"Juan Manuel Combariza",5,"Concierge"
954388,4200071,"Juan Camilo Pérez",6,"Javier"
1127175,2063213,"Lauren Lyle",0,"Rhona"
1127175,1921935,"Nicolette McKeown",1,"Carla"
1127175,4063224,"James Watterson",2,"Scott"
1127175,4063225,"Layla Kirk",3,"Heather"
1127175,4063226,"Joe Rising",4,"Donnie"
1127175,4063227,"Eoin Sweeney",5,"Andy"
1127175,1475236,"Gilly Gilchrist",6,"Rhona's Dad"
1127175,4256424,"Lauren Abdulsalam",7,"Afghan Woman"
1127175,4256425,"Isabella Hendrick",8,"Young Rhona"
1127175,5089233,"Thomas Brennan",9,"Bar Band"
1127175,5089234,"John Cassidy",10,"Bar Band"
1127175,5089236,"Robert D'Arcy",11,"Bar Band"
1127175,5089238,"Scott Dearie",12,"Soldier 1"
1127175,5089240,"Darren Little",13,"Soldier 2"
1127175,5089242,"Andrew MacLaughlin",14,"Barman"
1102425,3970414,"Kelly Bastard",0,"Frankie"
1102425,2237341,"Michael Mitton",1,"Jonah"
1102425,1835692,"Colm Hill",2,"Steve"
1102425,3970416,"René Lai",3,"Lucy"
1102425,3970417,"Abu Dukuly",4,"Drake"
1102425,3970418,"Brittany Pilgrim",5,"Isabelle"
1102425,3970420,"Sophie Thom",6,"Madison"
1102425,2132688,"Jason Haney",7,"Lewis"
1102425,141197,"Michael Bafaro",8,"Victor Malick"
1102425,4189411,"Vanessa Nostbakken",9,"Molly"
1061656,3078308,"Kiah McKirnan",0,"Jonquil 'Jonny' Baptiste"
1061656,5588,"Alicia Silverstone",1,"Hildie Baptiste"
1061656,84300,"Chris Lowell",2,"Principal Burke"
1061656,1399166,"Melanie Liburd",3,"Jean Baptiste"
1061656,1946954,"Ireon Roach",4,"Elektra"
1061656,1939516,"Avery Holliday",5,"Poppy"
1061656,1561934,"Casimere Jollette",6,"Aviva"
1061656,1733324,"Audrey Francis",7,"Marcy"
1061656,3048824,"Sasha Kuznetsov",8,"Kirk"
1061656,1750923,"Ilirida Memedovski",9,"Avalon"
1061656,3929294,"Greta Stolte",10,"Darby"
1061656,1133449,"Josh Bywater",11,"Officer Sterling"
1061656,2818054,"Vic Kuligoski",12,"Kit"
1061656,33835,"Tim Hopper",13,"Gene Baptiste"
1061656,4335910,"Mia Park",14,"Mrs. Danvers"
1032949,1531384,"Thomas Roach",0,"Jack"
1032949,3731187,"David Tracy",1,"Ned"
1032949,3731188,"Nicole Tudor",2,"Rachel"
1032949,3731189,"Justan Wagner",3,"Ricky"
1032949,3731190,"June Clarke",4,"The Mum"
1032949,3731192,"Andy Krambousanos",5,"Andy"
1032949,3731193,"Fiona Svamvur",6,"Doctor"
1032949,2096154,"Benny Blake",7,"Scrubs"
1032949,2635110,"John McGregor",8,"Woodsy"
1019444,54812,"Chevy Chase",0,"Mezmerian"
1019444,707,"Dan Aykroyd",1,"Len Carver"
1019444,15319,"Henry Czerny",2,"Landro"
1019444,2226425,"Brenna Coates",3,"Mrs. Bonard"
1019444,73499,"Bruce McCulloch",4,"Jenkins"
1019444,78576,"Scott Thompson",5,"Andy"
1019444,2761824,"Madi Monroe",6,"Amy Maxwell"
1019444,2237625,"Marlon Kazadi",7,"Mike Broadstreet"
1019444,1608398,"Callan Potter",8,"Chad"
1019444,1593585,"Mikaël Conde",9,"Dean"
1019444,1386247,"Chattrisse Dolabaille",10,"Mike’s Mom"
1019444,3684666,"Samuel Lariviere",11,"Nick"
1019444,3684664,"Ryan Anthony Mauro",12,"Dimp"
1019444,1825792,"Chris Farquhar",13,"News Reporter"
1019444,3684667,"Lexie Mitchell",14,"Lexie Marie"
1158249,2381401,"Ricky Umberger",0,"Trevor Mullins"
1158249,2806150,"Austin Greene",1,"Kevin Wickers"
1158249,2837711,"Justin Snyder",2,"Dave"
1158249,2974979,"Dennis Frazier",3,"Josh"
1158249,2974980,"Alex Ahmer",4,"Mike"
1158249,4189008,"Jacob Waeyaert",5,"Wes"
1158249,4189009,"Blair Umberger",6,"Blair"
1158249,4189010,"Braydan Wade",7,"Jesse"
1158249,5907111,"Thomas Burke",8,"Emergency Broadcast Announcer (voice)"
1158249,6288322,"James Herbert",9,"Abner Yoder"
1158249,6288323,"Jacob Knighton",10,"Jacob"
1024773,2073513,"Megan Suri",0,"Samidha"
1024773,77239,"Neeru Bajwa",1,"Poorna"
1024773,1881789,"Mohana Krishnan",2,"Tamira"
1024773,1660452,"Betty Gabriel",3,"Joyce"
1024773,6623,"Vik Sahay",4,"Inesh"
1024773,2528487,"Gage Marsh",5,"Russ"
1024773,2237623,"Beatrice Kitsos",6,"Kittie"
1024773,2509660,"Jamie Ives",7,"Older Neighbor"
1024773,3042898,"Siddhartha Minhas",8,"Karan"
1024773,4030548,"Saisha Ram Muni",9,"Young Tamira"
1024773,4030552,"Sangeeta Wylie",10,"Radha Avasthi"
1024773,3832669,"Jenaya Ross",11,"The Pishach"
1024773,1432758,"Jared Ager-Foster",12,"The Keymaster"
1024773,2505001,"Nutan Thakur",13,"Indian Woman"
1024773,2687314,"Paige Shaw",14,"Girl #2"
968051,527313,"Taissa Farmiga",0,"Sister Irene"
968051,5529,"Anna Popplewell",1,"Kate"
968051,566080,"Jonas Bloquet",2,"Maurice Theriault"
968051,1344344,"Storm Reid",3,"Sister Debra"
968051,3607815,"Katelyn Rose Downey",4,"Sophie"
968051,2490509,"Léontine d'Oncieu",5,"Simone"
968051,4033927,"Anouk Darwin Homewood",6,"Céleste"
968051,3589497,"Sarah Pachoud",7,"Emily"
968051,162413,"Suzanne Bertish",8,"Madame Laurent"
968051,87287,"Bonnie Aarons",9,"The Demon Nun / Valak"
968051,1277975,"Peter Hudson",10,"Father Ridley"
968051,1068693,"Tamar Baruch",11,"Sister Amara"
968051,20755,"Natalia Safran",12,"Sister Chloe"
968051,3405036,"Maxime Elias-Menet",13,"Jacques"
968051,231254,"Pascal Aubert",14,"Father Noiret"
964592,127720,"Jung Yu-mi",0,"Soo-jin"
964592,115290,"Lee Sun-kyun",1,"Hyun-su"
964592,2003804,"Kim Guk-hee",2,"Min-jung"
964592,1876417,"Lee Kyung-jin",3,"Soo-jin's Mother"
964592,560081,"Yoon Kyung-ho",4,"Doctor"
964592,2441975,"Kim Keum-soon",5,"Shaman"
964592,6325531,"Choi Ah-rin",6,"Ha-yoon"
964592,4152192,"Kim Jun",7,"Jin-hyeok"
964592,3980694,"Lee Dong-chan",8,"Park Chun-gi"
964592,2479225,"Park Hye-sook",9,"Drama Actress"
964592,2925197,"Oh Yoon-soo",10,"Drama Actress"
964592,4037927,"Park Hyun-jeong",11,"Nurse"
964592,6325532,"Lee Hye-ryeong",12,"Receptionist"
964592,2996088,"Hong Ha-na-im",13,"Receptionist"
964592,1910031,"Kim Nam-woo",14,"Soo-jin's Co-worker"
1000173,2491820,"Zara Devlin",0,"Alex"
1000173,2551391,"Eoin Duffy",1,"Sam"
1000173,96522,"Mark Huberman",2,"Damian"
1000173,3377771,"Áine Ní Laoghaire",3,"Officer Connors"
1000173,3911206,"Maeve Leonard",4,"Mrs. Miller"
1000173,2839111,"Meabh Maguire",5,"Banshee / Nurse"
1000173,3911556,"Jace Bayley Kennedy",6,"Simon"
1000173,1865000,"Anthony Morris",7,"Deedee"
991708,225013,"Jaime Vadell",0,"El Conde"
991708,127249,"Gloria Münchmeyer",1,"Lucia"
991708,225011,"Alfredo Castro",2,"Fyodor"
991708,2100550,"Paula Luchsinger",3,"Carmencita"
991708,134699,"Stella Gonet",4,"Margaret"
991708,127251,"Catalina Guerra",5,"Luciana"
991708,225012,"Amparo Noguera",6,"Mercedes"
991708,141624,"Antonia Zegers",7,"Jacinta"
991708,590883,"Marcial Tagle",8,"Aníbal"
991708,296274,"Diego Muñoz",9,"Manuel"
991708,1146784,"Clemente Rodríguez",10,"Claude Pinoche"
991708,2337108,"Rosario Zamora",11,"Sister Alberta"
991708,4275470,"Sofia Maluk",12,"Margaret (Young)"
991708,225010,"Marcelo Alonso",13,"Strigoi"
991708,1863289,"Daniel Contesse",14,"El Conde (28 years old)"
1145291,1062343,"Kanna Hashimoto",0,"Hiroko Kurasawa"
1145291,1419913,"Daiki Shigeoka",1,"Naoto Ihara"
1145291,2054290,"Mayu Hotta",2,"Maya Hiraoka"
1145291,2737262,"Shinobu Hasegawa",3,"Kenshin Daimon"
1145291,1326016,"Kenta Izuka",4,"Kuniaki Kurasawa"
1145291,4134579,"Minato Shougaki",5,"Haruto Ihara"
1145291,1211811,"MEGUMI",6,"Shuko Noda"
1145291,2647155,"Yuki Kura",7,"Ryouji Kawashibara"
1145291,1738058,"Shinya Niiro",8,"Kawasaki"
1145291,1058058,"Michiko Shimizu",9,"Sachi Murata"
1145291,20327,"Tarō Suwa",10,"Sachi Murata's Husband"
1145291,2752183,"First Summer Uika",11,"Miyuki Ihara"
1145291,4279290,"Ema Maeno",12,"Nurse"
1097322,1637259,"Titus Himmelberger",0,"Neil"
1097322,1380344,"Ken Van Sant",1,"Gaurisco"
1097322,2759568,"Natalie Himmelberger",2,"Persephone"
1097322,2891467,"Samantha Coolidge",3,"Meagan"
1097322,3531264,"Ryan Dalton",4,"Fuentes"
1097322,2375742,"Noyes J. Lawton",5,"Fuentes' Goon"
1097322,4069615,"Kevin Coolidge",6,"Louis"
1097322,98865,"Mark Polonia",7,"The Doctor"
1097322,1836851,"Kyle Rappaport",8,"Victim / Prisoner / Thug / Lab tech"
1097322,1506464,"Jeff Kirkendall",9,"Security guard / Captain Dillon"
1097322,2891469,"Christopher Beacom",10,"Drug Buyer"
1097322,1506462,"Houston Baker",11,"Doctor"
1097322,4137556,"Drew Patrick",12,"Doctor"
1097322,4137574,"Lena Harper",13,"News Reporter"
1097322,4509212,"Nathan Maldona",14,"Drug Dealer"
1058689,1105441,"Bobbi Salvör Menuez",0,"Heather"
1058689,561869,"Amandla Stenberg",1,"Jonny"
1058689,57881,"Heidi von Palleske",2,"Patti"
1058689,230,"Stephen McHattie",3,"Henry"
1058689,2732376,"Cory Lipman",4,"Rick"
1058689,1891112,"Joe Apollonio",5,"Otto"
1058689,4279572,"Charles F Halpenny",6,"Cooper"
1058689,4279575,"Harrison W Halpenny",7,"Hardy"
1058689,3753433,"David R Carter",8,"Sinewy Bouncer"
1058689,3145081,"Gabriel Campoverde",9,"Andy"
1058689,1852461,"Mitch Horowitz",10,"Newscaster"
1058689,4279578,"Rizzo Jeppesen",11,"Amber"
1058689,2519872,"Matt Lishman",12,"Sebo"
1058689,236,"Bill MacDonald",13,"Dodge"
1058689,65771,"Dean McDermott",14,"Coach Dutch"
841742,3127137,"Eline Schumacher",0,"Martha"
841742,1125003,"Benjamin Ramon",1,"Felix"
841742,76292,"Wim Willaert",2,"Jérôme"
841742,1560859,"Raphaëlle Lubansu",3,"Madame Conneci"
841742,1133677,"Pierre Nisse",4,"Luc"
841742,1898179,"Quentin Lasbazeilles",5,"L'ouvrier"
841742,2232819,"Olivier Picard",6,"Iblis"
841742,2875573,"Catherine Jandrain",7,"Femme Cathédrale"
841742,2363327,"Hélène Moor",8,"Julie"
841742,3627846,"Julie Carroll",9,"Martha's Mother"
1032666,1481229,"Roger Clark",0,"Cpl. Miller"
1032666,1385419,"Luke Baines",1,"Kurt"
1032666,104196,"Sean Cullen",2,"Captain Hall"
1032666,1358574,"Julian Feder",3,"Baker"
1032666,1290648,"Kayla Jenee Radomski",4,"The Griever"
1032666,1674203,"Eddie Ramos",5,"Segura"
1032666,1576809,"Kevin Tanski",6,"British Soldier"
1032666,3730330,"Patrick Moltane",7,"Lt. Turner"
1032666,1973525,"Michael Mihm",8,"Private Gray"
1032666,3730331,"Samuel Huntsman",9,"German Soldier"
1032666,3730332,"Quinn Moran",10,"Pvt. Lewis"
1032666,3685729,"Ali Rexhepi",11,"American Soldier"
1032666,3730333,"Adriano Gatto",12,"Lance Cpl. Walker"
946215,55085,"Amber Heard",0,"Grace Burnham"
946215,17093,"Eduardo Noriega",1,"Nicolas Marquez"
946215,2682027,"Lorenzo McGovern Zaini",2,"Martin Marquez"
946215,90325,"Luca Calvani",3,"Antonio"
946215,1419998,"Herbert Ignacio",4,"Temo"
946215,25092,"Monica Contini",5,"Maria"
946215,553699,"Yari Gugliucci",6,"Father Gavira"
946215,4104433,"Ernesto Molina",7,"Andreas"
946215,4172956,"Sophie Amber",8,"Isabella"
946215,4319601,"Romain Palacci",9,"Doctor"
946215,4319607,"Isabella Benetton",10,"Eva"
946215,4319610,"Mattia Losacco",11,"Violin Boy"
1179188,4274045,"Leone Kessel",0,"Dorian Gray"
1179188,4256365,"Lizzy Willis",1,"Evie (Age 14)"
1179188,4274046,"Allison Blair",2,"Lady Amelia Wotton"
1179188,1696187,"Triana Terry",3,"Evie (Age 29)"
1179188,69467,"Rula Lenska",4,"Narrator (voice)"
996503,3323741,"Kelly Rian Sanson",0,"Mia"
996503,3629485,"Natasha Tosini",1,"Linda"
996503,3629487,"Jase Rivers",2,"Wardon.Donny"
996503,3122182,"Chrissie Wunna",3,"Miss Fang"
996503,3587737,"Lila Lasso",4,"Roberta"
996503,3254592,"Danielle Scott",5,"Faye"
996503,3933464,"Jamie Littlewood",6,"Tony"
996503,4294944,"James Solly",7,"Clifford"
996503,3933466,"Alexander Clark",8,"Clifford"
996503,3933465,"Chloe Tazia",9,"Pepper"
996503,3933463,"Vitaliya Dias",10,"Callie"
996503,1952933,"Karl Hughes",11,"Max Wolfbane"
996503,2763392,"Gillian Broderick",12,"Slaggy Sue"
996503,1508760,"Marcus Massey",13,"Elliot Omari"
820609,481337,"Kaitlyn Dever",0,"Brynn"
820609,3956612,"Elizabeth Kaluev",1,"Young Brynn"
820609,186573,"Zack Duhame",2,"Mailman"
820609,3648564,"Lauren L. Murray",3,"Brynn's Mother"
820609,1027298,"Geraldine Singer",4,"Mrs. Collins"
820609,60874,"Dane Rhodes",5,"Police Chief Collins"
820609,3956681,"Evangeline Rose",6,"Young Maude"
820609,3891460,"Dari Lynn Griffin",7,"Maude"
820609,2856979,"Emani White",8,"Teenage Cashier"
820609,1292493,"Tenaj L. Jackson",9,"Woman at the Swings"
820609,4338284,"Nathalie J. Alarcon",10,"Neighbor (uncredited)"
820609,3956677,"Ginger Cressman",11,"Celebration Guest (uncredited)"
820609,3765456,"Rose Bianca Grue",12,"Dancer (uncredited)"
820609,4273923,"Daniel Rigamer",13,"Mr. McCreary"
820609,4273924,"Gabrielle Bordlee Mauro",14,"Woman"
1029322,2006855,"Jordan Doww",0,"Lee Fletcher IV"
1029322,3412654,"Pablo Castelblanco",1,"Kyle Culper"
1029322,28638,"David Koechner",2,"Pastor Royer"
1029322,15905,"Robyn Lively",3,"Floy Fletcher"
1029322,141762,"Joe Chrest",4,"Big Lee"
1029322,3503008,"Marissa Reyes",5,"Bree"
1029322,2470020,"Brady Gentry",6,"Justin Farkle"
1029322,2234520,"Melanie Booth",7,"Young Floy Fletcher"
1029322,3718353,"Sibyl Gregory Wulf",8,"McKayla Rayburn"
1029322,3450301,"Sofia Yepes",9,"Kim Culper"
1029322,2120924,"Rachel Walters",10,"Becca Russell"
1029322,2260618,"Tatiana Harman",11,"Sarah Beth"
1029322,1941862,"Pete Zias",12,"Neal"
1029322,1480862,"Cody Walker",13,"Wrestler"
1029322,1479700,"Anna Schlegel",14,"Ms. Kimpton"
830764,1898600,"Jackson White",0,"Jud"
830764,1560185,"Forrest Goodluck",1,"Manny"
830764,2725448,"Jack Mulhern",2,"Timmy Baterman"
830764,9976,"Henry Thomas",3,"Dan Crandall"
830764,211484,"Natalie Alyn Lind",4,"Norma"
830764,3161757,"Isabella Star LaBlanc",5,"Donna"
830764,2230,"Pam Grier",6,"Majorie Washburn"
830764,12640,"David Duchovny",7,"Bill Baterman"
830764,20767,"Samantha Mathis",8,"Kathy Crandall"
830764,1646452,"Christian Jadah",9,"Sheriff Anderson"
830764,2164681,"Steve Love",10,"Johnson"
830764,119706,"Karl Graboshas",11,"Commander Williams"
830764,982065,"Vincent Leclerc",12,"Priest"
830764,146174,"Glen Gould",13,"Mi'kmaq Chief"
830764,108302,"Matt Holland",14,"Hannibal Benson"
951491,2144,"Tobin Bell",0,"John Kramer"
951491,2138,"Shawnee Smith",1,"Amanda Young"
951491,559207,"Synnøve Macody Lund",2,"Cecilia Pederson"
951491,57340,"Steven Brand",3,"Parker Sears"
951491,2153290,"Renata Vaca",4,"Gabriela"
951491,2412563,"Joshua Okamoto",5,"Diego"
951491,2692952,"Octavio Hinojosa Martínez",6,"Mateo"
951491,1417288,"Paulette Hernández",7,"Valentina"
951491,4274741,"Jorge Briseño",8,"Carlos"
951491,36055,"Costas Mandylor",9,"Hoffman"
951491,87118,"Michael Beach",10,"Henry Kessler"
951491,4261841,"Isan Beomhyun Lee",11,"Custodian"
951491,4053727,"David Alfano",12,"Doctor"
951491,81410,"Katie Barberi",13,"Cancer Support Group Leader"
951491,2692934,"Lucía Gómez-Robledo",14,"MRI Technician"
1146147,3209765,"Wolfgang Schaeffer",0,"Lincoln Loud"
1146147,2241218,"Jahzir Bruno",1,"Clyde McBride"
1146147,146391,"Brian Stepanek",2,"Lynn Loud Sr."
1146147,51753,"Jolie Jenkins",3,"Rita Loud"
1146147,1362853,"Lexi DiBenedetto",4,"Lori Loud"
1146147,2274742,"Eva Carlton",5,"Leni Loud"
1146147,1633076,"Sophia Woodward",6,"Luna Loud"
1146147,2835503,"Catherine Ashmore Bradley",7,"Luan Loud"
1146147,2777683,"Annaka Fourneret",8,"Lynn Loud"
1146147,3209770,"Aubin Bradley",9,"Lucy Loud"
1146147,1937785,"Ella Allan",10,"Lola Loud"
1146147,1937784,"Mia Allan",11,"Lana Loud"
1146147,2557939,"Lexi Janicek",12,"Lisa Loud"
1146147,3729776,"August Michael Peterson",13,"Lily Loud"
1146147,2259007,"Martín Fajardo",14,"Xander Coddington"
1074299,1202392,"Taskya Namya",0,"Nadia"
1074299,2017873,"Wafda Saifan",1,"Yoga"
1074299,1157390,"Teuku Rifnu Wikana",2,"Bapak Suyatno"
1074299,1157495,"Kinaryosih",3,"Mirna Rashida"
1074299,1823751,"Farras Fatik",4,"Yoga Kecil"
1074299,3301327,"Raya Adena Syah",5,"Nadia Kecil"
1074299,1961519,"Giulio Parengkuan",6,"Bastala"
1074299,1873243,"Elly D. Luthan",7,"Mbah Unjuk"
1074299,3094397,"Andi Bersama",8,"Mbah Jerat"
974931,934289,"Kiernan Shipka",0,"Jamie Hughes"
974931,542870,"Olivia Holt",1,"Pam Miller (1987)"
974931,2091629,"Troy Leigh-Anne Johnson",2,"Lauren Creston (1987)"
974931,58058,"Lochlyn Munro",3,"Blake Hughes"
974931,2044745,"Charlie Gillespie",4,"Blake Hughes (1987)"
974931,1951237,"Kelcey Mawema",5,"Amelia Creston"
974931,23534,"Jonathan Potts",6,"Chris Dubasage"
974931,1764610,"Stephi Chin-Salvo",7,"Marisa Song (1987)"
974931,2983093,"Anna Diaz",8,"Heather Hernandez (1987)"
974931,60458,"Liana Liberato",9,"Tiffany Clark (1987)"
974931,3546631,"Jeremy Monn-Djasgnar",10,"Randy Finkle (1987)"
974931,3546632,"Ella Choi",11,"Kara Lim (1987)"
974931,79082,"Randall Park",12,"Dennis Lim (1987)"
974931,2059642,"Nathaniel Appiah",13,"Doug Summers (1987)"
974931,4307749,"Nicholas Lloyd",14,"Chris Dubasage (1987)"
1181568,73040,"Doug Bradley",0,"Father Patrick Ryland"
1181568,151363,"Kate Hodge",1,"Reverend Melody Bates"
1181568,97698,"Michelle Bauer",2,"Lamech"
1181568,95232,"Denice Duff",3,"Sister Caroline"
1181568,1936485,"Kayla Fields",4,"Doctor Olivia Beckett"
1181568,83387,"Robert Donavan",5,"Father John Murphy"
1181568,1009221,"Katie Silverman",6,"Huxley Hendrix"
1181568,2634434,"Luke Speakman",7,"Corey Carpenter"
1181568,3238306,"Shannon Bengston",8,"Amanda Tweed"
1181568,3862404,"Emma Reinagel",9,"Sophie Fine"
1181568,4003701,"Gabriel Pranter",10,"Whit Hendrix"
1181568,2599164,"Jennalyn Ponraj",11,"Lauren Strain"
1181568,4283080,"Victor Maraña",12,"Father Raul Cortez"
1181568,4283081,"Hunter Benjamin",13,"Nathan Lahaie"
1181568,2673948,"Scot Derwingson-Peacock",14,"Father John Murphy (voice)"
940045,1443625,"Jackie Cruz",0,"Alegre Dyer"
940045,83141,"Paul Wesley",1,"Ron Dyer"
940045,1529017,"Rhonda Johnson Dents",2,"Trudy"
940045,3523610,"Murphee Bloom",3,"Daria Dyer"
940045,1295668,"Thomas Francis Murphy",4,"Cain"
940045,3237965,"Tordy Clark",5,"Darlene"
940045,4569674,"Michael Andrew Dinan",6,"Stephen"
940045,4569676,"Sarah Margaret Burns",7,"Smith"
940045,4569677,"Ashley Hudson",8,"Resisting Woman"
940045,2444664,"Tevin Marbeth",9,"Dead Woman's Boyfriend"
940045,1954045,"Preston Flagg",10,"Brad"
940045,3032870,"Zachary Branch",11,"Danny"
940045,4311714,"Kyle Porter",12,"Johnson"
940045,1104350,"Ralph Rodriguez",13,"Williams"
940045,1869740,"Ryan Baughman",14,"Miller"
787761,1711828,"Ryan Destiny",0,"Shay"
787761,69122,"Heather Graham",1,"Kate"
787761,1947330,"Ariel Martin",2,"Jasmine"
787761,4151969,"Samuel Isaiah Hunter",3,"Patrick"
787761,1696014,"Nicholas Crovetti",4,"Andrew"
787761,1696015,"Cameron Crovetti",5,"Chase"
787761,2149560,"Olive Abercrombie",6,"Blair"
787761,555652,"Lucy Faust",7,"The Widow"
787761,4149112,"Alyse Elna Lewis",8,"Abigail"
787761,2484656,"Lisha Wheeler",9,"Professor King"
787761,1797349,"Raion Hill",10,"Abigail’s Father"
787761,232703,"Dother Sykes",11,"Slave Shot"
807172,1254614,"Leslie Odom Jr.",0,"Victor Fielding"
807172,1734929,"Lidya Jewett",1,"Angela Fielding"
807172,3908563,"Olivia O'Neill",2,"Katherine West"
807172,43366,"Ann Dowd",3,"Nurse Ann Brooks"
807172,1546496,"Jennifer Nettles",4,"Miranda West"
807172,52020,"Norbert Leo Butz",5,"Tony West"
807172,60199,"Okwui Okpokwasili",6,"Dr. Beehibe"
807172,97943,"Raphael Sbarge",7,"Pastor Don Revans"
807172,145208,"E.J. Bonilla",8,"Father Maddox"
807172,9560,"Ellen Burstyn",9,"Chris MacNeil"
807172,37366,"Linda Blair",10,"Regan MacNeil"
807172,59145,"Danny McCarthy",11,"Stuart"
807172,4315526,"Tracey Graves",12,"Sorenne Fielding"
807172,1139812,"Celeste Oliva",13,"Detective Konik"
807172,20562,"Antoni Corone",14,"Father Phillips"
955531,2274090,"Aria Bedmar",0,"Narcisa"
955531,16949,"Maru Valdivielso",1,"Sister Julia"
955531,967362,"Luisa Merelas",2,"Mother Superior"
955531,2846747,"Almudena Amor",3,"Sister Socorro"
955531,1417592,"Chelo Vivares",4,"Sister Sagrario"
955531,3535279,"Sara Roch",5,"Rosa"
955531,3535280,"Olimpia Roch",6,"Elvirita"
955531,3535281,"Adriana Camarena",7,"Ana María"
955531,3535282,"Marina Delgado",8,"Marina"
955531,3535283,"Claudia Fernández Arroyo",9,"Vinyet"
955531,226724,"Consuelo Trujillo",10,"Sister Muerte"
955531,1757602,"Sandra Escacena",11,"Verónica"
955531,2008081,"Arantza Vélez",12,"Sister Tere"
955531,4348951,"Ainoa Hernández",13,"Child Narcisa"
955531,1402301,"Antonio Duque",14,"Confessing Priest"
829361,3089410,"Matej Sivakov",0,"Marko"
829361,1153675,"Saško Kocev",1,"Tatko na Marko"
829361,3089412,"Aleksandar Ničovski",2,"Momo"
829361,585467,"Kamka Tocinovski",3,"Majkata na Momo"
829361,1621372,"Bojana Gregorić Vejzović",4,"The Lieutenant"
829361,110973,"Verica Nedeska",5,"Majkata na Marko"
829361,1482035,"Vladimir Tuliev",6,"Man in a raincoat"
829361,1315416,"Oliver Mitkovski",7,"Skinny man"
829361,1919802,"Miroslav Petkovikj",8,"Bearded man"
829361,1617807,"Žaklina Petrovska",9,"Ženata vo Jonova grupa"
829361,1525498,"Blagoj Veselinov",10,"Younger Soldier"
829361,1563441,"Boris Damovski",11,"Older soldier"
829361,3089415,"Jasmina Bilalović",12,"Infected woman"
829361,1875997,"Mihajlo Milenkoski",13,"Captured soldier"
829361,585468,"Toni Mihajlovski",14,""
744857,1731993,"Ezequiel Rodríguez",0,"Pedro"
744857,2114682,"Demián Salomón",1,"Jimi"
744857,1908266,"Silvina Sabater",2,"Mirtha"
744857,1028444,"Luis Ziembrowski",3,"Ruíz"
744857,2480553,"Marcelo Michinaux",4,"Santino"
744857,2025882,"Emilio Vodanovich",5,"Jair"
744857,3021721,"Virginia Garófalo",6,"Sabrina"
744857,4201031,"Paula Rubinsztein",7,"Sara"
744857,4355105,"Lucrecia Niron Talazac",8,"Vicky"
744857,1689137,"Isabel Quinteros",9,"Maria Elena Gómez"
744857,2815351,"Desirée Salgueiro",10,"Jimena"
744857,2683842,"Federico Liss",11,"Leo"
744857,4355098,"Ricardo Velázquez",12,"Eduardo"
744857,1814150,"Jorge Prado",13,"​Lieutenant Iraola"
744857,2363625,"Diego Sampayo",14,"Police Gutiérrez"
1189205,1939100,"Michael Swatton",0,"Sebastian"
1189205,2511041,"Anne-Carolyne Binette",1,"Marie"
1189205,26491,"Vernon Wells",2,"The Professor"
1189205,1017259,"Simon Phillips",3,"Luke"
1189205,2852349,"Adam Huel Potter",4,"Paul"
1189205,4199275,"Brianna Ripley",5,"Paul's Wife"
1189205,1986132,"Blake Canning",6,"William"
1189205,1265211,"Paul Whitney",7,"Gill"
1189205,1813772,"Brooke Chamberlain",8,"Megan"
1189205,2308407,"Stéphane Tremblay",9,"Marcus"
1175873,1237734,"Michasha Armstrong",0,"Hale"
1175873,1328,"Sean Astin",1,"Rick"
1175873,1476624,"Jaime M. Callica",2,"Jason"
1175873,3710481,"Karolina Cubitt",3,"Ramona"
1175873,84222,"Daniel Cudmore",4,"David"
1175873,1278724,"Elena Kampouris",5,"Lou"
1175873,236702,"Travis Nelson",6,"Detective Russo"
1175873,1802806,"Adam Pateman",7,"Cameraman"
1175873,12799,"Jeremy Piven",8,"Patrick"
1175873,98661,"Bradley Stryker",9,"Vinny"
1175873,1448943,"Olivia Summers",10,"Lana"
1175873,130081,"Robin Atkin Downes",11,"David (voice)"
1175873,1077390,"Timothy Lambert",12,"Homeless Man"
1175873,1491704,"Todd Masters",13,"Officer Thomas"
1145028,3690406,"Meredith VanCuyk",0,"Gabbi Reynolds"
1145028,2834200,"Joey Heyworth",1,"Owen Bannister"
1145028,105260,"Sean J. Dillingham",2,"Mitch Landstone"
1145028,4133459,"Missy Jane",3,"Sheriff Jessica Cooper"
1145028,3309910,"George Nelson",4,"Angus Hanna"
1145028,1759244,"Brenda Jean Foley",5,"Judy Hanna"
1145028,4133461,"Seth Wiedl",6,"Thomas Darling"
1145028,4133462,"Jan Reynolds",7,"Desiree Jackson"
1145028,4133463,"Cortney Davis",8,"Tabitha Jordan"
752354,1832678,"Jack Samson",0,"Dallas"
752354,2276884,"Jack Lancaster",1,"Toe"
752354,1986126,"Jared Scott",2,"Riley"
752354,1679798,"Gabrielle Haugh",3,"Kelly"
752354,104470,"Arianne Zucker",4,"Leah"
752354,2128152,"Camille Kostek",5,"Meg"
752354,27763,"Casper Van Dien",6,"Myers"
752354,21125,"Richard Kind",7,"Dr. Eric Walker"
752354,4311467,"Roman Sayer Cote",8,"Roman"
752354,3518328,"Jay Bringham",9,"Myron"
752354,945691,"Avery Clyde",10,"Kelly's Mom"
752354,154440,"Eric Scott Woods",11,"Kelly’s Dad"
752354,134935,"Ian Eyre",12,"Scientist"
752354,2680302,"Michael Franklin",13,"Guard"
752354,4311470,"Shon Richard Kitchen",14,"Driver/Myers’ Bodyguard"
1178329,1615330,"Logan Riley Bruner",0,"Bucky"
1178329,4911738,"Emma Chasse",1,"June"
1178329,8211,"Mena Suvari",2,"Vivien Vance"
1178329,62842,"Eddie Griffin",3,"Detective Moses T. Swan"
1178329,1414734,"Neel Sethi",4,"Vish"
1178329,205174,"Tom O'Keefe",5,"Walter"
1178329,55962,"Louis Mustillo",6,"Dick Boeing"
1178329,47085,"Ronald Guttman",7,"Hans"
1178329,2507859,"Nandita Shenoy",8,"Miss Gudi"
1178329,3151459,"Amanda Bruton",9,"Casting Director"
1178329,3814163,"Emily Casey",10,"Bucky's Mom"
1081400,1488961,"Lil Rel Howery",0,"Joe"
1081400,60846,"Pat Healy",1,"Guard"
1081400,1848253,"Karen Obilom",2,"Kate"
1081400,52801,"Patrick Fischler",3,"Neighbor (voice)"
1081400,1510506,"Getchie Argetsinger",4,"Gertrude"
1081400,4313046,"Jaiden K. Brown",5,"Joe Jr."
1081400,4313042,"Blair Wilson",6,"Shadow Joe"
1081400,4313043,"Allya F. Robinson",7,"Shadow Kate"
1189988,1780433,"Salmo",0,"Salmo"
1189988,4955,"Dario Argento",1,"Dario Argento"
1189988,4316160,"Noyz Narcos",2,"Noyz Narcos"
1189988,3202657,"Clara Tramontano",3,"Ragazza"
1189988,2971451,"Tony Pandolfo",4,"Maggiordomo"
1189988,583820,"Michael Schermi",5,"Uomo nero"
1146143,2502703,"Alyson Gorske",0,"Michal"
1146143,3536923,"Angel Prater",1,"Charlie"
1146143,3767317,"Kio Cyr",2,"Danny"
1146143,3477689,"Cameron Wong",3,"Glenn"
1146143,3023367,"Anna Telfer",4,"Jo"
1146143,1229191,"Caryn Richman",5,"Ruby"
1146143,117436,"Jayson Therrien",6,"Carter"
1146143,1900375,"Zachary Le Vey",7,"David"
1146143,60650,"Michael Paré",8,"Detective Al Rosen"
1146143,2317647,"Kathryn Schneider",9,"Patricia"
1146143,2128903,"Sean C. Sanders",10,"Prison Guard"
1146143,4271798,"Natalie Meetze",11,"Young Michal"
1146143,4221664,"Curtis Arney",12,"Doctor"
1146143,4427436,"Carmella Visconte",13,"Waitress"
1146143,193320,"John Lizzi",14,"Liquor Store Clerk"
1018634,229932,"Golshifteh Farahani",0,"Nour"
1018634,4588994,"Amine Zariouhi",1,"Amine"
1018634,27978,"Denis Lavant",2,"Jules"
1018634,1710851,"Alexis Manenti",3,"Father Sebastian, the exorcist"
1018634,35076,"Karim Belkhadra",4,"Lyes Boussoufi"
1018634,23301,"Issaka Sawadogo",5,"Ahmed"
1018634,1184761,"Jérémy Ferrari",6,"Dylan"
1018634,3923482,"Fareda Mouffok",7,"Rabea"
1018634,4315191,"Mathieu Espagnet",8,"Kevin"
1018634,1764370,"Daouda Keita",9,"Jawad"
1018634,3236012,"Bilal El Atreby",10,"Bilal"
1018634,1690069,"Anne-Laure Gruet",11,"The customs officer"
1018634,2105562,"Isma Kébé",12,"Arnaud"
1018634,3557174,"Teddy Ponceau",13,"Jason"
1018634,2421462,"Kathy Packianathan",14,"Venus"
675531,3128163,"Casey Likes",0,"Richie Shepard"
675531,7002,"Luke Kirby",1,"Officer Jerry Ricks"
675531,4174615,"West Mulholland",2,"Mitch Crenshaw"
675531,1503922,"Emyri Crutchfield",3,"Kelly Haines"
675531,3719836,"Dylan McEwan",4,"Curly Stooge"
675531,4654,"Jeremy Davies",5,"Dan Shepard"
675531,2766254,"Dustin Ceithamer",6,"Sawtooth Jack"
675531,53755,"Elizabeth Reaser",7,"Donna Shepard"
675531,1663672,"Britain Dalton",8,"Jim Shephard"
675531,2988391,"Alejandro Akara",9,"Bud"
675531,2404544,"Maclean Fish",10,"Charlie Gunther"
675531,4321319,"Austin Autry",11,"Riley Blake"
675531,59285,"Ezra Buzzington",12,"The Farmer"
675531,2560601,"Carter Heintz",13,"Marty"
675531,1393311,"Jake Brennan",14,"Dillon"
1160003,1128902,"Camille Rowe",0,"Alice"
1160003,4195329,"Aleksandar Popovic",1,"Erik"
1160003,4195330,"J. John Bieler",2,"Doug"
1160003,4195331,"Jeremy Scippio",3,"John"
1160003,4195332,"Brian Breiter",4,"Bob"
1160003,4195333,"Monaia Abdelrahim",5,"Cindy"
1160003,4195334,"Isaiah Reyes",6,"Eddie"
1160003,4195336,"Brenda Nunez",7,"Amelia"
1160003,4195338,"Stasa Stanic",8,"Sniper"
1160003,4195339,"Abbe Andersen",9,"Eleanor"
845643,1052255,"Charlotte Hope",0,"Mel"
845643,6104,"Julian Sands",1,"Gustafson"
845643,1685018,"Kate Nichols",2,"Nancy"
845643,4390932,"Salomé Chandler",3,"Miss Augustin"
845643,3448294,"Oliver Savell",4,"Colin"
845643,1661399,"Philipp Christopher",5,"Franklin"
845643,1211540,"Alexis Rodney",6,"Philip"
845643,1643690,"Pippa Winslow",7,"Alice"
845643,4390970,"Aoibhe O'Flanagan",8,"Zoe"
845643,2043046,"Boyan Anev",9,"Piper"
1179558,1158141,"Will Madden",0,"Cam"
1179558,1478924,"Angela Wong Carbone",1,"Sky"
1179558,25659,"James Babson",2,"Slumlord"
1179558,1670808,"Skyler Bible",3,"Gio"
1179558,1313075,"Hilty Bowen",4,"Carolyn"
1179558,1714809,"Shirley Chen",5,"Wren"
1179558,1416383,"Jim Cummings",6,"Paul"
1179558,1903772,"Courtney Dietz",7,"Mina"
1179558,4306379,"Erik Leupp",8,"Marc"
1179558,2675444,"Hannah McKechnie",9,"Amber"
1179558,1292646,"Brianne Moncrief",10,"Claire"
1179558,1968775,"Stephen Ruffin",11,"Carson"
1161048,109156,"Katia Winter",0,"Lina"
1161048,526011,"Adam Lundgren",1,"Jonas"
1161048,132245,"Eva Melander",2,"Eva"
1161048,99522,"Bahar Pars",3,"Nadja"
1161048,2396786,"Amed Bozan",4,"Amir"
1161048,221211,"Maria Sid",5,"Ingela"
1161048,1309115,"Christoffer Nordenrot",6,"Kaj"
1161048,11048,"Claes Hartelius",7,"Torbjörn"
1161048,220592,"Cecilia Nilsson",8,"Anette"
1161048,3084984,"Lola Zackow",9,"Jenny"
1161048,1628353,"Marie Agerhäll",10,"Cleo"
1161048,934165,"Jimmy Lindström",11,"Karl"
1161048,2678041,"Martin Lagos",12,"Roger"
1161048,224369,"Robert Follin",13,"Sotis"
1140168,3254592,"Danielle Scott",0,"Lila Jones"
1140168,2698751,"Lauren Budd",1,"Jessica"
1140168,2381520,"Matthew Baunsgard",2,"DCI Banks"
1140168,3629487,"Jase Rivers",3,"Todd Fischer"
1140168,4251731,"Matthew Metcalfe",4,"Hugo"
1140168,4217533,"Tom Beechcroft",5,"Johnny"
1140168,4334938,"Cici Clarke",6,"Patricia"
1140168,4054348,"Alina Desmond",7,"Chantelle"
1140168,4044048,"Alexandra DeCaluwe",8,"Connie"
1140168,3570378,"Simon Ellis",9,"Big Willy"
1140168,4011022,"Darcy Baker",10,"Humpty"
1140168,6106091,"Abu Barry",11,"Freddy"
1140168,6371310,"Benjamin Costa",12,"Clown"
1140168,6070541,"Cole Danai Smith",13,"Scarecrow"
1140168,4044050,"DeVaughan Gay",14,"Club goer"
1058619,10822,"Stephen Dorff",0,"Jaxxon"
1058619,57412,"Moisés Arias",1,"Star"
1058619,1769757,"Jason Genao",2,"Star"
1058619,98285,"Bella Thorne",3,"Ziva"
1058619,2154,"Scott Bakula",4,"Sterling"
1058619,2021831,"Emily Willis",5,"Lynx"
1058619,145682,"Mike O'Hearn",6,"Rip"
1058619,2442126,"Caylee Cowan",7,"Felicia Flexi"
1058619,1473345,"Karrueche Tran",8,"Nikita"
1058619,1057946,"Thomas Hildreth",9,"Tavis"
1058619,2359018,"Sawyer Jones",10,"Young Jaxxon"
1058619,4051688,"Dean Norris Jr.",11,"Young Rip"
1058619,1336329,"Steven Ogg",12,"Restless Ricardo"
1058619,3694940,"Renee Herbert",13,""
999087,2882651,"Wang Yu-xuan",0,"Yu Ting Lien / Ting"
999087,1907471,"JC Lin",1,"Officer / De Cyuan Ji / Wen De Ji / De"
999087,1990192,"Patrick Shih",2,"Kai Lien / Kai"
999087,3075925,"Shawn Hu",3,"Chien Wei Ma / Ma"
999087,3682439,"Chan Tzu-hsuan",4,"Hsiao Li Shi / Li"
999087,3161069,"Xi Wei-lun",5,"Jin En Yang  / Jin"
999087,3511029,"Boris Wang",6,"Hong Jen Jiang / Hong"
999087,3796649,"Linus Wang",7,"Shu Wen Yen"
999087,1469990,"Summer Meng",8,"Shu Yu Lian"
999087,2064292,"Vera Yen",9,"Bo Ru Meng"
999087,1907472,"Chang Ning",10,"Hsin Chiao Chao"
988402,2372688,"Sara Montpetit",0,"Sasha"
988402,2559837,"Félix-Antoine Bénard",1,"Paul"
988402,234029,"Steve Laplante",2,"Aurélien"
988402,557975,"Sophie Cadieux",3,"Georgette"
988402,1661094,"Noémie O'Farrell",4,"Denise"
988402,2418124,"Arnaud Vachon",5,"Henry"
988402,95950,"Marie Brassard",6,"Victorine"
988402,1296770,"Madeleine Péloquin",7,"Sandrine"
988402,3265259,"Gabriel-Antoine Roy",8,"JP"
988402,3140621,"Isabella Villalba",9,"Mélissa Bessette"
988402,234503,"Patrick Hivon",10,"Mr. Goyette"
988402,1012484,"Marc Beaupré",11,"Rico Berlingot"
988402,227602,"Micheline Bernard",12,"Madame Gauvin"
988402,1106050,"Sylvie Lemay",13,"Renaude"
988402,1804794,"Ariane Castellanos",14,"Claudie"
938669,74748,"Randy Couture",0,"Hank"
938669,2602365,"Kathleen Kenny",1,"Brittany"
938669,1868464,"Reid Miller",2,"Miller"
938669,1039122,"Mike Manning",3,"Matthew"
938669,2434694,"Cathy Marks",4,"Holly"
938669,87287,"Bonnie Aarons",5,"Jodie"
938669,533717,"Chaz Bono",6,"Sheriff Carlson"
938669,3373967,"Capri-Antoine Vaillancourt",7,"Gabriel"
938669,3898508,"Daniel Dasent",8,"Jackson"
938669,1992588,"Alexis B. Santiago",9,"Megan"
938669,3641157,"Bailey Castle",10,"Nadine"
938669,3208293,"Nick Theurer",11,"Gary"
938669,2815700,"Michael Cervantes",12,"Gas Station Attendant"
609768,3309,"Augustus Prew",0,"Adam Ellis"
609768,87020,"Rachel Wilson",1,"Linda"
609768,15033,"Justin Long",2,"Bryce"
609768,1689089,"Andrea Bang",3,"Evelyn"
609768,2832328,"René Escobar Jr.",4,"Kyle Sanchez"
609768,3796440,"Cameron Nicoll",5,"Dear David"
609768,1892169,"Jarrett Siddall",6,"Adult David"
609768,999339,"David Tompa",7,"Fred"
609768,2588390,"Tricia Black",8,"Norris"
609768,1648898,"Sarah Swire",9,"Miss Nola"
609768,1630362,"Aviva Mongillo",10,"Chloe"
609768,4321295,"Seth Murchison",11,"Kevin"
609768,2195963,"Ethan Hwang",12,"James"
609768,1541576,"Rachel Risen",13,"Olive"
609768,1845613,"Michael Ayres",14,"Jaxon"
1190462,15549,"Michele Burgers",0,""
1190462,1003249,"Sven Ruygrok",1,""
1190462,1679882,"Jamie-Lee Money",2,""
1190462,1012401,"Lionel Newton",3,""
899445,1255247,"Mădălina Ghenea",0,"Naomi"
899445,21662,"Ed Westwick",1,"Jackson"
899445,67052,"Macarena Gómez",2,"Maria"
899445,546464,"Stany Coppet",3,"Jose"
899445,2523671,"Ibrahima Gueye",4,"Barny"
899445,2499937,"David Leguesse",5,"Diddle Bay"
899445,4316817,"Mariana Garradas",6,"Young Naomi"
899445,1840644,"Marco Canadea",7,"Naomi's Father"
899445,1964495,"John-Paul Pace",8,"Tomas"
899445,2034095,"Tenika Mahoney",9,"Bartender"
899445,2195939,"Shane Rowe",10,"Policeman"
899445,4700525,"Natasha Tikasz",11,"Mona"
899445,233474,"Robert Capelli Jr.",12,"Brock (uncredited)"
899445,4700526,"Matthew Charlery-Smith",13,"Grenadian Police Officer (uncredited)"
899445,1264982,"Mike Parish",14,"Tom (uncredited)"
1077693,3887377,"Zafreen Zairizal",0,"Zaffan"
1077693,3887380,"Deena Ezral",1,"Farah"
1077693,3887379,"Piqa",2,"Mariam"
1077693,544531,"Shaheizy Sam",3,"Dr. Rahim"
1077693,1605823,"June Lojong",4,"Munah"
1077693,1285333,"Khairunazwan Rodzy",5,""
1077693,1288188,"Fatimah Abu Bakar",6,"Headteacher"
1077693,3216789,"Bella Rahim",7,"Mysterious Woman"
929230,1178812,"Andrew Bowser",0,"Onyx the Fortuitous"
929230,999817,"Olivia Taylor Dudley",1,"Farrah"
929230,27993,"Jeffrey Combs",2,"Bartok the Great"
929230,1583107,"Rivkah Reyes",3,"Mack"
929230,233191,"Terrence 'T.C.' Carson",4,"Mr. Duke"
929230,120244,"Arden Myrin",5,"Shelley"
929230,1491582,"Melanie Chandra",6,"Jesminder"
929230,27995,"Barbara Crampton",7,"Nancy"
929230,1663589,"Ryan Stanger",8,"Todd"
929230,61983,"Jason Marsden",9,"Box Demon (voice)"
929230,202032,"Ralph Ineson",10,"Abaddon (voice)"
929230,425055,"Daniel Ross",11,"Beefy Bad Boy (voice)"
929230,181154,"Donna Pieroni",12,"Masha"
929230,1784362,"Matt Mahaffey",13,"Derrell"
929230,1313823,"Guy Wilson",14,"Tanner"
1191902,1583967,"Soni Bringas",0,"Mel"
1191902,1968775,"Stephen Ruffin",1,"Brandon"
1191902,133800,"Helene Udy",2,""
1191902,3690409,"Vera Myers",3,"Disco Inferno"
1177411,1693947,"Natalia Cordova-Buckley",0,"Sofia"
1177411,133212,"Ryan Kwanten",1,"Alex"
1177411,1677397,"Isidora Goreshter",2,"Officer Bartlett"
1177411,19184,"Mark-Paul Gosselaar",3,"Brookes"
1177411,12519,"Virginia Madsen",4,"Mags"
1177411,1629275,"Santiago Segura",5,"Deputy Alvarez"
1177411,1980528,"Tensaye Yosef",6,"Liv"
1177411,4354055,"Steffie Baik",7,"Esther"
1177411,84792,"Barry Ratcliffe",8,"Auctioneer"
1177411,1485427,"Sharon Gardner",9,"Collector"
1177411,3498933,"Emree Franklin",10,"The Young Woman"
1177411,4354057,"Chuck Van Lawson",11,"Business Party Goer"
1154864,4174130,"Daniela Casas",0,"Amaia"
1154864,4105608,"Noah Casas",1,"Argi"
1154864,4174131,"Roxana Visan",2,"Béatriz"
1154864,2737156,"Laila Núñez",3,"Elena"
1154864,2896203,"Haizea Carneros",4,"Lidia"
1154864,1253386,"Nacho Guerreros",5,"Pablo"
1154864,1253381,"Vanesa Romero",6,"Julia Torres"
1058078,1866755,"Wilma Lidén",0,"Fiona"
1058078,2269613,"Omar Rudberg",1,"Dante"
1058078,2837254,"Amanda Lindh",2,"Jenny"
1058078,3818459,"Ludvig Deltin",3,"William"
1058078,3355329,"Embla Ingelman-Sundberg",4,"Tora"
1058078,1959159,"Emil Algpeus",5,"Sebbe"
1058078,1611308,"Michael Brolin",6,"Christer"
1058078,2432653,"Manfred Knapp",7,"Fredrik"
1058078,111363,"Thomas Hedengran",8,"Rolf"
1058078,4371615,"Berna Inceoglu",9,"Marcela"
1058078,6429769,"Amanda Nilsson",10,"Petra"
1058078,4234341,"Gunnar Hoaas",11,"Crane operator"
1058078,3452205,"Katerina Pavlou",12,"Daniella"
1058078,4371619,"Sandra Caraan",13,"Parkbesökare"
1058078,5015541,"Rebecca Runfors Carlzzon",14,"Besökare"
517929,2022102,"Victoria Konefal",0,"Georgia Paige"
517929,1085677,"Connor Weil",1,"Actor"
517929,1401537,"Reese Mishler",2,"Blake"
517929,84482,"Luke Benward",3,"Tanner"
517929,118420,"Juliette Goglia",4,"Chelsea"
517929,17302,"Noah Gray-Cabey",5,"Robbie"
517929,1552148,"Jonny Beauchamp",6,"Jimmy"
517929,2022103,"Cody Kennedy",7,"Reegan"
517929,2022104,"Brianne Cordaro",8,"Cassie Knox"
517929,1657461,"Shawn Doherty",9,"Lieutenant J. Gonis"
517929,2882360,"Ryan Shibley",10,"Lieutenant D. Rozenblatt"
1035982,3755112,"Bridget Rose Perrotta",0,"Margot Bentley"
1035982,4289657,"Destiny Leilani Brown",1,"Rebecca Vickers"
1035982,4174460,"James Liddell",2,"Chase Bentley"
1035982,4289658,"Gideon Berger",3,"Patrick Carmichael"
1035982,3170815,"Cayla Berejikian",4,"Catherine Carmichael"
1035982,4289659,"Victoria Andrunik",5,"Margaret Carmichael"
1035982,3433656,"Darin F. Earl II",6,"Bradley Moynahan"
1035982,3197758,"Searra Sawka",7,"Alice Harper"
1035982,4289660,"Thomas J. Cipriano",8,"80's News Anchor"
1035982,4289661,"Michael Caprioli",9,"Donald"
1035982,4289662,"Celeste Cicon",10,"Antique Store Clerk"
1035982,4289663,"Marlene Williams",11,"Eleanor Carmichael"
1035982,4289664,"Dayna Michelle Kurtz",12,"Linda"
1035982,1539505,"Joe Bandelli",13,"Hell House Clown"
1035982,4289665,"Robert Savakinus",14,"Arthur Carmichael"
1134433,1197012,"Nadech Kugimiya",0,"Yak"
1134433,3415057,"Kajbhunditt Jaidee",1,"Yos"
1134433,4338889,"Peerakrit Phacharaboonyakiat",2,"Yod"
1134433,3947368,"Jelilcha Kapaun",3,"Yad"
1134433,4338888,"Rattanawadee Wongthong",4,"Yam"
1134433,3606315,"Nutthacha Padovan",5,"Yee"
1134433,1027750,"Paramej Noiam",6,"Hang"
1134433,1203876,"Arisara Wongchalee",7,"Boonyen"
1134433,1560844,"Ongart Cheamcharoenpornkul",8,"Sergeant Paphan"
1134433,1691923,"Porjed Kaenpetch",9,"Mr. Puth"
1134433,3638742,"Manita Chobchuen",10,"Black Spirit"
1134433,4598577,"Jampar Saenprom",11,"Chuay"
1134433,4648868,"Samiha Lamloet Haque",12,"Nart"
1134433,2114696,"Peerapol Kijreunpiromsuk",13,"Ming"
1134433,3115102,"Natda Chawawanid",14,"Nee"
1047223,235125,"Ariane Labed",0,"Sdenka"
1047223,231457,"Kacey Mottet Klein",1,"Marquis Jacques Antoine Saturnin d'Urfé"
1047223,136170,"Grégoire Colin",2,"Jegor"
1047223,125839,"Vassili Schneider",3,"Piotr"
1047223,2385743,"Claire Duburcq",4,"Anja"
1047223,3195375,"Gabriel Pavie",5,"Vlad"
1047223,927417,"Erwan Ribard",6,"The Hermit"
1047223,1698768,"Adrien Beau",7,"Gorcha (voice)"
507089,27972,"Josh Hutcherson",0,"Mike"
507089,2283930,"Piper Rubio",1,"Abby"
507089,1368507,"Elizabeth Lail",2,"Vanessa"
507089,26457,"Matthew Lillard",3,"Steve Raglan / William Afton"
507089,31140,"Mary Stuart Masterson",4,"Aunt Jane"
507089,2620732,"Kat Conner Sterling",5,"Max"
507089,2865624,"David Lind",6,"Jeff"
507089,575674,"Christian Stokes",7,"Hank"
507089,1682013,"Joseph Poliquin",8,"Carl"
507089,3277483,"Grant Feely",9,"Ghost Kid (Blonde Boy)"
507089,3996565,"Asher Colton Spence",10,"Ghost Kid (With Hook)"
507089,4342472,"David Huston Doty",11,"Ghost Kid (With Bunny Ears)"
507089,4342473,"Liam Hendrix",12,"Ghost Kid (With Hat)"
507089,3355473,"Jophielle Love",13,"Ghost Kid (Blue-Eyed Girl)"
507089,2090109,"Tadasay Young",14,"Dr. Lillian"
1135408,1253165,"Carla Diaz",0,"Suzane von Richthofen"
1135408,2429063,"Leonardo Bittencourt",1,"Daniel Cravinhos"
1135408,1693267,"Allan Souza Lima",2,"Cristian Cravinhos"
1135408,1424077,"Bárbara Colen",3,"Delegada Heloisa"
1135408,571469,"Augusto Madeira",4,"Astrogildo Cravinhos"
1135408,91704,"Debora Duboc",5,"Nadja Cravinhos"
1135408,150491,"Arthur Kohl",6,"Delegado Márcio"
1135408,1434226,"Che Moais",7,"Carlão"
1135408,1329563,"Daniel Alvim",8,"Tio Miguel"
1135408,2529585,"Kauan Ceglio",9,"Andreas von Richthofen"
1135408,2235599,"Adriano Bolshi",10,"Perito Salada"
1135408,1190921,"Rodrigo Fernandes",11,"Delegado Aldo"
1135408,2135216,"Fernanda Marques",12,"Leticia"
1135408,2367095,"Arianne Botelho",13,"Kiki"
1135408,1373721,"Gabi Lopes",14,"Carol"
1024721,1186659,"Lily Sullivan",0,"The Interviewer"
1024721,1852576,"Ling Cooper Tang",1,"Floramae (voice)"
1024721,1521918,"Ansuya Nathan",2,"Paula (voice)"
1024721,91399,"Erik Thomson",3,"Dad (voice)"
1024721,1123198,"Terence Crawford",4,"Klaus (voice)"
1024721,1331024,"Kate Box",5,"Laura (voice)"
1024721,1962903,"Rashidi Edward",6,"John (voice)"
1024721,1947521,"Brigid Zengeni",7,"Shiloh (voice)"
1024721,62752,"Damon Herriman",8,"Jarad (voice)"
1024721,208702,"Chase Coleman",9,"Tyler"
1024721,1055217,"Matt Crook",10,"Scott (voice)"
853387,89822,"Tuppence Middleton",0,"Rebecca Holland"
853387,1246598,"Jane Wood",1,"Ida Tremlow"
853387,3131371,"Evie Templeton",2,"Grace Holland"
853387,1085178,"Matt Stokoe",3,"Henry Holland"
853387,1732163,"George Keeler",4,"Dave Garfoot"
853387,1776495,"Sally Plumb",5,"Marjorie Garfoot"
853387,202032,"Ralph Ineson",6,"Jocelyn Abney"
853387,208460,"Anton Valensi",7,"George Furleigh"
853387,5438275,"Catriona Yuill",8,"Callie Furleigh"
853387,3771374,"Alexa Goodall",9,"Bryony Furleigh"
853387,74263,"Rosalind March",10,"Miri Tremlow"
853387,2457355,"David Langham",11,"DI Hythe"
853387,5438278,"Luc Ineson",12,"Derry Nash"
853387,176215,"Robert Goodman",13,"Graham Nash"
853387,3750871,"Marc Hockley",14,"Villager"
1045563,13918,"Elizabeth Hurley",0,"Liz Haines"
1045563,1867690,"Mia Jenkins",1,"Amy Haines"
1045563,2822536,"Jack Stewart",2,"Luca Shandor"
1045563,151457,"Robert Daws",3,"Peter Weiss"
1045563,47615,"Tara Fitzgerald",4,"Auntie Aishe"
1045563,1839987,"Ieva Aleksandrova",5,"Beate Hofmeister"
1045563,234921,"Arben Bajraktaraj",6,"The Piper"
1045563,58384,"Anthony Waller",7,"Tom Haines"
1045563,3000943,"Alma Rix",8,"Kerry Weiss"
1045563,1719394,"Jurijs Djakonovs",9,"Hanzi"
1045563,936538,"Gundars Āboliņš",10,"Priest"
1045563,2877314,"Elizabete Liepa",11,"Rachel"
1006947,69122,"Heather Graham",0,"Dr. Elizabeth Derby"
1006947,1538780,"Judah Lewis",1,"Asa Waite"
1006947,52374,"Bruce Davison",2,"Ephraim Waite"
1006947,51670,"Johnathon Schaech",3,"Edward Derby"
1006947,27995,"Barbara Crampton",4,"Dr. Daniella Upton"
1006947,1194700,"Graham Skipper",5,"Pathologist"
1006947,1075815,"Brett A. Newton",6,"Professor Fisk"
1006947,81691,"Chris L. McKenna",7,"Crawley"
1006947,129868,"J.D. Evermore",8,"Detective Ledger"
1006947,3125907,"Giovannie Cruz",9,"Officer Huxley"
1006947,29932,"Ann Mahoney",10,"Susan"
1006947,2274670,"Hunter Womack",11,"Mace, Jr."
1006947,1350757,"Jonah Ray Rodrigues",12,"Dave the Orderly"
1006947,84335,"Joe Lynch",13,"Ray the Orderly"
1006947,1984349,"Drake Malone",14,"Resident"
956920,41089,"Martin Starr",0,"Bill Nordheim"
956920,1048692,"Amrita Acharia",1,"Carol Nordheim"
956920,5531,"Kiran Shah",2,"Main Elf"
956920,3886490,"Townes Bunner",3,"Lukas Nordheim"
956920,2481910,"Zoe Winther-Hansen",4,"Nora Nordheim"
956920,128136,"Calle Hellevang Larsen",5,"Tor-Åge"
956920,123455,"Henriette Steenstrup",6,"Liv"
956920,1287263,"Jeppe Beck Laursen",7,"Raymond"
956920,1624596,"Eldar Vågan",8,"Erik"
956920,2930592,"Marianne Jonger",9,"Bente"
956920,4414762,"Claire Dore",10,"Jess"
956920,4414770,"Dominyka Vaičekauskaitė",11,"Teenage girl"
956920,2593978,"Paul Monaghan",12,"Ancient Elf"
956920,1705045,"Stijn Keuleers",13,"Elf"
956920,4159938,"Alexander Karlsen El Younoussi",14,"Elf"
1189798,51682,"Wes Chatham",0,"Jack"
1189798,98804,"Ronnie Gene Blevins",1,"Theodore (""Squealer"")"
1189798,8169,"Tyrese Gibson",2,"Officer Paul"
1189798,51995,"Theo Rossi",3,"Danny D."
1189798,122231,"Kate Moennig",4,"Earline"
1189798,96753,"Danielle Burgio",5,"Lisa"
1189798,6804,"Graham Greene",6,"Joe"
1189798,3252034,"Sydney Carvill",7,"Sadie"
1189798,1837932,"Rebecca Knox",8,"Kate"
1189798,1465274,"Ramona DuBarry",9,"Anoki"
1189798,1754785,"Holly Kaplan",10,"Helen"
1189798,3842091,"Ellen Woomer",11,"Silvia"
1189798,4409858,"Jo Armstrong",12,"Star"
1189798,3548093,"RaSandra Daniels",13,"Kiki"
1159518,84215,"Jackson Rathbone",0,"Leo"
1159518,61363,"Alex Pettyfer",1,"Jordan"
1159518,147382,"Eve Mauro",2,"Sarah"
1159518,1268071,"Ashton Leigh",3,"Naomi"
1159518,1336359,"Wayne Gordon",4,"Ryan"
1159518,2478372,"Sadie Newman",5,"Leila"
1159518,30067,"Thomas Downey",6,"Leo's Father"
1159518,1398254,"Niki Spiridakos",7,"Laura"
1159518,2191507,"Gene Freeman",8,"Security Guard"
1159518,3479493,"Frank Corbie",9,"Observer Alien"
940721,225730,"Ryunosuke Kamiki",0,"Koichi Shikishima"
940721,1516266,"Minami Hamabe",1,"Noriko Oishi"
940721,1161474,"Yuki Yamada",2,"Shiro Mizushima"
940721,111640,"Munetaka Aoki",3,"Sosaku Tachibana"
940721,111691,"Hidetaka Yoshioka",4,"Kenji Noda"
940721,100766,"Sakura Ando",5,"Sumiko Ota"
940721,121716,"Kuranosuke Sasaki",6,"Yoji Akitsu"
940721,4389435,"Sae Nagatani",7,"Akiko"
940721,2430993,"Miou Tanaka",8,"Captain Tatsuo Hotta"
940721,552538,"Yuya Endo",9,"Tadayuki Saito"
940721,43667,"Kisuke Iida",10,"Akio Itagaki"
940721,583009,"Kenji Anan",11,""
940721,79006,"Kenji Mizuhashi",12,""
940721,2238583,"Kunihiro Suda",13,""
940721,1968939,"Shota Taniguchi",14,""
981347,1644164,"Becca Hirani",0,"Lara"
981347,1253313,"Tara MacGowran",1,"Tara"
981347,3367977,"May Kelly",2,"Ava"
981347,3323861,"Howard J. Dave",3,"Ewan"
981347,3320201,"Beatrice Fletcher",4,"Natalya"
981347,3323797,"Giedre Jackyte",5,"Simone"
981347,2381520,"Matthew Baunsgard",6,"Travis"
981347,2305401,"Mike Kelson",7,"Ray"
981347,1650257,"Rob Kirtley",8,"Ewan"
981347,3587737,"Lila Lasso",9,"Willow"
981347,6373718,"Dan Gittens",10,"Bryce"
1211728,4404887,"Nacho Francavilla",0,"Dylan (segment ""The Last Possession"")"
1211728,4404888,"Josefina Inés Fariña",1,"Amber (segment ""The Last Possession"")"
1211728,4404890,"Justina Ceballos",2,"Cheryl (segment ""The Last Possession"")"
1211728,4404891,"Zhon Li",3,"Koji (segment ""The Last Possession"")"
1211728,2555254,"Magui Bravi",4,"Lady Anne (segment ""The Last Possession"")"
1211728,2699158,"Pachi Lucas",5,"Clementine (segment ""The Last Possession"")"
1211728,4404901,"Iago Illescas",6,"Edmund (segment ""The Last Possession"")"
1211728,4404903,"Maite Solsona",7,"Bar Girl (segment ""The Last Possession"")"
1211728,2880085,"Agustin Olcese",8,"Bar Boy (segment ""The Last Possession"")"
1211728,1658209,"Iris Cayatte",9,"Dama (segment ""Arcana"")"
1211728,1355176,"McKaley Miller",10,"(segment ""The Fortune Teller"")"
1211728,2827819,"Leilene Stewart",11,"(segment ""The Fortune Teller"")"
1211728,1453031,"Melinda DeKay",12,"(segment ""The Fortune Teller"")"
1211728,176199,"Kieran Bew",13,"John (segment ""Five Minutes"")"
1211728,2795670,"Hannah Chinn",14,"Mia (segment ""Five Minutes"")"
1127087,2046546,"Ibrahim Risyad",0,"Galang"
1127087,1464341,"Anggika Bölsterli",1,"Irma"
1127087,2304050,"Messi Gusti",2,"Sofia"
1127087,1983394,"Delia Husein",3,"Wulan"
1127087,1124159,"Niken Anjani",4,"Nisa"
1127087,2057248,"Dewi Pakis",5,"Bu Anah"
1127087,2069093,"Oce Permatasari",6,"Bu Farah"
1127087,1873243,"Elly D. Luthan",7,"Bu Tety"
1127087,2480832,"M. N. Qomaruddin",8,"Ikhsan"
1127087,3674226,"Deni Saputra",9,"Aa Syakir"
1127087,1639859,"Bismo Satrio",10,"Bayu"
1113278,1569178,"Jane Widdop",0,"Winnie Carruthers"
1113278,84466,"Jess McLeod",1,"Bernie Simon"
1113278,74949,"Joel McHale",2,"David Carruthers"
1113278,27136,"Katharine Isabelle",3,"Gale Prescott"
1113278,12643,"William B. Davis",4,"Roger Evans"
1113278,15033,"Justin Long",5,"Henry Waters"
1113278,3522737,"Aiden Howard",6,"Jimmy Carruthers"
1113278,53718,"Erin Boyes",7,"Judy Carruthers"
1113278,2123198,"Sean Depner",8,"Buck Waters"
1113278,1830111,"Zenia Marshall",9,"Darla Berlin"
1113278,3714470,"Jason Fernandes",10,"Robbie Olenger"
1113278,4011176,"Hana Huggins",11,"Cara Evans"
1113278,4307256,"Kiki Faye",12,"Vicki Pepper"
1113278,1566387,"Dimitri 'Vegas' Thivaios",13,"Pete"
1113278,2458589,"Cassandra Naud",14,"Karen Simmons"
1052158,1318952,"Derek Miller",0,"Matt Radostits"
1052158,3367977,"May Kelly",1,"Pepper"
1052158,3254592,"Danielle Scott",2,"Pamela Rousey"
1052158,3587737,"Lila Lasso",3,"Agent Tina"
1052158,1706337,"Michael S. Siegel",4,"Grady"
1052158,3629487,"Jase Rivers",5,"Clive Delaney"
1052158,3570378,"Simon Ellis",6,"Fisherman"
1052158,4138362,"Amanda Jane York",7,"Robed Lady"
1052158,3821726,"Chloe Karr",8,"Lara / Hotel Guest"
1052158,3567018,"Ben J. Williams",9,"Hotel Staff"
1052158,3860228,"Sean Patrick Brooks",10,"Businessman"
1052158,3924728,"Kento Yoshioka",11,"Kento"
1052158,3342312,"Lora Hristova",12,"Naval Woman"
1052158,2870411,"Hannah Pauley",13,"Newsreporter"
1052158,5230328,"Graham Miller",14,"Don"
976830,49025,"Samuel Le Bihan",0,"Roland"
976830,1558155,"Amir el Kacem",1,"Amir"
976830,1069637,"Thomas Solivérès",2,"Louis"
976830,7037,"Jean-Hugues Anglade",3,"Berthier"
976830,2287229,"Marc Riso",4,"Polo"
976830,1384486,"Bruno Sanches",5,"Santini"
976830,126771,"Diego Martín",6,"Miguel"
976830,23669,"Philippe Torreton",7,"Fouassier"
965890,587142,"Karim Leklou",0,"Vincent"
965890,146342,"Vimala Pons",1,"Margaux"
965890,62444,"François Chattot",2,"Le père de Vincent"
965890,3882841,"Jean-Rémi Chaize",3,"Le DRH"
965890,2983688,"Karoline Rose Sun",4,"Audrey"
965890,3882840,"Ulysse Genevrey",5,"Le stagiaire"
965890,3771689,"Emmanuel Vérité",6,"Yves"
965890,3175901,"Benoît Lambert",7,"Le policier"
965890,1473452,"Sébastien Chabane",8,"Le collègue"
965890,5752541,"Léna Dia",9,"Le jeune fille du bar"
965890,2396224,"Michael Perez",10,"Joachim DB"
965890,586917,"Pierre Maillet",11,"Le psychiatre"
965890,2172584,"Anne-Gaëlle Jourdain",12,"Marie"
965890,3175903,"Maurin Ollès",13,"Raph"
965890,3039087,"Guillaume Bursztyn",14,"Le facteur"
1071215,18352,"Patrick Dempsey",0,"Sheriff Eric Newlon"
1071215,2300122,"Nell Verlaque",1,"Jessica Wright"
1071215,2773990,"Addison Rae",2,"Gaby"
1071215,1914958,"Milo Manheim",3,"Ryan Baker"
1071215,2444677,"Jalen Thomas Brooks",4,"Bobby Di Stasi"
1071215,1746412,"Tomaso Sanelli",5,"Evan Fletcher"
1071215,1802602,"Jenna Warren",6,"Yulia"
1071215,2561203,"Gabriel Davenport",7,"Claude Dybing"
1071215,42711,"Ty Olsson",8,"Mitch Collins"
1071215,11150,"Gina Gershon",9,"Amanda Collins"
1071215,139419,"Karen Cliche",10,"Kathleen"
1071215,1216133,"Rick Hoffman",11,"Thomas Wright"
1071215,1212317,"Derek McGrath",12,"Mayor Cantin"
1071215,1393528,"Katherine Trowell",13,"Mayor Cantin's Wife"
1071215,34917,"Lynne Griffin",14,"Grandma"
974191,3015687,"Gabby Beans",0,"Monique"
974191,1434230,"Emily Davis",1,"Mavis"
974191,58539,"Stephanie Roth Haberle",2,"Crystal"
974191,1181562,"Raymond Anthony Thomas",3,"Ronald"
974191,138774,"Laura Heisler",4,"Wendy"
974191,1654843,"Jay Dunn",5,"Jason"
974191,3624966,"Cody Braverman",6,"Edward"
974191,3624967,"Anita Moreno",7,"Crying Girl 1"
974191,2815470,"Candyce Adkins",8,"Cop"
974191,3624968,"Myles Walker",9,"Lyle"
974191,3624969,"Joelle Woodson",10,"Crying Girl 2"
974191,3624970,"Mwape Sokoni",11,"Young Monique"
974191,3624971,"Qiana Watson",12,"Monique's Mom"
946932,2217720,"Domenico Cuomo",0,"Mimì"
946932,2328786,"Sara Ciocca",1,"Carmilla"
946932,2069036,"Mimmo Borrelli",2,"Nando"
946932,2463371,"Giuseppe Brunetti",3,"Bastianello"
946932,1922369,"Abril Zamora",4,"Giusi"
946932,3560963,"Dino Porzio",5,"Capo dei Goth"
946932,1935059,"Daniele Vicorito",6,"Rocco"
946932,4269659,"Fabian Grutt",7,"Camionista tedesco"
946932,2331195,"Carla Carfagna",8,"Madre di Carmilla"
1078928,3891651,"Maia Zaitegi",0,"Emma"
1078928,19907,"Belén Rueda",1,"Carol"
1078928,840814,"Josean Bengoetxea",2,"Jon Elorza"
1078928,1179338,"Loreto Mauleón",3,"Maider"
1078928,2410790,"Jon Olivares",4,"Asier"
1078928,16980,"Elena Irureta",5,"Edurne"
1078928,1303016,"Nagore Aranburu",6,"Ivana Peralta joven"
1078928,3891660,"María Barrios",7,"Sofía Soler"
1078928,4044590,"Airoa Izaguirre",8,"Julia"
1078928,4044594,"Araia Díaz",9,"Claudia"
1078928,3690350,"Anastasia Russo",10,"Carol niña"
1078928,3891657,"Alba Hernández",11,"Usoa"
1078928,94214,"Erik Probanza",12,"Asistente social"
1078928,1124052,"Iñaki Beraetxe",13,"Alcalde"
1078928,1488232,"Ainhoa Aierbe",14,"Señora Soler"
912032,1208255,"Malena Sánchez",0,"Alina"
912032,1075102,"Sofía Gala Castiglione",1,"Mel"
912032,1165749,"Juan Palomino",2,"Varela"
912032,1350363,"Gabriel Grieco",3,"Darío Georges"
912032,2114682,"Demián Salomón",4,"Soles"
912032,1805722,"Ezequiel de Almeida",5,"Marco"
912032,1348750,"William Prociuk",6,"Nacho Vitale"
912032,1126176,"Daria Panchenko",7,"Maria"
912032,934904,"Sergio Boris",8,"Fiks"
912032,1731993,"Ezequiel Rodríguez",9,"Ricky Soemmers"
912032,2555254,"Magui Bravi",10,"Millie"
912032,3401440,"Andrea Rincón",11,"Jefa"
912032,941733,"Juan Bautista Stagnaro",12,"El brujo"
912032,4258906,"Megan McGarrah",13,"Ana"
912032,2140917,"Clara Kovacic",14,""
1181039,2143407,"Luo Liqun",0,"Hu Ba Yi"
1181039,3101781,"Zhang Weiwei",1,"Wang Kaixuan"
1181039,2529346,"Hu Xueer",2,"Shirley Yang"
1181039,3238981,"Song Jiateng",3,"Da Jin Ya"
1181039,4280964,"Ti Aimin",4,""
1181039,2372164,"He Qiwei",5,"Doctor"
1181039,3826613,"Shang Na",6,"Nurse"
1181039,2521011,"Dai Yilin",7,"Patient #A"
1181039,4853776,"Yang Chenlu",8,"Pregnant Teen"
1075335,20810,"Joely Richardson",0,"Ma"
1075335,2270402,"Sadie Soverall",1,"Maisy"
1075335,583816,"Neil Linpow",2,"Jack"
1075335,3719367,"Harry Cadby",3,"Matty"
1075335,3650818,"Roger Ajogbe",4,"Pa"
1075335,2408940,"Euan Bennet",5,"Duncan"
1075335,1473276,"Cameron Jack",6,"McCalister"
1075335,1414111,"Sharon Young",7,"Bella"
1075335,1869934,"Clifford Samuel",8,"PC Adams"
1075335,2706899,"Edward Linard",9,"Michael"
1075335,1921938,"Jamie Melrose",10,"Detective"
1075335,2014846,"Liam Harkins",11,"Newscaster"
1032948,2098514,"Alex Galick",0,"Rob (segment ""No Wake/Ambrosia"")"
1032948,3738847,"Anna Sundberg",1,"Robin (segment ""No Wake/Ambrosia"")"
1032948,2578704,"Chelsey Grant",2,"Kelly (segment ""No Wake/Ambrosia"")"
1032948,1849472,"Toussaint Morrison",3,"Drew (segment ""No Wake/Ambrosia"")"
1032948,3520614,"Anna Hashizume",4,"Anna (segment ""No Wake/Ambrosia"")"
1032948,4283902,"Tom Reed",5,"Jared (segment ""No Wake/Ambrosia"")"
1032948,4283889,"Evie Bair",6,"Ruth (segment ""No Wake/Ambrosia"")"
1032948,1115090,"Renee Werbowski",7,"Renee (segment ""No Wake/Ambrosia"")"
1032948,3290702,"Mike Lester",8,"James (segment ""No Wake/Ambrosia"")"
1032948,1905124,"Justen Jones",9,"Uncle Jeff (segment ""No Wake/Ambrosia"")"
1032948,129455,"Gabriela Roel",10,"Lucia De Leon (segment ""God of Death"")"
1032948,1017157,"Ari Gallegos",11,"Luis (segment ""God of Death"")"
1032948,1284139,"Gigi Saul Guerrero",12,"Gabriela Maldonado (segment ""God of Death"")"
1032948,1947445,"Marcio Moreno",13,"Eddie (segment ""God of Death"")"
1032948,1720468,"Felipe de Lara",14,"Miguel (segment ""God of Death"")"
1211483,1883593,"Evan Marsh",0,"Arthur"
1211483,2069639,"Chris Sandiford",1,"Steve"
1211483,1122326,"Mariah Inger",2,"Malika"
1211483,4403505,"Darren Eisenhauer",3,"Darren"
1211483,1228363,"Olivia Scriven",4,"Emma"
1211483,82646,"Trevor Hayes",5,"Police Officer"
1149279,3666204,"Maddie Lane",0,"Hope"
1149279,1848738,"Michael Bonini",1,"Sam"
1149279,4267797,"Cooper Drippe",2,"Pearce"
1149279,4406157,"Rebecca Stoughton",3,"Sarah"
1149279,4406151,"Sarah Buchanan",4,"Paisley"
1149279,1455813,"Ben VanderMey",5,"Chad"
1149279,4406163,"Lee Fealy",6,"Jim"
1203484,1028466,"Marsha Timothy",0,"Murni"
1203484,142018,"Alex Abbad",1,"Jack"
1203484,2809762,"Anantya Kirana",2,"Alana"
1203484,4137347,"Sulthan Hamonangan",3,"Rabin"
1125186,2664861,"Lydia Page",0,"Rachel"
1125186,15887,"Julia Ormond",1,"Carol"
1125186,2183753,"Rocco Fasano",2,"Dan"
1125186,1845659,"Richard Ginn",3,"Philip"
1066376,1085087,"Meredith Thomas",0,"Sheriff Hudson"
1066376,2785007,"Jill Awbrey",1,"The Woman"
1066376,2132398,"Gigi Gustin",2,"Tammy Wright (segment ""Nite Flirt"")"
1066376,27737,"Bill Moseley",3,"The Caller (segment ""Nite Flirt"")"
1066376,1513509,"Sheila Ball",4,"Myra Wright (segment ""Nite Flirt"")"
1066376,1472030,"Stephon Strickland",5,"Ray (segment ""You Promised"")"
1066376,3687630,"Moriah N. Boone",6,"Carol (segment ""You Promised"")"
1066376,1303873,"Jenna Kanell",7,"Lila Cameron (segment ""Miniature"")"
1066376,3665058,"Philip Estrin",8,"Winston"
1066376,4761155,"Joseph ""Jojo"" Martinez",9,"The Boy (segment ""We All Scream"")"
1066376,3059997,"Amber Medina",10,"The Mom (segment ""We All Scream"")"
1066376,4761159,"Mr. Sweetie",11,"Himself (segment ""We All Scream"")"
1066376,2132398,"Gigi Gustin",12,"Marion (segment ""Miniature"")"
1066376,1552364,"Peter Xifo",13,"Janitor (segment ""Miniature"")"
1066376,2592468,"Amber Pauline",14,"Toy (segment ""Miniature"")"
1056380,1282294,"David Pareja",0,"Jesus"
1056380,1103795,"Estefanía de los Santos",1,"María"
1056380,1588416,"Josep Maria Riera",2,"Carlos"
1056380,2438142,"Claudia Riera",3,"Cristina"
1056380,69528,"Eduardo Antuña",4,"Salesman"
1056380,3554338,"Gala Flores",5,"Ruth"
1056380,1153084,"Cristina Dilla",6,"Ruth's Mother"
1056380,1464946,"Itziar Castro",7,"Super's Friend"
1056380,4331845,"Aitana Garcia",8,"Super's Friend's Daughter"
1056380,2109507,"Paco Benjumea",9,"Police 1"
1056380,2868296,"Clàudia Font",10,"Police 2"
1056380,1111472,"Pere Vall",11,"Super's Client"
1056380,962179,"Emilio Gavira",12,"Super (voice)"
1056380,4331848,"Damià Fustagueras Petit",13,"Baby"
1137142,1186429,"Kazuya Kamenashi",0,"Akira Ninomiya"
1137142,1257364,"Nanao",1,"Arashiko Toshiro"
1137142,1576235,"Riho Yoshioka",2,"Emi Kagemi"
1137142,58611,"Kiyohiko Shibukawa",3,"Noboru Inui"
1137142,1018944,"Shota Sometani",4,"Kuro Sugitani"
1137142,72202,"Shido Nakamura",5,"Takeshi Kenmochi"
1137142,2492454,"Reon Yuzuki",6,""
1137142,1602464,"Minosuke",7,""
1137142,233523,"Keisuke Horibe",8,"Hirose"
1137142,1196599,"Masayuki Deai",9,""
1137142,1716918,"Chigusa Yasuzawa",10,""
1137142,4763848,"Tomohiko Imai",11,""
1137142,1905332,"Ariei Umefune",12,""
1137142,2363905,"Katsuya Kobayashi",13,""
1137142,101368,"Ryushin Tei",14,""
1105736,1456035,"Louka Meliava",0,"Lucas"
1105736,1051672,"Côme Levin",1,"Arnaud"
1105736,1637273,"Gilles David",2,"Le bûcheron"
1105736,2269747,"Lena Lapres",3,"Julie"
1105736,146609,"Bernard Eylenbosch",4,"Louis, le père"
1105736,2485271,"Marie-Paule Kumps",5,"Mathilde, la mère"
1105736,4342638,"Antime Calbrie Ekeloo",6,"Lucas enfant"
1105736,3447418,"Nelson Maerten",7,"Mathias"
1105736,936919,"Manu Joucla",8,"Le curé"
1105736,2363328,"André Pasquasy",9,"Employé pompes funèbres"
1105736,3893110,"Arnaud Kervyn",10,"Employé pompes funèbres"
879689,1370630,"Leanne Best",0,"Katherine"
879689,1166095,"Max Eigenmann",1,"Joy"
879689,3959136,"Jaeden Paige Boadilla",2,"Grace"
879689,3454606,"Rob Pomfret",3,"Grace's Father"
879689,1595252,"Eva Jane Willis",4,"Grace's Father's Wife"
879689,54014,"David Hayman",5,"Mr. Garrett"
879689,3210021,"Caleb Johnston-Miller",6,"Orlando"
879689,2368687,"Oliver Wellington",7,"Gary"
879689,2437919,"Eugenia Low",8,"Apparition"
879689,3959137,"Jodie Cuaresma",9,"Apparition"
879689,3959138,"Seb Yates Cridland",10,"Young Man"
879689,2437922,"Stephanie Connell",11,"Old Woman"
879689,1278529,"Gabriel Vick",12,"Mr. Johnson"
879689,1567070,"Sophie Morris-Sheppard",13,"Mrs. Johnson"
879689,4493732,"Jasmine Naziah Jones",14,"Mrs. Clark"
854887,1857869,"Derek Nelson",0,"Jim Peters"
854887,1438977,"Makenna Guyler",1,"Christine Harris"
854887,1627752,"Rory Wilton",2,"Hank O'Connell"
854887,2308648,"Kane Surry",3,"Joe Meeker"
854887,1724669,"David Lenik",4,"Cameron"
854887,2146162,"Rowena Bentley",5,"Julia Goldstein"
854887,3259556,"Lisa Gorgin",6,"Doctor"
854887,1874433,"Tim Cartwright",7,"Gordon Atkins"
854887,2560621,"Chris Lines",8,"Jed Pickman"
854887,2715017,"Scot Scurlock",9,"Walton Peters (voice)"
854887,2376544,"Swainley Whipps Eden-Entwistle",10,"Boris"
854887,6054741,"Zoe Sankey",11,"University Worker"
967022,1185732,"Ava Cantrell",0,"Abigail Cole"
967022,2087700,"Hermione Lynch",1,"Eve"
967022,116969,"Gene Farber",2,"Eddie"
967022,157031,"Karimah Westbrook",3,"Donna"
967022,1996792,"Trace Talbot",4,"Daniel"
967022,3521277,"Gunnar Garrett",5,"Mr. Stetson"
967022,2285360,"Yanni Walker",6,"Deputy Morgan"
967022,3521287,"Patrick Hilgart",7,"Micah"
967022,3521289,"Rob Gore",8,"Sheriff Moxey"
967022,3521290,"Conner Stiles",9,"Ben"
967022,3521291,"Tren Brown",10,"Lucas Wright"
967022,2837539,"Meredith Vivian",11,"Victoria"
967022,3521292,"Jodie Garrett",12,"Mrs. Thompson"
1114743,2144,"Tobin Bell",0,"Mr. Wilson"
1114743,74748,"Randy Couture",1,"Cranston"
1114743,62122,"Romeo",2,"Louis"
1114743,1879851,"Juliana Destefano",3,"Alma"
1114743,90117,"James Chalke",4,"The Chindi"
1114743,2212797,"Robert Gillings",5,"Bryant Cole"
1114743,1732748,"Doreen Calderon",6,"Ana Perez"
1114743,1946250,"Bleona",7,"Brooke"
1114743,1740126,"Robert Laenen",8,"Charlie"
1114743,1813988,"Lindsey Pelas",9,"Cocktail Waitress"
1114743,1481136,"Jonathan Camp",10,"Mike Hardy"
1114743,2357818,"HemDee Kiwanuka",11,"Security"
1114743,1328064,"Alesandra Assante",12,"Diner Waitress"
1114743,2483548,"Tony Taylor",13,"Arturo"
1114743,1093502,"Wil J. Jackson",14,"Sloan"
973471,3080284,"Georgia Acken",0,"Clara"
973471,1515478,"Mena Massoud",1,"Jude"
973471,1547061,"Olivia Scott Welch",2,"Maisie"
973471,582155,"Gus Kenworthy",3,"Jimmy"
973471,1440577,"Chloë Levine",4,"Rose"
973471,2719571,"Derek Johns",5,"Grant"
973471,2559994,"Laurent Pitre",6,"Doug"
973471,4226012,"Madison Baines",7,"Samantha"
973471,4462042,"Sophie McIntosh",8,"Sandy"
973471,6169548,"Isabelle Boulton",9,"Wife"
973471,207818,"Patrick Kerton",10,"Security Guard"
973471,1109368,"Douglas Kidd",11,"Husband"
973471,3713076,"Fadi Malo",12,"Cop"
973471,2059122,"Basil McKenna",13,"Police Officer #1"
973471,3444836,"Gabriella Mejia Perez",14,"Girl #1"
1176128,2793892,"Kaya Coleman",0,"Nikki"
1176128,2587802,"Scarlett Sperduto",1,"Jess"
1176128,3180747,"Trey Anderson",2,"Nathan"
1176128,4263035,"Cissy Ly",3,"MJ"
1176128,1252505,"Dana Millican",4,"Doctor"
1176128,1685266,"David Mitchum Brown",5,"Reverend"
1176128,2099582,"Michelle Damis",6,"Mother"
1176128,3262932,"William Earl Ray",7,"Sheriff Ray"
1131755,1655001,"Chrissy Metz",0,"Faith"
1131755,1024722,"Annalise Basso",1,"Charm"
1131755,4738,"Connor Paolo",2,"Kory"
1131755,21318,"Scout Taylor-Compton",3,"Liz"
1131755,4081504,"George Schichtle",4,"Creature Perfomer"
1131755,4081505,"Brisbyn Hood",5,"Young Charm"
1131755,2619749,"Nicole Holmes",6,"Sleazy Dealer"
1131755,3790980,"Kennedy Cochran",7,"Zookeeper"
1131755,164938,"Tara Karsian",8,"The Stranger's Voice"
1193341,46593,"Emile Hirsch",0,"Walden Dean"
1193341,81295,"Shane West",1,"Detective Bill Kane"
1193341,17442,"Kelli Garner",2,"Emily Duperon"
1193341,38666,"Tania Raymonde",3,"Detective Sally Hunt"
1193341,18181,"David Keith",4,"Judge Boyle"
1193341,80619,"Steve Coulter",5,"Jesse Dean"
1193341,1039097,"Seth Michaels",6,"Dr. Carrillo"
1193341,58707,"Sunny Mabrey",7,"Laurie Kane"
1193341,4054376,"Luke Davis",8,"General George"
1193341,2186815,"Sara Sometti Michaels",9,"Nurse Rainy"
1193341,2801423,"Kathrine Barnes",10,"Claire Dean"
1193341,4328487,"Olive Raine Cleope",11,"Lizzie Johnson"
1193341,3659945,"Lisa Shatterly Boyd",12,"Miss Kindleman"
1193341,2716286,"Gavin Borders",13,"Young Walden"
1193341,4328488,"Drexel Malkoff",14,"Javier"
1058063,3227001,"Ratu Sofya",0,"Tyas Nur Fitri"
1058063,1817145,"Kiesha Alvaro",1,"M. Fajar Ramadhani"
1058063,2290254,"Nayla Purnama",2,"Laila Nur Azizah"
1058063,3312947,"Rizky Fachrel",3,"Fachruddin Saleh"
1058063,1790603,"Ariyo Wahab",4,"Syakir"
1058063,1157598,"Astri Nurdin",5,"Mrs. Rika"
1058063,935314,"Slamet Rahardjo",6,"Mr. Harjo"
1058063,2520700,"Joseph Kara",7,"Mr. Hajji"
1058063,1789949,"Ingrid Widjanarko",8,"Mbok Inah"
1058063,2477697,"Yassien Omar",9,"Young Saleh"
1058063,6442926,"Zidan Zhu",10,"Young Fajar"
1058063,6173844,"Kanaya Tsabitah",11,"Young Tyas"
1058063,6442927,"Cattleya Zyanyani",12,"Young Azizah"
1058063,4424726,"Bella Novita",13,"Rosa"
1058063,3068832,"Rency Milano",14,"Mrs. Harjo"
1029880,1032398,"Fanny Leander Bornedal",0,"Emma"
1029880,12795,"Nikolaj Coster-Waldau",1,"Martin"
1029880,3398,"Kim Bodnia",2,"Jens"
1029880,1024,"Ulf Pilgaard",3,"Wörmer"
1029880,1017,"Sonja Richter",4,"Gunver"
1029880,1682477,"Casper Kjær Jensen",5,"Bent"
1029880,4458,"Paprika Steen",6,"Kramer"
1029880,1609347,"Alex Høgh Andersen",7,"Frederik"
1029880,2175705,"Nina Rask",8,"Maria"
1029880,1632952,"Sonny Lindberg",9,"Sofus"
1029880,1441512,"Christopher Læssø",10,"Johan"
1029880,3637776,"Thomas Hou Mandsfeldt",11,"Sygeplejerske (voice)"
1029880,1741460,"Alexander Behrang Keshtkar",12,"Cab Driver"
1029880,3409845,"Torben Svendsen",13,"Læge"
1029880,64124,"Niels Anders Thorn",14,"Overlæge Berthelsen"
1053993,932050,"Víctor Clavijo",0,"Eladio"
1053993,79288,"Ruth Díaz",1,"Marcia"
1053993,5007492,"Moisés Ruiz",2,"Floren"
1053993,227071,"Pedro Casablanc",3,"Don Francisco"
1053993,3652,"Manuel Morón",4,"Don Carlos"
1053993,1042754,"Antonio Estrada",5,"Saulo"
1053993,3776283,"Nico Montoya",6,"Camarero"
1053993,15598,"Luis Callejo",7,"Sargento 1"
1053993,5007489,"Juan Montilla",8,"Vecino Pueblo"
1053993,84773,"José Chaves",9,"Cazador 1"
1053993,2868298,"José Luis Rasero",10,"Cazador 2"
1174618,4256365,"Lizzy Willis",0,"Alice"
1174618,69467,"Rula Lenska",1,"Beth"
1174618,232417,"Jon-Paul Gates",2,"The Mad Hatter"
1174618,2065303,"Steve Wraith",3,"The Rabbit"
1174618,4256368,"Lila Sarner",4,"The Twins"
1174618,4256369,"Nigel Troup",5,"The Smoking Man"
1174618,4256371,"Nikol Atanasova",6,"The Cheshire Ripper"
1174618,4228317,"Rikki Kimpton",7,"The Walrus"
1063879,2004136,"Théo Christine",0,"Kaleb"
1063879,1281819,"Sofia Lesaffre",1,"Lila"
1063879,583853,"Finnegan Oldfield",2,"Jordy"
1063879,1446210,"Jérôme Niel",3,"Mathys"
1063879,3875890,"Lisa Nyarko",4,"Manon"
1063879,937641,"Marie-Philomène Nga",5,"Claudia"
1063879,1350350,"Emmanuel Bonami",6,"Gilles"
1063879,82927,"Abdellah Moundy",7,"Mr. Benzaoui"
1063879,2096112,"Mahamadou Sangaré",8,"Moussa"
1063879,1668056,"Xing Xing Cheng",9,"Mrs. Zhao"
1063879,3438650,"Malik Amraoui",10,"Lieutenant"
1063879,3743584,"Ike Zacsongo-Joseph",11,"Toumani"
1063879,4338663,"Samir Nait",12,"Ali"
1063879,4680007,"Lehcem Mahidi",13,"Hunter 1"
1063879,3537451,"Nasser Mehal",14,"Hunter 2"
845783,2146942,"Freya Allan",0,"Iris Lark"
845783,225692,"Jeremy Irvine",1,"Neil"
845783,2364040,"Ruby Barker",2,"Katie"
845783,3064,"Peter Mullan",3,"Owen Lark"
845783,1141591,"Anne Müller",4,"Baghead"
845783,1561755,"Svenja Jung",5,"Sarah"
845783,63362,"Ned Dennehy",6,"Solicitor"
845783,28294,"Julika Jenkins",7,"Regina"
845783,9825,"Saffron Burrows",8,"Catherine"
845783,1194711,"Felix Römer",9,"Otto Vogler"
1072342,986808,"Wyatt Russell",0,"Ray Waller"
1072342,62105,"Kerry Condon",1,"Eve Waller"
1072342,2333351,"Amélie Hoeferle",2,"Izzy Waller"
1072342,2035115,"Gavin Warren",3,"Elliot Waller"
1072342,9279,"Nancy Lenehan",4,"Kay"
1072342,96365,"Ellie Araiza",5,"Angel"
1072342,1456313,"Rahnuma Panthaky",6,"Dr. Sridhar"
1072342,172166,"Eddie Martinez",7,"Coach E"
1072342,44059,"Jodi Long",8,"Lucy Summers"
1072342,4218846,"Aivan Uttapa",9,"Ty"
1072342,3950080,"Preston Galli",10,"Young Boy in Flashback Scene"
1072342,4464531,"Elijah J. Roberts",11,"Ronin"
1072342,1410040,"Ben Sinclair",12,"Pool Tech"
1072342,4218470,"Ayazhan",13,"Rebecca"
1072342,2645955,"Joziah Lagonoy",14,"Tommy"
1223050,966753,"Caitlin Carmichael",0,"The Driver"
1223050,4051021,"Ryan Knudson",1,"The Hitchhiker"
1223050,21320,"Danielle Harris",2,"Allison"
1223050,2611379,"Warren Fast",3,"Sheriff John Teagan"
1223050,3644784,"Trenton Hudson",4,"Deputy Corey Vernon"
1223050,2588889,"William Childress",5,"Frank"
1223050,4690793,"Christina R Gregg",6,"Cassie"
1136347,3254592,"Danielle Scott",0,"Jenny"
1136347,3323741,"Kelly Rian Sanson",1,"Mara Dohana"
1136347,4097903,"Charlotte Coleman",2,"Dina Dohana"
1136347,3729399,"Connor Powles",3,"Karl"
1136347,4315733,"Matt Tolson",4,"John"
1136347,3860220,"Stephen Stallone Thomas",5,"Mike"
1136347,3933989,"Alesia Lifantii",6,"Lucy Lumley"
1136347,2041184,"Arthur Edwards",7,"Leo"
714567,1294919,"Anna Potebnya",0,"Dana"
714567,2463349,"Timofey Eletskiy",1,""
714567,1601718,"Ekaterina Stulova",2,""
714567,2758622,"Diana Shulmina",3,""
714567,3057153,"Olga Pipchenko",4,""
714567,3057156,"Polina Vataga",5,""
714567,2576589,"Pavel Yulku",6,""
714567,3057158,"Daniil Kiselev",7,""
1244657,557372,"Turner Clay",0,"Self"
1136558,2187869,"Kotone Furukawa",0,""
1136558,2373654,"Koya Matsudai",1,""
1136558,1599701,"Masashi Arifuku",2,""
1136558,4904763,"Yoshiko Inuyama",3,""
1136558,1697250,"Kazuo Hashimoto",4,""
1136558,4904765,"Shiho Yoshimura",5,""
1136558,4065885,"Hirofumi Nishida",6,""
1232645,4486684,"Alex Matthews",0,"Cameron"
1232645,4486686,"Jessica Ferguson",1,"Victoria"
1232645,4486688,"Bella Chadwick",2,"Diane"
1232645,1853400,"Taylor King",3,"Lenny"
1232645,4492075,"Elijah Golden",4,"Jason (as Eli Golden)"
1232645,3276469,"Josh Kay",5,"Hunter"
1232645,4492076,"Seth Kerrigan",6,"Chad"
1232645,4492077,"Andrew Larkin",7,"Martin"
1232645,2810951,"Rachel Petsiavas",8,"Carol"
1232645,4397893,"Margaret Race",9,"Liz"
1232645,4492078,"Larry Lee Thompson",10,"Tony (as Larry Thompson Jr.)"
1207898,1759040,"Nicholas Anscombe",0,"Jack"
1207898,4021747,"Isabella Colby Browne",1,"Raven"
1207898,1857869,"Derek Nelson",2,"Harvey Robinson"
1207898,2959539,"Georgia Conlan",3,"Willow Davies"
1207898,1513898,"James Reynard",4,"The Dollmaker"
1207898,1890542,"Leona Clarke",5,"Olivia Brown"
1207898,2536381,"Georgina Jane",6,"Kara"
1207898,3060979,"Oli Meredith",7,"Dean Pearson"
1096197,17782,"Colm Meaney",0,"Brandon"
1096197,127164,"Phyllis Logan",1,"Mardy"
1096197,2613589,"Sophie McIntosh",2,"Ava"
1096197,1461462,"Will Attenborough",3,"Kyle"
1096197,3031970,"Jeremias Amoore",4,"Jed"
1096197,2573915,"Manuel Pacific",5,"Danilo"
1096197,3952003,"Grace Nettle",6,"Rosa"
1096197,152707,"James Carroll Jordan",7,"Hank"
1096197,1809488,"David J Biscoe",8,"Plane Passenger"
1096197,2743000,"David Samartin",9,"Eli (Pilot)"
1096197,3024089,"Scott Coker",10,"Liam (Pilot)"
1096197,1956505,"Lee Byford",11,"Airline Passenger"
1082063,1637781,"Jack Haven",0,"Riley"
1082063,544608,"Carloto Cotta",1,"Ed / Manuel / Artur"
1082063,1018913,"Anabela Moreira",2,"Amélia (velha)"
1082063,1674769,"Alba Baptista",3,"Amélia (nova)"
1082063,109713,"Rita Blanco",4,"Sra. Vieira"
1082063,2805321,"Beatriz Maia",5,"Filha da Sra. Vieira"
1082063,2678487,"Nuno Nolasco",6,"Anfitrião Companhia Aérea"
1082063,935466,"Sónia Balacó",7,"Advogada"
1082063,1986986,"Ana Tang",8,"Advogada"
1082063,1121952,"Valdemar Santos",9,"Amigo da Sra. Vieira"
1026819,2185247,"Lily Banda",0,"Wael"
1026819,13362,"Alec Newman",1,"Vlad"
1026819,1376876,"Raj Bajaj",2,"Chris"
1026819,1694461,"Vassilis Koukalani",3,"Malek"
1026819,2834015,"Kostis Kallivretakis",4,"Bachir"
1026819,2297159,"Joshua Edoze",5,"Garang"
1026819,20197,"Mylène Jampanoï",6,"Marie"
1026819,1180551,"Marlene Kaminsky",7,"The Owner"
1026819,4523031,"Fathia Ojikutui",8,"Anita"
1026819,1128441,"Aurora Marion",9,"Zineb"
1026819,84068,"Daphne Alexander",10,"Victoria"
1026819,2783413,"Argyris Gaganis",11,"Benito"
1026819,935647,"Pigmalion Dadakaridis",12,"Jack"
1026819,4919595,"Ayman Al Aboud",13,"Smuggler"
1216784,61363,"Alex Pettyfer",0,"Fallon"
1216784,529,"Guy Pearce",1,"Reynolds"
1216784,933272,"Olwen Fouéré",2,"Ma Reynolds"
1216784,2476378,"Crystal Yu",3,"Yan Loi"
1216784,3350493,"William Gao",4,"Edward"
1216784,814184,"Kurt Yaeger",5,"Gillespie"
1216784,1602724,"Richard Pettyfer",6,"Sam Johnson"
1216784,3247625,"Forrest Bothwell",7,"Petrie"
1216784,4434705,"Riley Chung",8,"Emily"
1216784,211586,"Chike Chan",9,"Mr. Loi"
1216784,1127611,"John Connors",10,"Faraday"
1216784,5262285,"Tamara Chanel White",11,"Claire Fallon"
1216784,4572547,"Sophie Boldt",12,"Girl on Bus"
1059345,59860,"Alice Eve",0,"Cassie Holt"
1059345,3131,"Antonio Banderas",1,"Mikeal Tallini"
1059345,444211,"Shelley Hennig",2,"Jamie Douglas"
1059345,933272,"Olwen Fouéré",3,"Dottie Evans"
1059345,2465152,"Kim DeLonghi",4,"Wallace"
1059345,1373165,"Paul Reid",5,"Rory McMahon"
1059345,1878695,"Kwaku Fortune",6,"Glen"
1059345,133950,"Matthew Tompkins",7,"Victor Harrison"
1059345,1734962,"Ciaran McGlynn",8,"Cillian"
1059345,4172956,"Sophie Amber",9,"Connie"
1059345,4441375,"John Wollman",10,"Dexter Conell"
1059345,4441373,"Nick Dunning",11,"Edgar Evans"
1059345,4441377,"Patrick Buchanan",12,"Liam"
1059345,3410582,"Chris Mohan",13,"Sluggo"
1059345,4441379,"Daire McMahon",14,"Armed Garda"
1055451,2970863,"Naomi Grace",0,"Allison Chambers"
1055451,1455722,"Devin Druid",1,"Adam Faulkner"
1055451,829,"William Russ",2,"Mr. Jackson"
1055451,92728,"Amy Hargreaves",3,"Blair Gladwell"
1055451,205808,"Catherine Curtin",4,"Commissioner Peterson"
1055451,1361975,"Emilia McCarthy",5,"Lilly Gladwell"
1055451,1568047,"Olivia Nikkanen",6,"Melissa Faulkner"
1055451,21130,"Jayce Bartok",7,"Harold Faulkner"
1055451,80001,"Andrew Stewart-Jones",8,"Thomas Chambers"
1055451,2416315,"Tyler James White",9,"Rob Donahue"
1055451,1468289,"Erik Bloomquist",10,"Oliver Hull"
1055451,1468291,"Adam Weppler",11,"Deputy Miller"
1055451,3018234,"Kate Edmonds",12,"Britt"
1055451,3809340,"Dylan Slade",13,"Tyler"
1055451,3809341,"Arun Cameron Storrs",14,"Nancy Faulkner"
1219739,2079946,"Anneke Sluiters",0,"Frieda"
1219739,3273542,"Len Leo Vincent",1,"Hikko"
1219739,13516,"Reinout Bussemaker",2,"Bartholomeus"
1219739,1832296,"Nola Kemper",3,"Sasha"
1219739,1793955,"Leon van Waas",4,"Gelo"
1219739,4477247,"Sam Post",5,"Dark Wief"
1219739,1390097,"Joy Verberk",6,"Elsind"
1219739,1635085,"Marc Eikelenboom",7,"Sunno"
1219739,2244231,"Nikita van der Linden",8,"Sibbia"
1219739,2326381,"Nina Fokker",9,"Ewisa"
1219739,4477248,"Vincent van den Broek",10,"Wisund"
1219739,4477249,"Tilo van Driel",11,"Enno"
1219739,4477250,"Easy May Walker",12,"Wief"
1032321,1469678,"Nilam Farooq",0,"Maria"
1032321,5847,"David Kross",1,"Viktor"
1032321,5646,"Justus von Dohnányi",2,"Wilhelm"
1032321,1140005,"Olga von Luckwald",3,"Holly"
1032321,1821057,"Anton Schneider",4,"Mike"
1032321,2033219,"Karl Schaper",5,"Siegfried"
1032321,2002962,"Sven Habermann",6,"Hauptmann"
1118033,87954,"Scott Haze",0,"Wyndham Stone"
1118033,582722,"Kate Lyn Sheil",1,"Alina"
1118033,2919508,"Charlie Avink",2,"Orion"
1118033,1299431,"Alex Montaldo",3,"Corvus"
1118033,1581588,"Chelsea Jurkiewicz",4,"Caitlyn"
1118033,4166579,"Harrison Middleton",5,"Crux"
1118033,1552459,"Michael Monsour",6,"Arvo"
1118033,3514491,"Thatcher Jacobs",7,"Lepus"
1118033,3841502,"Aarman Touré",8,"Vela"
1118033,113857,"Soko",9,"Hiker"
1118033,5214562,"Garrett Atkinson",10,"Background Boy"
1118033,5214563,"Bodhi Barrett",11,"Background Boy"
1118033,5214564,"Axton Cox",12,"Background Boy"
1118033,5214565,"Kenny Cox",13,"Background Boy"
1118033,5214567,"Ethan Gunalda",14,"Background Boy"
1135281,4093886,"Syrenne Robinson",0,"Annabelle"
1135281,4093887,"Zachary Robinson",1,"Link"
1135281,4093889,"Sarah Mae Robinson",2,"Mother"
1135281,4093891,"Matthew Robinson",3,"Father"
1135281,4093892,"Victor Mele",4,"Police Officer"
1135281,4675587,"Suzanne Kilborn",5,"News Anchor 1"
1135281,4093893,"Sarah Flory",6,"News Anchor 2"
1135281,4093894,"Lilli Albert",7,"Neighbor 1"
1135281,4093895,"Kelly Black",8,"Neighbor 2"
1135281,4093896,"Lyla Black",9,"Neighbor 3"
1153913,3458679,"Ignacio Diaz-Silverio",0,"Javier"
1153913,1946954,"Ireon Roach",1,"Bianca"
1153913,130936,"Yani Gellman",2,"Mr. Arda"
1153913,1719941,"Lorena Diaz",3,"Nurse Ramirez"
1153913,3027150,"Cameron Scott Roberts",4,"Trevor"
1153913,4306461,"Ryan Foreman",5,"William"
1153913,1885371,"Maisie Merlock",6,"Ginny"
1153913,2308468,"Lucy Carapetyan",7,"Deborah"
1153913,3048824,"Sasha Kuznetsov",8,"Brad"
1153913,3514491,"Thatcher Jacobs",9,"Freddie"
1153913,1870625,"Dale Rivera",10,"Javier Sr."
1153913,1271594,"Jesús Castro",11,"Dennis"
1153913,3144030,"Elizabeth Stam",12,"Cheerleader"
1153913,1438296,"Dennis Grimes",13,"Coach Randy"
1153913,4341007,"Lorena Pulido",14,"Student / Police Officer"
1114922,1077345,"Jennifer Kim",0,"Meg"
1114922,107766,"Kentucker Audley",1,"Scott"
1114922,2202462,"Micheál Richardson",2,"Joe"
1114922,164094,"Marin Ireland",3,"Madelin"
1260820,4599545,"Rodrigo Prieto",0,"Craven"
1260820,4599546,"Cris Gallego",1,"Nora"
1260820,4599547,"Miki Cidoncha",2,"Edu"
1260820,4599549,"Jesus Ruiz",3,"Juan Doctor Terror"
1260820,4599550,"Mar P. Soler",4,"La Niña"
1260820,4599551,"David Para",5,"Kike"
1260820,4599552,"Iria Orejudo",6,"Streamer 'Makka'"
1034751,53252,"Noel Gugliemi",0,"Diaz"
1034751,2024799,"Olga Aguilar",1,""
1034751,2051,"María Conchita Alonso",2,""
1034751,649814,"Anderson Ballesteros",3,""
1034751,4738495,"Pedro Cayuela",4,""
1034751,1044077,"Leonardo Daniel",5,""
1034751,1919396,"Johanna Fadul",6,""
1034751,2013439,"Milett Figueroa",7,""
1034751,3676772,"Yisney Lagrange",8,""
1034751,2085741,"Mónica Hoyos",9,""
1034751,3650,"Carlos Lozano",10,""
1034751,1477337,"Mari Cielo Pajares",11,""
1034751,1206197,"Octavi Pujades",12,""
1034751,4738498,"Kenneth Quidroz",13,""
1034751,4738500,"Jimena Quintero",14,""
993784,221192,"Kathryn Newton",0,"Lisa"
993784,56730,"Cole Sprouse",1,"The Creature"
993784,1268847,"Liza Soberano",2,"Taffy"
993784,3410595,"Henry Eikenberry",3,"Michael Trent"
993784,141762,"Joe Chrest",4,"Dale Swallows"
993784,17832,"Carla Gugino",5,"Janet"
993784,3740404,"Joey Harris",6,"Tamara"
993784,1415436,"Bryce Romero",7,"Doug"
993784,2043430,"Jenna Davis",8,"Lori"
993784,1529004,"Joshua Montes",9,"Vince"
993784,1860890,"Trina LaFargue",10,"Tricia"
993784,1428077,"Paola Andino",11,"Misty"
993784,1729410,"Jennifer Pierce Mathus",12,"Lisa's Mom"
993784,1514480,"Luke Sexton",13,"Axe Murderer"
993784,3804493,"Chris Greening",14,"Jock"
1140648,1460120,"Millie Brady",0,"Claire"
1140648,92730,"Pollyanna McIntosh",1,"Dr. Burke"
1140648,1812314,"Akshay Kumar",2,"Amir"
1140648,1009108,"Diarmuid Noyes",3,"Ray"
1140648,1600596,"Brenock O'Connor",4,"Paul"
1140648,3524336,"Abby Fitz",5,"Alison"
1140648,3964802,"Shonagh Marie",6,"Vanessa"
1140648,2625340,"Frank Blake",7,"Marcus"
1140648,11110,"Kate Ashfield",8,"Helen Brady"
1140648,1188325,"Amy De Bhrún",9,"News Reporter"
1140648,3176583,"Janet Grene",10,"Nurse"
1140648,1124864,"Håkon Karoliussen",11,"Head of Division"
1140648,1877251,"Caoilfhionn McDonnell",12,"Senior Director"
1140648,1193623,"Luca Pierucci",13,"Executive Vice President"
1140648,2474508,"Eon Grey",14,"Head of Research"
1020896,1576786,"Renate Reinsve",0,"Anna"
1020896,71610,"Anders Danielsen Lie",1,"David"
1020896,99522,"Bahar Pars",2,"Eva"
1020896,71186,"Bjørn Sundquist",3,"Mahler"
1020896,4476794,"Denise Trankalis",4,"Solglimt Colleague"
1020896,579468,"Bente Børsum",5,"Tora"
1020896,2070768,"Jan Hrynkiewicz",6,"Peter"
1020896,1345451,"Olga Damani",7,"Elisabet"
1020896,74397,"John Ajvide Lindqvist",8,"Undertaker"
1020896,4417635,"Inesa Dauksta",9,"Flora"
1020896,4429484,"Kian Hansen",10,"Kian"
1020896,4476779,"Dennis Østby Ruud",11,"Elias"
1020896,4476790,"Pinelli Hedda Munthe",12,"Doctor"
1020896,4476791,"Anders Dybwad",13,"Drowned Man"
1020896,1975319,"Emma Damskau",14,"Solglimt Colleague"
823491,2592839,"Safia Oakley-Green",0,"Beyah"
823491,2361755,"Kit Young",1,"Geirr"
823491,1610710,"Chuku Modu",2,"Adem"
823491,2629582,"Iola Evans",3,"Avé"
823491,3070106,"Arno Luening",4,"Odal"
823491,2485958,"Luna Mwezi",5,"Heron"
823491,4562494,"Rosebud Melarkey",6,"Neanderthal Woman"
823491,4450536,"Tyrell Mhlanga",7,"Neanderthal Man"
1175038,4258246,"Holly Kenney",0,"Olivia"
1175038,2547421,"Brendin Brown",1,"Sam"
1175038,3068588,"Paris Nicole",2,"Theresa"
1175038,4258248,"Radek Antczak",3,"Brandon"
1175038,4258247,"Teddy Spencer",4,"Clayton"
1175038,2347838,"Devon Deshaun Stewart",5,"Liam"
1166133,1440952,"Arjun Ashokan",0,"Thevan"
1166133,124111,"Mammootty",1,"Kodumon Potti"
1166133,1186670,"Sidharth Bharathan",2,"Servant"
1166133,1717374,"Manikandan Achari",3,"Koran"
1166133,1629009,"Amalda Liz",4,"Yakshi"
1166133,4640638,"Aluva Sheeba Sebastian",5,"Thevan's Mother"
1166133,4640639,"Akash Chandran",6,"Goblin"
1166133,4619253,"Rafnas Rafeek",7,"Theyyam"
1166133,4614671,"Sergi",8,"Portuguese Infantryman 2"
1166133,4640641,"Andrè",9,"Portuguese Infantryman 1"
1166133,4640642,"Nikola",10,"Portuguese Cavalryman"
1166133,236374,"Stas",11,"Portuguese Army"
1166133,4640645,"Zabi",12,"Portuguese Army"
1166133,4640643,"Vitalii",13,"Portuguese Army"
1166133,4640649,"Alex",14,"Portuguese Army"
869291,2340180,"Hunter Schafer",0,"Gretchen"
869291,1503539,"Jan Bluthardt",1,"Henry"
869291,20982,"Marton Csokas",2,"Luis"
869291,221018,"Dan Stevens",3,"Herr König"
869291,1202689,"Jessica Henwick",4,"Beth"
869291,4467190,"Mila Lieu",5,"Alma"
869291,1061583,"Greta Fernández",6,"Trixie"
869291,114594,"Proschat Madani",7,"Dr. Bonomo"
869291,469759,"Àstrid Bergès-Frisbey",8,"Ed"
869291,3003091,"Konrad Singer",9,"Erik"
869291,3885284,"Kalin Morrow",10,"Hooded Woman"
869291,1979852,"Johannes Benecke",11,"Silent Cop"
869291,4561602,"Matthea Pedersen",12,"Teenage Girl"
869291,1833575,"Veronika Bachfischer",13,"Dr. Bonomo's Assistant"
869291,3987657,"Joshua Hupfauer",14,"Driver"
840889,1323109,"Aisling Franciosi",0,"Ella Blake"
840889,134699,"Stella Gonet",1,"Suzanne Blake"
840889,1446005,"Tom York",2,"Tom"
840889,1725141,"Therica Wilson-Read",3,"Polly"
840889,3402928,"Bridgitta Roy",4,"Doctor Rai"
840889,2424535,"Caoilinn Springall",5,"Little Girl"
840889,1418609,"Alex Freeborn",6,"Stack"
840889,2215526,"James Swanton",7,"Ash Man"
840889,4602285,"James Harris",8,"Waiter"
840889,1678751,"Jaz Hutchins",9,"Brett"
840889,3921843,"Joshua J. Parker",10,"Will"
840889,2486314,"Nicola Alexis",11,"Nurse"
838209,64880,"Choi Min-sik",0,"Kim Sang-duk"
838209,1067849,"Kim Go-eun",1,"Lee Hwa-rim"
838209,84996,"Yoo Hai-jin",2,"Ko Young-geun"
838209,2341408,"Lee Do-hyun",3,"Yoon Bong-gil"
838209,2307963,"Kim Jae-chul",4,"Park Ji-yong"
838209,2097078,"Jeon Jin-gi",5,"Park Geun-hyeon"
838209,1352930,"Kim Sun-young",6,"Oh Gwang-sim"
838209,3280670,"Kim Ji-an",7,"Park Ja-hye"
838209,1257594,"Kim Min-jun",8,"Daimyo Oni"
838209,4558745,"Kim Byung-oh",9,"Daimyo Oni (stand-in)"
838209,237076,"Rikiya Koyama",10,"Daimyo Oni (voice)"
838209,1335341,"Park Jeong-ja",11,"Park Ji-yong's Aunt"
838209,118657,"Park Ji-il",12,"Park Ji-yong's Butler"
838209,1912054,"Lee Jong-gu",13,"Bodhisattva"
838209,1432841,"Lee Young-ran",14,"Park Ji-yong's Mother"
1032372,85718,"Allen Leech",0,"David"
1032372,589469,"Nina Bergman",1,"Ana"
1032372,1945695,"Yan Tual",2,"Vincent"
1032372,3729177,"James Barton-Steel",3,"Miller"
1032372,3294171,"Riley Banzer",4,"Billy"
1032372,3294167,"Sydney Hendricks",5,"Cassie"
1032372,3294169,"William Kuklis",6,"John Scheele"
1032372,1729907,"Gil Botelho",7,"Clifford"
1032372,3729179,"Kat Fullerton",8,"Cashier"
1032372,4730009,"Einar Haraldsson",9,"Ben"
1032372,3487846,"Alexander Shefler",10,"Ray"
1196646,1793239,"Kelly Lynn Reiter",0,"Echo Meadows"
1196646,67778,"Jonathan Lipnicki",1,"Jasper Meadows"
1196646,2513027,"Leila Almas Rose",2,"Ruby Meadows"
1196646,1524356,"James Di Giacomo",3,"John Meadows"
1196646,4341510,"Lacey Burdine",4,"Young Echo"
1196646,4341511,"William Delesk",5,"Young Jasper"
1196646,87287,"Bonnie Aarons",6,"Esmeralda"
1196646,60650,"Michael Paré",7,"Rick Rutherford"
1196646,1142952,"Maritza Brikisak",8,"Darlene Rutherford"
1196646,36218,"Andrew Divoff",9,"Evil Man"
1196646,65831,"Robert LaSardo",10,"Angel"
1196646,145553,"Devanny Pinn",11,"Harper"
1196646,2091809,"Mike Ferguson",12,"Lucifer ""Lou"""
1196646,1486530,"Adam Treasure",13,"Jamal Davis"
1196646,2955745,"Elley Ringo",14,"Grace"
1244039,1919600,"Nick Biskupek",0,"Clyde"
1244039,1939100,"Michael Swatton",1,"Crusher"
1244039,4532487,"Sam Huntsman",2,"Josh"
1244039,4405570,"Hollie Kennedy",3,"Sarah"
1244039,2556788,"Corgand Janeway-Svendsen",4,"Ash"
1244039,3883195,"Miguel Cortez",5,"Rico"
1244039,2680370,"Mark Templin",6,"Sheriff Hill"
1244039,3331030,"Dave Coleman",7,"Brian"
1244039,4900427,"Dan Molson",8,"Wilbur"
1244039,5338178,"Alyssa Ingram",9,"Rowena"
1244039,5338179,"Jack Dillabough",10,"Gas Station Clerk"
1244039,5338180,"Sharena Campo",11,"Dispatcher (voice)"
1160923,21662,"Ed Westwick",0,"Ben"
1160923,4081410,"Andrew P. Stephen",1,"The Presenter"
1160923,2738647,"Natalya Tsvetkova",2,"Katia Volkova"
1160923,4417886,"Lola Wayne",3,"Cathy Burnett"
1160923,3400510,"Rory Alexander",4,"Parker Green"
1160923,4573226,"Andrew McGillan",5,"Sasha Morgan"
1160923,3851511,"Miztli Rose",6,"Esparza"
1160923,1287671,"Rick Yale",7,"Larch"
1160923,1282056,"Anthony Ofoegbu",8,"Captain Larson"
1160923,1200855,"Rose Reynolds",9,"Lisa Jacobs"
1160923,3130681,"Polina Pushkareva",10,"Amy"
1160923,4417889,"Joe Urquhart",11,"Sam Clark"
1160923,2113729,"Joseph Tweedale",12,"Alex Chambers"
1160923,4973021,"Eamonn Fleming",13,"Ray Callahan"
1160923,4743915,"Natasha Skutka",14,"Chloe Demaine"
671317,234070,"Harold Torres",0,"Santiago Mendoza"
671317,1811039,"Tete Espinoza",1,"Marcela Coronado Luna"
671317,234069,"Fermín Martínez",2,"Oficial José Luis Basurto “Cabo Catoche”"
671317,530393,"Vicky Araico",3,"Oficial Lupe Sampedro"
671317,971363,"Norma Reyna",4,"Leonor Romero"
671317,1196094,"Quetzali Cortés",5,"Nigromante"
671317,985456,"Eligio Meléndez",6,"Elías Lozano Mata"
671317,1071846,"José Manuel Poncelis",7,"Chamán"
671317,78326,"Luis Arrieta",8,"Paramédico"
671317,1196866,"Waldo Facco",9,"Informante"
671317,2581952,"Carolina Contreras",10,"Neuróloga"
671317,2667771,"Emmanuel Aguilar",11,"Moreno"
671317,3895930,"Manuel Cruz Vivas",12,"Ahijado"
671317,3093155,"Juan Sahagun",13,"Senador Raúl Cortés"
671317,4578760,"Maria Goycolea",14,"Senadora Elena Castellanos"
1252428,2143638,"Nita Hsia Jo-Yen",0,"Gong Lan Lan"
1252428,74196,"Terence Yin Chi-Wai",1,"Jeff"
1252428,3349217,"Wang Xingchen",2,"Ali"
1252428,5204324,"Wang Gang",3,"Da Jiao"
1252428,2984592,"Wang Zi Run",4,"Jia Peng"
1252428,2696467,"Xu Shaohang",5,"Gold Liang"
1252428,1395297,"Ken Lok Tat-Wah",6,"Taoist Zhang"
1252428,564834,"Paul Che Biu-Law",7,"Captain Sarai"
1252428,128027,"Jiu Kong",8,"Circus Boss"
1233776,1356785,"Whitney Rose Pynn",0,"Wynne"
1233776,4501930,"Justin Malik Jackson",1,"Chris"
1233776,3675401,"Jared Noble",2,""
1233776,4502766,"Isaac Versaw",3,""
1233776,2135875,"Katherine Barber",4,""
1233776,56890,"Malcolm McDowell",5,""
1125311,206425,"DeWanda Wise",0,"Jessica"
1125311,1819796,"Taegen Burns",1,"Taylor"
1125311,2984010,"Pyper Braun",2,"Alice"
1125311,52462,"Betty Buckley",3,"Gloria"
1125311,30319,"Tom Payne",4,"Max"
1125311,1029593,"Veronica Falcón",5,"Dr. Alana Soto"
1125311,2463872,"Samuel Salary",6,"Ben"
1125311,2394083,"Matthew Sato",7,"Liam"
1125311,965980,"Alix Angelis",8,"Samantha"
1125311,550117,"Wanetah Walmsley",9,"Barbara"
1125311,4628204,"Rhythm Hurd",10,"Young Jessica"
1125311,2242327,"Shawn Sanz",11,"Officer"
1125311,2941955,"Noah Martinez",12,"Luis"
1125311,3697476,"Lilly Sunshine",13,"Ghost Child"
1125311,2270488,"Cecilia Leal",14,"Mom in Hotel"
1229262,990369,"Andrew Rannells",0,"Cole"
1229262,208519,"Nick Kroll",1,"Dom"
1229262,937913,"Morgan Spector",2,"Massimo"
1229262,132849,"Nunzia Schiano",3,"Zia Luciana"
1229262,3764591,"Eleonora Romandini",4,"Francesca"
1229262,71070,"Amanda Seyfried",5,"Candice"
1229262,3148375,"Jessamine Burgum",6,"Beatrice's Mother"
1229262,5539856,"Dell'olmo Saporetti Giulio",7,"Beatrice"
1229262,1195322,"Paolo Romano",8,"Daniele"
1229262,27322,"Cecilia Dazzi",9,"Ilaria"
1229262,5539859,"Leonardo Verni",10,"Jacopo"
1229262,2120899,"Valerio Da Silva",11,"Pagliaccio Waiter"
1229262,3247329,"Giuseppe Attanasio",12,"Rimaldo"
1229262,1918080,"Arcangelo Iannace",13,"Farmer"
1229262,1073849,"Vincenzo Gallo",14,"Gianni"
1187619,42803,"Ajay Devgn",0,"Kabir Rishi"
1187619,85519,"R. Madhavan",1,"Vanraj Kashyap"
1187619,2106881,"Janki Bodiwala",2,"Jahnvi Rishi"
1187619,147324,"Jyothika",3,"Jyoti Rishi"
1187619,4306162,"Anngad Raaj",4,"Dhruv Rishi"
931944,1325205,"Anja Plaschg",0,"Agnes"
931944,40525,"Maria Hofstätter",1,"Mother-in-law Gänglin"
931944,3120551,"David Scheid",2,"Wolf"
931944,40523,"Natalija Baranova",3,"Ewa Schikin"
931944,2897770,"Lukas Walcher",4,"Lukas"
931944,4561483,"Agnes Lampl",5,""
931944,4561484,"Camilla Schilien",6,""
931944,2102345,"Lorenz Tröbinger",7,""
931944,4561486,"Reinhold Felsinger",8,""
931944,4561487,"Elias Schützenhofer",9,"Michael"
931944,4561506,"Elmar Kurz",10,"Deathsman"
931944,3024505,"Tim Valerian Alberti",11,"Spectator"
931944,4561479,"Elisabeth Gobbers",12,"Spectator"
931944,4561555,"Annemarie Schwarzenberger",13,""
931944,4561557,"Franziska Holzer",14,""
1229915,1246618,"Sterling Macer Jr.",0,"Josh"
1229915,84312,"John Fleck",1,"Trent"
1229915,95525,"Tomas Boykin",2,"Jasper"
1229915,4578721,"Micki Jackson",3,"Ann"
1229915,941433,"Susan Priver",4,"Bess"
1229915,101274,"Sean Heyman",5,"Brooks"
1229915,77371,"Nick Heyman",6,"Renée"
1229915,1354874,"Micah Fitzgerald",7,"Knut"
1229915,3739569,"Shelby Sulak",8,"Allison"
1229915,2810998,"Aaron Phifer",9,"Vincent"
1229915,5385000,"Keyon McConaghy",10,"Darrell"
1229915,2143439,"Joseph Lopez",11,"Splinter Man"
1229915,2351442,"Sharieff Walters",12,"Kirby"
1229915,4117215,"Jackie Green",13,"Hideki"
1229915,2254273,"Alyssa Brayboy",14,"Mayumi"
1221415,1517710,"Adriane McLean",0,"Roxy"
1221415,1285665,"Sarah French",1,"Sunshine"
1221415,2132398,"Gigi Gustin",2,"Raquel"
1221415,3964775,"Dazelle Yvette",3,"Mama Birdy"
1221415,1302537,"Adam Bucci",4,"Jordy"
1221415,1545371,"Mark Justice",5,"Ray"
1221415,100381,"Jed Rowen",6,"Daisy"
1221415,1299912,"Ben Kaplan",7,"Adam"
1221415,1776160,"Bishop Stevens",8,"Brutus"
1221415,4195068,"Alex Dundas",9,"Phoenix"
1221415,3093205,"Robert Felsted Jr.",10,"Charlie"
1221415,2991644,"Andreas Robens",11,"Zeus"
1221415,4445472,"Bianca Jade Montalvo",12,"June"
1216195,1026325,"Jaturong Mokjok",0,"Taew"
1216195,986046,"Jaroenporn Onlamai",1,"Pancake / Panda"
1216195,1146455,"Wiradit Srimalai",2,"Kouy"
1216195,3949610,"Pantipha Arunwattanachai",3,"Namphon"
1216195,3152753,"Kanticha Chumma",4,"Dokya"
1216195,4309726,"Archariya Sritha",5,"Undertaker"
1216195,4598577,"Jampar Saenprom",6,"Great-grandmother"
1216195,3615074,"Ronnakorn Songsaeng",7,"Grandma"
1216195,1568572,"Deejai Dididi",8,"Fah"
1216195,238453,"Thawat Pornrattanaprasert",9,"Thamanat"
1216195,2279100,"Ekawat Niratvorapanya",10,"Chada"
1216195,4739958,"Apisit Sangming",11,"Anutin"
1216195,4743443,"Chatsak Mahata",12,"Aeung"
1216195,1088150,"Chanudom Suksathit",13,"Khiad"
1216195,5546781,"Fa-al Yawor",14,"Huak"
1117321,1172833,"Brendan Rock",0,"Patrick"
1117321,1961706,"Jordan Cowan",1,"The Visitor"
1117321,79696,"Elena Carapetis",2,"Woman"
1117321,4202413,"Angela Korng",3,"Dead Woman"
1117321,4202414,"Finn Watson",4,"Caravan Park Kid #1"
1117321,4202415,"Luca Trimboli",5,"Caravan Park Kid #2"
1129598,11864,"Ryan Phillippe",0,"Andrew"
1129598,46593,"Emile Hirsch",1,"Grun"
1129598,8211,"Mena Suvari",2,"Sue"
1129598,2743359,"Dylan Flashner",3,"Tyler"
1129598,4006376,"Tristan Thompson",4,"Max"
1129598,3057041,"Michaela Sasner",5,"Chrissy"
1129598,1720565,"Jeremy Tardy",6,"Thabo"
1129598,1677334,"Mohamed Hakeemshady",7,"Scar"
1129598,4549356,"Alpha Miknas",8,"Fatigues"
1129598,4549357,"Godwin Asamoah Obeng",9,"Wanda"
1129598,1696262,"Theo Bongani Ndyalvane",10,"Ak"
1129598,1799058,"Matondo Kiantandu",11,"Airport Official"
1134866,655,"John Rhys-Davies",0,"Frederick Ladbroke"
1134866,1866472,"Michael Yare",1,"Lucien Abberton"
1134866,2493166,"Elena Delia",2,"Emma Wickes"
1134866,3901,"Richard Brake",3,"William Colcott"
1134866,1122014,"David Pearse",4,"Father Matthews"
1134866,523748,"Peter Coonan",5,"George Sheppard"
1134866,1182886,"Brian Fortune",6,"Govenor Owen Forsyth"
1134866,1814521,"Esther Woods",7,"Bound Woman"
1134866,4871493,"Sarah Noll",8,"Selina Colcott"
1134866,2824745,"Donal O'Shea",9,"Policeman"
1134866,1950458,"Matthew O'Brien",10,"Phillip"
1134866,2852168,"Graeme Coughlan",11,"Crimms"
1134866,1509638,"Zeb Moore",12,"Patrick"
1134866,2163653,"Adam Moylan",13,"Rufus"
1134866,2432507,"Tristan Heanue",14,"Jonathan Chapman"
1116984,2983806,"Simone Collins",0,"Anna"
1116984,2266756,"Charlie Maher",1,"Aleks"
1116984,174748,"Catherine Siggins",2,"Agnes"
1116984,1649097,"Nigel O'Neill",3,"Breezeblock Concannon"
1116984,933272,"Olwen Fouéré",4,"Rita Concannon"
1116984,3217016,"Barry McKiernan",5,"Ron Stowman"
1116984,1197945,"David McDermott",6,"The Wheelchair Man"
1116984,17203,"Gary Whelan",7,"The Old King"
1116984,4933482,"Barry Gleeson",8,"The Old Singer"
1116984,4933483,"Sean Fitzgerald",9,"The Pub Singer"
1116984,4933485,"Roisin Barret",10,"The Old Singer's Daughter"
1116984,3143784,"Benedict Stewardson",11,"Aleksagnes / Emaciated Aleks"
1116984,4933486,"Katie Ryan",12,"Librarian"
1116984,1078696,"Vinny Murphy",13,"The Cautious Man"
1116984,4933488,"John Murry",14,"The Prisoner"
938614,83854,"David Dastmalchian",0,"Jack Delroy"
938614,187400,"Laura Gordon",1,"June Ross-Mitchell"
938614,62486,"Ian Bliss",2,"Carmichael Haig"
938614,230609,"Fayssal Bazzi",3,"Christou"
938614,2554414,"Ingrid Torelli",4,"Lilly D'Abo"
938614,3964519,"Rhys Auteri",5,"Gus McConnell"
938614,127734,"Georgina Haig",6,"Madeleine Piper"
938614,1228907,"Josh Quong Tart",7,"Leo Fiske"
938614,187494,"Steve Mouzakis",8,"Szandor D'Abo"
938614,1535052,"Paula Arundell",9,"Diane"
938614,1538823,"Tamala Shelton",10,"Carol"
938614,75175,"Christopher Kirby",11,"Phil"
938614,1874115,"Gaby Seow",12,"Sammy"
938614,1189135,"Elise Jansen",13,"Cavewoman"
938614,1546131,"John O'May",14,"Walker Bedford"
1041613,115440,"Sydney Sweeney",0,"Sister Cecilia"
1041613,1340020,"Álvaro Morte",1,"Father Sal Tedeschi"
1041613,1355967,"Simona Tabasco",2,"Sister Mary"
1041613,1822392,"Benedetta Porcaroli",3,"Sister Gwen"
1041613,128227,"Giorgio Colangeli",4,"Cardinal Franco Merola"
1041613,1510167,"Dora Romano",5,"Mother Superior"
1041613,4606018,"Giulia Heathfield Di Renzi",6,"Sister Isabelle"
1041613,128225,"Giampiero Judica",7,"Doctor Gallo"
1041613,2406108,"Betti Pedrazzi",8,"Sister Francesca"
1041613,1899664,"Giuseppe Lo Piccolo",9,"Deacon Enzo"
1041613,3494112,"Cristina Chinaglia",10,"Sister Friede"
1041613,81510,"Niccolò Senni",11,"Customs Official"
1041613,4660204,"Isabel Desantis",12,"Young Cecilia"
1041613,2200343,"Viviane Florentine Nicolai",13,"Sister Sally"
1041613,3841097,"Marisa Regina",14,"Sister Joan"
1202863,4528457,"Rakel Benér",0,"Angelica"
1202863,1960503,"Oscar Skagerberg",1,"Viktor"
1202863,2176264,"Peter Mörlin",2,"Johan"
1202863,111363,"Thomas Hedengran",3,"Stefan"
1202863,3388717,"Amanda Kilpeläinen Arvidsson",4,"Maria"
1202863,1611278,"Lennart B. Sandelin",5,"Bengt"
1202863,4528458,"Lars Adsten",6,"Theo"
804616,1729468,"Hiftu Quasem",0,"Meg"
804616,2529009,"Natalie Mitson",1,"Kayla"
804616,2063213,"Lauren Lyle",2,"Lizzie"
804616,4380806,"Nicole Rieko Setsuko",3,"Cam"
804616,4380807,"Ellouise Shakespeare-Hart",4,"Ruth"
804616,3718470,"Gabriel Prevost",5,"Dominic"
804616,2126645,"Chloe Marshall",6,"Teenage Girl"
804616,4944499,"Tashani Bent",7,"Teenage Girl"
804616,4944501,"Laura Costa",8,"Teenage Girl"
804616,1673994,"India Jean-Jacques",9,"Teenage Girl"
804616,2708923,"Grace Franzl",10,"Teenage Girl"
804616,4944505,"Bryony Hamerton",11,"Voice of App"
1079485,1482026,"Scott Chambers",0,"Christopher Robin"
1079485,1325532,"Ryan Oliva",1,"Winnie the Pooh"
1079485,93492,"Tallulah Evans",2,"Lexy"
1079485,4429409,"Lewis Santer",3,"Tigger"
1079485,1508760,"Marcus Massey",4,"Owl"
1079485,4429408,"Eddy MacKenzie",5,"Piglet"
1079485,4041888,"Peter DeSouza-Feighoney",6,"Young Winnie-the-Pooh / Billy Robin"
1079485,4001,"Simon Callow",7,"Cavendish"
1079485,13362,"Alec Newman",8,"Alan Robin"
1079485,4588076,"Thea Evans",9,"Nicole ""Bunny"" Robin"
1079485,216988,"Nicola Wright",10,"Daphne Robin"
1079485,1466858,"Teresa Banham",11,"Mary Darling"
1079485,4291132,"Flynn Gray",12,"Freddie"
1079485,4429415,"Tade Adebajo",13,"Ava"
1079485,4388987,"Nichaela Farrell",14,"Cara"
1442776,1143687,"Sammy Sum Chun-Hin",0,"Hu Tianming"
1442776,4655305,"Cao Yixue",1,"Zhao Xiaoye"
1442776,1176155,"Ricky Chan Po-Yuen",2,"Hu Tianzhao"
1442776,4151775,"Yang Yuxi",3,"Hua Hua"
1442776,5667772,"Ye Qian",4,"Wan Fang"
1442776,3394477,"Zhou Yupeng",5,"Xiao Guang"
1442776,4655308,"Tao Jingyi",6,"Tang Xiaomei"
1442776,5667792,"Fu Yunnuo",7,"Pan Pan"
1265647,147,"Michael Madsen",0,"Doctor Frankenstein"
1265647,97698,"Michelle Bauer",1,"Browning"
1265647,3637317,"Ethan Daniel Corbett",2,"Dracula"
1265647,3862404,"Emma Reinagel",3,"Elisabeta"
1265647,4003701,"Gabriel Pranter",4,"Hawley Griffin"
1265647,3666204,"Maddie Lane",5,"Vivian"
1265647,3697390,"Adam Slemon",6,"Ramis"
1265647,5280548,"Erik Celso Mann",7,"Boris"
1265647,4641481,"Ian Hummel",8,"Charles Conliff / Werewolf"
1265647,4716432,"Anna DeRusso",9,"Pia"
1265647,4479427,"Bix Krieger",10,"Mila Severine"
1265647,5280549,"Eve Vice",11,"Vampire Victim"
1265647,3306792,"Jeff Mandel",12,"Pub Patron"
1265647,5280550,"Nicholas Soden",13,"Pub Patron"
1255208,1387577,"John Wells",0,"Harold"
1255208,4300965,"Madison Pullins",1,"Peggy"
1255208,4198153,"Patrick Taft",2,"Matt"
1255208,2310325,"Brandi Botkin",3,"Claire"
1255208,2534103,"Terry Tocantins",4,"Al"
1255208,2863565,"Aja Nicole",5,"Gwen"
1255208,4138316,"Kayla Theis",6,"Lilly"
1255208,3060139,"Judy McQueen Bauer",7,"Bar Patron"
1255208,6436259,"Agung Bagus",8,"Rodriguez"
1255208,6443152,"Maria Marmo",9,"Akira"
1169340,1254557,"Kim Yoon-hye",0,"Si-yeong"
1169340,3999269,"Song Yi-jae",1,"Chae-yoon"
1169340,3038411,"Park Ji-hoon",2,"Hwi-wook"
1169340,1978514,"Lee Sang-ah",3,"Mrs. Yoo"
1169340,6292260,"Kim Bit-na-rae",4,"Gyu-ri"
1169340,4834062,"Yoon Ha-young",5,"Yeon-woo"
1169340,3968930,"Ko Na-young",6,"Yeon-woo's Mother"
1139036,932422,"Suziey Block",0,"Gal Roberts"
1139036,2872064,"Marco Antonio Parra",1,"Oscar Mendoza"
1139036,3009716,"Eric Mencis",2,"Gary Hinge"
1139036,3009715,"Tonya Williams Ogden",3,"Beverly Hinge"
1139036,3082248,"David Morales",4,"William 'Bill' Salerno"
1139036,2763333,"Brooke Bradshaw",5,"Ameliana Brasher"
1139036,4081388,"Laurie Felix Bass",6,"Dolly Broadbent"
1139036,4642011,"Brian Reyes",7,"Manny Martinez"
1139036,4642013,"Dakota Hansen",8,"Jonathon Monast"
1136721,4099210,"Warren McCook",0,"Gordy"
1136721,1426955,"Emily Lamey",1,"Clare"
1136721,4346997,"Rían Early",2,"Jimmy"
1136721,4099211,"Sophie Hill",3,"Eleanor"
1136721,3112699,"Colette Lennon Dougal",4,"Mallon"
1136721,1568508,"Charlie Bonner",5,"Eugene"
1136721,1088195,"Gerard Jordan",6,"Tommy"
1136721,1665358,"Richard Croxford",7,"Lavery"
437342,1472584,"Nell Tiger Free",0,"Margaret"
437342,202032,"Ralph Ineson",1,"Father Brennan"
437342,27396,"Sonia Braga",2,"Sister Silva"
437342,1260004,"Tawfeek Barhom",3,"Father Gabriel"
437342,2264673,"María Caballero",4,"Luz"
437342,4391,"Charles Dance",5,"Father Harris"
437342,2440,"Bill Nighy",6,"Cardinal Lawrence"
437342,4481145,"Nicole Sorace",7,"Carlita"
437342,2733504,"Ishtar Currie Wilson",8,"Sister Anjelica"
437342,1790754,"Andrea Arcangeli",9,"Paolo"
437342,3177854,"Guido Quaglione",10,"Alfonzo"
437342,1510167,"Dora Romano",11,"Sister Romano"
437342,1871397,"Michelangelo Dalisi",12,"Luca"
437342,24624,"Anton Alexander",13,"Father Spiletto"
437342,2907095,"Mia McGovern Zaini",14,"Beatrice"
1148046,963552,"Grazi Massafera",0,"Eva"
1148046,132224,"Reynaldo Gianecchini",1,"Vicente"
1148046,4066377,"Luiza Antunes",2,"Sara"
1148046,4148627,"Juliana Bim",3,"Angela"
1148046,59202,"Guenia Lemos",4,"Solange"
1148046,2195037,"Maureen Miranda",5,"Marcia"
1148046,2325420,"Ranieri Gonzalez",6,"Carlos"
1148046,5389792,"Yasmin Rossi",7,"Clarinha"
1148046,4581840,"Murilo Gricolo",8,"Caio"
1148046,2588596,"Pablito Kucarz",9,"Marido Marcia"
1148046,1591986,"Carolina Fauquemont",10,"Mãe 1"
1148046,2267517,"Brian Townes",11,"Técnico"
1148046,5389797,"Karla Fragoso",12,"Psiquiatra"
1148046,5389798,"Fernando Tissot",13,"Ultrassom"
1148046,4811040,"Marcel Malê Szymanski",14,"Pediatra"
1252552,21318,"Scout Taylor-Compton",0,"Annie"
1252552,231547,"Chris Zylka",1,"Thomas"
1252552,3722066,"CoryAnne Roberts",2,"Zoe"
1252552,1937589,"Kyra Santoro",3,"Nadia"
1252552,1637559,"Hailee Keanna Lautenbach",4,"Trudy"
1252552,3469662,"Priscilla Huggins",5,"Carla"
1252552,4566442,"Natalie Nootenboom",6,"Sydney"
1252552,1386927,"Phillip Andre Botello",7,"Flip"
1252552,84841,"Randy Wayne",8,"Steven James"
1252552,1384708,"Lexi Atkins",9,"Bella Baylor"
1252552,57136,"Ryan Merriman",10,"Neighbor"
1252552,3123227,"Triana Browne",11,"Swimwear Rep"
1252552,4653966,"Bree McHughes",12,"Teen #1"
1252552,4653961,"Tara McHughes",13,"Teen's Mom"
1252552,4702943,"Nicole Hyde",14,"Teen #2"
1272890,3054663,"Amanda Fix",0,"Amy"
1272890,140182,"Matthew MacCaull",1,"Keith"
1272890,2051988,"Brenna Llewellyn",2,"Savannah"
1272890,199486,"Elyse Levesque",3,"Kathleen"
1272890,2426322,"Josh Zaharia",4,"Jeffrey"
1272890,1178558,"Cassandra Sawtell",5,"Juli Ann"
1272890,144852,"Richard Harmon",6,"Vern"
1272890,27111,"Kevin McNulty",7,"Neville"
1272890,1756897,"Ben Sullivan",8,"Billy"
1272890,1077775,"Alexander Calvert",9,"Deputy White"
1272890,1376355,"Dayleigh Nelson",10,"Big Mac"
1272890,1491704,"Todd Masters",11,"Melior"
1152368,4036677,"Angelina Pakhomova",0,"Stacey"
1152368,4163664,"Viktor Mikhailov",1,"Andy"
1152368,1435418,"Polina Davydova",2,"Olivia"
1152368,2178470,"Anton Rival",3,"Michael"
1152368,3808831,"Paulina Vrublevska",4,"Kate"
1152368,2283993,"Pierre Bourel",5,"Nick"
1152368,2065372,"Nino Ninidze",6,"Gin"
1152368,2039476,"Arthur Beschastny",7,"Javier"
1152368,4163665,"Ksenia Pikalova",8,"Elishwa"
1152368,4752110,"Vasiliy Evseev",9,"Sukkub"
1119527,1989133,"Faradina Mufti",0,"Sita"
1119527,121996,"Reza Rahadian",1,"Adil"
1119527,2187126,"Widuri Puteri",2,"Little Sita"
1119527,2135392,"Muzakki Ramdhan",3,"Little Adil"
1119527,935314,"Slamet Rahardjo",4,"Wahyu Sutama / Ilham Sutisna"
1119527,1470028,"Niniek L. Karim",5,"Juwita Larasati"
1119527,142016,"Christine Hakim",6,"Nani Ismaya"
1119527,1381949,"Arswendy Bening Swara",7,"Pandi Hakim"
1119527,3162458,"Runny Rudiyanti",8,"Lani"
1119527,1571463,"Egi Fedly",9,"Husein"
1119527,121799,"Fachry Albar",10,"Sanjaya Arif"
1119527,1158144,"Happy Salma",11,"Mutia Kirana"
1119527,1109060,"Jajang C. Noer",12,"Ningsih Chadijah"
1119527,1454161,"Putri Ayudya",13,"Umaya Rahma"
1119527,1336367,"Nai Djenar Maesa Ayu",14,"Inayah Putri"
1152619,85977,"Clive Standen",0,"Pete"
1152619,5586,"Yeardley Smith",1,"Dr. Young"
1152619,3890363,"Mason Wells",2,"Tyler"
1152619,33294,"K.C. Clyde",3,"Father Mann"
1152619,3508619,"Reynada Robinson",4,"Yvonne"
1152619,2796100,"Dustin Wilson",5,"Steve"
1152619,3054851,"Nancy Harding",6,"Betty"
1152619,3053802,"Hannah Reese",7,"Amy"
1152619,552966,"Jonathan Rosenthal",8,"Father Williams"
1087388,2431565,"Alyla Browne",0,"Charlotte"
1087388,1213279,"Ryan Corr",1,"Ethan"
1087388,1146114,"Penelope Mitchell",2,"Heather"
1087388,61114,"Kate Walsh",3,"Sandy"
1087388,75893,"Robyn Nevin",4,"Gunter"
1087388,37287,"Noni Hazlehurst",5,"Helga"
1087388,3347562,"Danny Kim",6,"Erik"
1087388,141492,"Silvia Colloca",7,"Maria"
1087388,1488960,"Jermaine Fowler",8,"Frank"
1087388,4538396,"Tony J. Black",9,"Officer Miller"
1087388,6009048,"Alice Piccinelli",10,""
1087388,4504631,"Alcira Carpio",11,"News Anchor"
1087388,1445417,"Lee Perry",12,"Documentary Narrator"
1087388,4717511,"Jett Berry",13,"Baby Liam"
1087388,4717512,"Kade Berry",14,"Baby Liam"
1051896,2963,"Nicolas Cage",0,"Paul"
1051896,1274508,"Jaeden Martell",1,"Joseph"
1051896,1810651,"Maxwell Jenkins",2,"Thomas"
1051896,2270402,"Sadie Soverall",3,"Charlotte"
1051896,1321622,"Samantha Coughlan",4,"Mrs. Rose"
1051896,1542962,"Joel Gillman",5,"Hobson"
1051896,1010264,"Joe Dixon",6,"Mr. Rose"
1051896,4441379,"Daire McMahon",7,"Militant Farmer (uncredited)"
1111873,1373659,"Melissa Barrera",0,"Joey"
1111873,221018,"Dan Stevens",1,"Frank"
1111873,2442117,"Alisha Weir",2,"Abigail"
1111873,1962720,"William Catlett",3,"Rickles"
1111873,221192,"Kathryn Newton",4,"Sammy"
1111873,79072,"Kevin Durand",5,"Peter"
1111873,2352372,"Angus Cloud",6,"Dean"
1111873,4808,"Giancarlo Esposito",7,"Lambert"
1111873,1247,"Matthew Goode",8,"Father"
1084863,19163,"Virginie Ledoyen",0,"Élisabeth Guardiano"
1084863,1171437,"Paul Hamy",1,"Franck De Rolan"
1084863,19161,"Sandrine Bonnaire",2,"Docteur Carole Marbas"
1084863,72428,"Malik Zidi",3,"Fabrice Gonnet"
1084863,81053,"Emmanuel Lanzi",4,"Le motard"
1084863,1752017,"Christophe Favre",5,"Henri Maublanc"
1084863,2226286,"Jérémy Margallé",6,"M. Vasseur"
1084863,52346,"Francis Renaud",7,"Brigadier-Chef Marcelin"
1084863,1273918,"Elisabeth Duda",8,"Pascale Minot"
1084863,2104521,"Lya Oussadit-Lessert",9,"Jeanne Maublanc"
1084863,139173,"Chloé Coulloud",10,"Valentine Schwarz"
1084863,2351836,"Wendy Grenier",11,"Nina"
1084863,1350350,"Emmanuel Bonami",12,"Arnaud"
1084863,999803,"Antoine Levannier",13,"Benjamin Cortes"
1084863,2138332,"Oliver Bodart",14,"Raphaël Pietranovsky"
949855,1188681,"Agnes Albright",0,"Brooke Konrad"
949855,1595506,"Jeremy Holm",1,"The Man Upstairs / Lukas Konrad"
949855,1885371,"Maisie Merlock",2,"Young Brooke"
949855,3270636,"Caito Aase",3,"CJ Mueller"
949855,1870247,"Andrew Bailes",4,"Tanner Behlman"
949855,2786862,"Jessica Ambuehl",5,"Leigh Konrad"
949855,3326340,"Cate Rio",6,"Phoebe Konrad"
949855,4418518,"Leslie Lux",7,"The Woman In White"
949855,1506836,"Shannon McInnis",8,"Woman At Funeral"
1159477,3713,"Frances Fisher",0,"Faye"
1159477,59671,"Clayne Crawford",1,"Bobby"
1159477,1102260,"Lara Jean Chorostecki",2,"Grace"
1159477,144081,"Aden Young",3,"Beau"
1159477,2556026,"Alix West Lefler",4,"Isla"
1159477,154647,"Michael Greyeyes",5,"Marlon"
1159477,153516,"Ryan McDonald",6,"Dillon"
1159477,162747,"Kathryn Greenwood",7,"Charlotte"
1159477,1362996,"Emily Piggford",8,"Emily"
1159477,3796440,"Cameron Nicoll",9,"Junior"
1159477,1670063,"Amelia Manuel",10,"Melissa"
1159477,3085129,"Ben Stranahan",11,"Frank"
1159477,4702840,"Kevin Cromwell",12,"Phillip"
1159477,3289295,"Rachel Selby",13,"Nancy"
1159477,4702843,"Erika Dietz",14,"Susan"
1140847,57395,"Natasha Henstridge",0,"Fairy Godmother"
1140847,3564432,"Lauren Staerck",1,"Cinderella"
1140847,2564032,"Stephanie Lodge",2,"Katherine"
1140847,3320201,"Beatrice Fletcher",3,"Josephine"
1140847,2021785,"Megan Purvis",4,"Rachel"
1140847,2528635,"Darrell Griggs",5,"Prince Charming"
1140847,2821700,"Ricardo Freitas",6,"Hogan Savage"
1140847,3553589,"Zach Devereux",7,"Bennett"
1140847,2305401,"Mike Kelson",8,"Arthur"
1140847,5525268,"Raj Singh",9,"Prince’s Footman"
1140847,3122189,"Richard Lovell",10,"Katherine’s Footman"
1140847,2938344,"Michael Hoad",11,"Roberts"
1140847,1621924,"William Marshall",12,"Tom Ford"
1140847,4107680,"Mark Collier",13,"Vidal Sassoon"
1140847,5525277,"Craig Edgley",14,"Christian Louboutin"
1058710,6905,"Bruce Dern",0,"Dr. Lucien"
1058710,8169,"Tyrese Gibson",1,"Detective Cyphers"
1058710,2138,"Shawnee Smith",2,"Moira Cole"
1058710,343,"Taryn Manning",3,"Sam Marrin"
1058710,1090686,"Drew Moerlein",4,"Michael Cole"
1058710,1287586,"James Gaudioso",5,"Connor Cole"
1058710,154579,"Sal Rendino",6,"Dillon Cole"
1058710,1179646,"Kresh Novakovic",7,"Detective Fink"
1058710,2444499,"Montanna Gillis",8,"Lisa"
1058710,992240,"Anthony Gaudioso",9,"Trusten James"
1058710,1517536,"Jaime Zevallos",10,"Newscaster"
1058710,2023516,"Adam Shippey",11,"Skulleton"
1058710,3458159,"Alexander James Rodriguez",12,"John"
1058710,1681846,"Amy Greene",13,"Anne"
1058710,1856597,"Chelsea Vale",14,"Roberta"
974558,1350757,"Jonah Ray Rodrigues",0,"William Brown"
974558,23916,"Randee Heller",1,"Eleanor"
974558,1163622,"Pete Ploszek",2,"Alec"
974558,1701444,"DeMorge Brown",3,"Phillip / Pig Man"
974558,4479884,"Kosher the Pig",4,"Daryl"
974558,1406450,"Jon Daly",5,"""Swig"" Anderson"
974558,539,"Thomas Lennon",6,"Scotty"
974558,1799783,"Ryan Kattner",7,"Caleb Bang Jansen"
974558,1840346,"Christian Calloway",8,"Auggie"
974558,18355,"Alex Winter",9,"Vlad / Public Defender"
974558,1939762,"Madara Jayasena",10,"Officer Ponds"
974558,220056,"Franco Vega",11,"Officer McCormick"
974558,945041,"Chase Kim",12,"Firefighter"
974558,466505,"Kumail Nanjiani",13,"Smelting Refinery Guard"
974558,181234,"Phil Hendrie",14,"Police Captain Entenille"
914215,449,"Jay Baruchel",0,"Jared York"
914215,4570,"Emily Hampshire",1,"Rachel York"
914215,2181157,"Sebastian Chacon",2,"Noah York"
914215,1689143,"Alanna Bale",3,"Ashley York"
914215,1833002,"Sirena Gulamgaus",4,"Mia York"
914215,115986,"Uni Park",5,"Dawn Kim"
914215,5921,"Martin Roach",6,"Tony"
914215,2780098,"Blessing Adedijo",7,"Grace"
914215,15029,"Enrico Colantoni",8,"Bob"
914215,8212,"Peter Gallagher",9,"Charles York"
914215,207713,"Lisa Berry",10,"Newscaster (voice)"
914215,10132,"Colm Feore",11,"Secretary-General of the U.N. (voice)"
914215,4120741,"Eadie Murphy",12,"Young Girl"
914215,3736520,"Natalia Gracious",13,"Heartbroken Woman"
914215,2017836,"Franckie Francois",14,"Malik"
1381216,1628383,"Derek Russo",0,"Bubba Coggins"
1381216,3560347,"Jeff Benninghofen",1,"Angus Sullivan"
1381216,2252730,"Michael Houston King",2,"Mayor Sam Neuhauser"
1381216,2187456,"Essex O'Brien",3,"Jim Fisher"
1381216,3383606,"Sarah Voigt",4,"Lainy"
1381216,8540,"Danny Nucci",5,"Luiz Acosta"
1257388,2263768,"Maylada Susri",0,"Anong"
1257388,2517750,"Sutthirak Subvijitra",1,"Joe"
1257388,83165,"Chaleumpol Tikumpornteerawong",2,"Thong Gon"
1257388,4670939,"Tatchaya Supatanyasatit",3,"Thong Yib"
1257388,1580996,"Timethai",4,"Kong"
1257388,3606442,"Punyawee Jungcharoen",5,"Soda"
1257388,4354791,"Narttida Pitakwararat",6,"Review"
1257388,3557517,"Arunphong Naraphan",7,"Owen"
1257388,4696406,"Kittiphong Boonprakhom",8,"Yaem Som"
1257388,3432564,"Puang Kaewprasert",9,"Uncle Pom"
1257388,1284545,"Adisorn Trisirikasem",10,"Mha"
1257388,1285646,"Torphong Kul-on",11,"Mha's Underling 1"
1257388,1176816,"Thammarat Sumetsupachok",12,"Mha's Underling 2"
1257388,1135333,"Jarupus Pattamasiri",13,"Joe's Mother"
1257388,4991857,"Trin Ruangkitrattanakul",14,"Top"
1249013,2692934,"Lucía Gómez-Robledo",0,"Josefina"
1249013,1044127,"Alejandro Cuétara",1,"Curo Francisco"
1249013,1044027,"Julieta Egurrola",2,"Rosa"
1249013,532227,"Arturo Ripstein",3,"Don Francisco (Patriarca)"
1249013,1301500,"Lucía Uribe",4,"Mariana"
1249013,4552835,"Alonso Navarro",5,"Tomás"
1249013,2027813,"Carolina Torres",6,"María"
1249013,1383099,"Juan Ríos",7,""
719221,2480853,"Harriet Slater",0,"Haley"
719221,1849954,"Wolfgang Novogratz",1,"Lucas"
719221,2120814,"Adain Bradley",2,"Grant"
719221,2749024,"Avantika",3,"Paige"
719221,1649152,"Jacob Batalon",4,"Paxton"
719221,1847915,"Humberly González",5,"Madeline"
719221,2388831,"Larsen Thompson",6,"Elise"
719221,933272,"Olwen Fouéré",7,"Alma Astryn"
719221,1541593,"Sunčica Milanović",8,"Astrologer"
719221,121204,"Alan Wells",9,"Hanson"
719221,2719906,"Joss Carter",10,"The Devil"
719221,2215526,"James Swanton",11,"The Hermit / The Magician"
719221,3382280,"Staša Nikolić",12,"The Countess"
719221,2093324,"Anna Halberg",13,"Wells"
719221,1278483,"Cavin Cornwall",14,"Death"
858017,1029934,"Justice Smith",0,"Owen"
858017,1637781,"Jack Haven",1,"Maddy"
858017,3399698,"Ian Foreman",2,"Young Owen"
858017,1932292,"Helena Howard",3,"Isabel"
858017,3300125,"Lindsey Jordan",4,"Tara"
858017,1853909,"Danielle Deadwyler",5,"Brenda"
858017,29783,"Fred Durst",6,"Frank"
858017,2064073,"Conner O'Malley",7,"Dave"
858017,1921416,"Emma Portner",8,"Amanda / Mr. Melancholy / Marco / Evil Clown"
858017,4495033,"Madaline Riley",9,"Polo"
858017,35468,"Amber Benson",10,"Johnny Link's Mom"
858017,1748300,"Albert Birney",11,"Mr. Sprinkly"
858017,11520,"Michael C. Maronna",12,"Neighbor 1"
858017,277101,"Danny Tamberelli",13,"Neighbor 2"
858017,4495034,"Timothy Allan",14,"Lance"
1165466,1474032,"Turlough Convery",0,"Kevin"
1165466,2219112,"Benny O. Arthur",1,"Ethan"
1165466,4259994,"Jacqueline Moré",2,"Yasmin"
1165466,4219819,"Thomas Gould",3,"Karim"
1165466,4312759,"Alessia Yoko Fontana",4,"Grace"
1165466,3921565,"Kyle Scudder",5,"Tyler"
1165466,3624892,"Charlotte Stoiber",6,"Emily"
1165466,1634019,"Aidan O'Hare",7,"Jack"
1165466,2014129,"Gary Anthony Stennette",8,"Coordinator"
1165466,144957,"Daniel Lundh",9,"Police Officer"
1264966,1990654,"Monte Bezell",0,"Andres"
1264966,4713186,"Michael Doyle",1,"Brandon"
1264966,2659174,"Lorianna Izrailova",2,"Mary"
1264966,2250105,"Karyna Kudzina",3,"Nina (as Karina Bezell)"
1264966,1358980,"Chris LaPanta",4,"Luther"
1264966,4640308,"Rebecca Packer",5,"Anna"
1264966,3111016,"Tim Shelburne",6,"Justin"
1010600,1592855,"Madelaine Petsch",0,"Maya"
1010600,1798797,"Froy Gutierrez",1,"Ryan"
1010600,222122,"Gabriel Basso",2,"Gregory"
1010600,1921268,"Ema Horvath",3,"Shelly"
1010600,3250136,"Ella Bruccoleri",4,"Jasmine"
1010600,3901,"Richard Brake",5,"Sheriff Rotter"
1010600,4067297,"Brooke Lena Johnson",6,"911 Operator / Nurse Danica"
1010600,93307,"Rafaella Biscayn-Debest",7,"Eden"
1010600,3188261,"Pedro Leandro",8,"Deputy Walters"
1010600,4067293,"Florian Clare",9,"Chris Sampson"
1010600,529302,"Joplin Sibtain",10,"Billy Bufford"
1010600,1076119,"Rachel Shenton",11,"Debbie"
1010600,1622199,"George Young",12,"Howard"
1010600,1405269,"Janis Ahern",13,"Carol"
1010600,1228864,"Ryan Brown",14,"Jeff Morell"
1052886,2024921,"Diandra Agatha",0,"Mawar"
1052886,2273538,"Shenina Cinnamon",1,"Vey"
1052886,3178660,"Yesaya Abraham",2,"Alex"
1052886,1960981,"Sonia Alyssa",3,"Kartika"
1052886,2973081,"Jessica Shaina",4,"Dona"
1052886,3809347,"Ratu Rafa",5,"Melati"
1052886,3816691,"Sarah Felicia",6,"Miss Lin / Lina"
1052886,1203382,"Irgi Fahrezi",7,"Suryo"
1052886,2962918,"Melly Saripah",8,"Mpok Atik"
1052886,3051770,"Aqeela Dhiya",9,"Little Mawar"
1052886,4423528,"Noval TB",10,"Restu"
1052886,4704554,"Putri Aisyah Cindi Az-Zahra",11,"Little Melati"
1052886,4704563,"Rin Rin Rindiani",12,"Suryo's Wife"
607338,11109,"Nick Frost",0,"Bernie Christian"
607338,5588,"Alicia Silverstone",1,"Eva Christian"
607338,1106964,"Jan Bijvoet",2,"Piotr Christian"
607338,234235,"Gaite Jansen",3,"Sarah Christian"
607338,2820501,"Walt Klink",4,"Adam Christian"
607338,1667066,"Chris Peters",5,"Dmitri"
607338,3742877,"Matti Stooker",6,"Igor"
607338,16666,"Kevin Connolly",7,"Jesus"
607338,4703957,"John Jones",8,"Dr. White"
607338,46461,"Jacob Derwig",9,"Officer Janssen"
607338,150640,"Victoria Koblenko",10,"Nadia"
607338,4703959,"Greg Shapiro",11,"Officer Jack"
607338,1266931,"Lolu Ajayi",12,"Police Officer"
607338,4720968,"Jaap Hilhorst",13,"Police Officer"
607338,4720969,"Jules Seegers",14,"Police Officer"
1290409,1173055,"Cassiel Eatock-Winnik",0,"Cami George"
1290409,1042812,"Bjorn Steinbach",1,"Eugene"
1290409,204108,"Alex McGregor",2,"Tawny"
1290409,1696757,"Savana Tardieu",3,"Wyatt"
1290409,2635809,"Khosi Ngema",4,"Ali"
1290409,4714029,"N’kone Mametja",5,"Mia"
1290409,4126611,"Jessie Diepeveen",6,"Bree (as Jessie-Lee Diepeveen)"
1290409,4526306,"Brett Kruger",7,"Dan"
1290409,4201301,"Nahum Hughes",8,"Chris"
1290409,4201310,"Thinus Viljoen",9,"Toby"
1290409,2721701,"Jason K. Ralph",10,""
1290409,107525,"Colin Moss",11,"Brian George"
1290409,5766007,"Atara Leigh",12,"Riley"
1290409,4726420,"Ethan Saunders",13,"Rob"
1290409,3366764,"Adam Lennox",14,"Kevin"
1269021,205955,"Fivel Stewart",0,"Lake"
1269021,2951839,"Jake Holley",1,"Michael"
1269021,132218,"Sarab Kamoo",2,"Tabitha"
1269021,4669832,"Sadie Earegood",3,"Jodie"
1269021,2280030,"Susan Reno",4,"Corin"
1269021,4669834,"Cody Sheldon",5,"Lake's father"
1269021,4669836,"Lael Rim",6,"Young Lake"
1269021,4669837,"Elizabeth Lipko",7,"Lake's mother"
1264429,1443671,"Yasamin Jasem",0,"Dewi"
1264429,1927247,"Bryan Domani",1,"Sena"
1264429,1592070,"Karina Suwandi",2,"Dyah"
1264429,2138500,"Kiki Narendra",3,"Agung"
1264429,1109060,"Jajang C. Noer",4,"Gayatri"
1264429,1524281,"Mian Tiara",5,"Hesti"
1264429,1622890,"Banyu Bening",6,"Jaka"
1264429,3060088,"Nagra Pakusadewo",7,"Bara"
1264429,2110619,"Umay Shahab",8,"Heru"
1264429,2306126,"Reka Wijaya",9,"Darmaji"
1264429,4480976,"Vontian Suwandi",10,"Pembunuh"
1264429,2445267,"Bernadette Bonita",11,"Wanita Tua"
1264429,4742328,"Syska Bowie",12,"Herazh"
1264429,3612935,"Nafiza Fatia Rani",13,"Gayatri Kecil"
1264429,3087711,"Amanda Gondowijoyo",14,"Atik"
1257586,1411925,"LeJon Woods",0,""
1257586,1079780,"Daniel Martin Berkey",1,""
1257586,1719377,"Lindsey Dresbach",2,""
1257586,1453544,"Jefferson Cox",3,""
1257586,3107179,"Kaitlyn Lunardi",4,"Billy"
646683,934,"Russell Crowe",0,"Anthony Miller"
646683,35027,"Ryan Simpkins",1,"Lee Miller"
646683,65731,"Sam Worthington",2,"Joe"
646683,86800,"Chlöe Bailey",3,"Blake Holloway"
646683,6163,"Adam Goldberg",4,"Peter"
646683,17304,"Adrian Pasdar",5,"Tom"
646683,11076,"David Hyde Pierce",6,"Father Conor"
646683,1549537,"Tracey Bonner",7,"Regina"
646683,3070232,"Marcenae Lynette",8,"Monica"
646683,93151,"Joshua John Miller",9,"FX Guy"
646683,3077649,"Hallie Samuels",10,"Hayley / Makeup Person"
646683,20767,"Samantha Mathis",11,"Jennifer Simon"
646683,2119529,"Anna Maria Reyer",12,"Hair Stylist"
646683,2963805,"Jayden Fontaine",13,"Young Anthony"
646683,4676298,"Zach Padlo",14,"The Dark Figure"
1235926,2846747,"Almudena Amor",0,"Ana"
1235926,96688,"Javier Rey",1,"Agustín"
1235926,3224245,"Amanda Goldsmith",2,"Sara"
1235926,3097677,"Yaneli Hernández",3,"Manuela"
1235926,1639610,"Alicia Lobo",4,"Marta"
1235926,3108933,"Pino Montesdeoca",5,"Sofía"
1235926,4530451,"Vera Curbelo",6,"Clara"
1235926,4530452,"Leo Venosa",7,"Lucas"
1214509,435044,"Ry Barrett",0,"Johnny"
1214509,2853231,"Andrea Pavlovic",1,"Kris"
1214509,4486605,"Cameron Love",2,"Colt"
1214509,1529621,"Reece Presley",3,"The Ranger"
1214509,2967973,"Liam Leone",4,"Troy"
1214509,3703003,"Charlotte Creaghan",5,"Aurora"
1214509,4307110,"Lea Rose Sebastianis",6,"Brodie"
1214509,4486606,"Sam Roulston",7,"Ehren"
1214509,2545258,"Alexander Oliver",8,"Evan"
1214509,2531839,"Timothy Paul McCarthy",9,"Chuck"
1214509,4702673,"Tom Jacobs",10,"Johnny's Dad (voice)"
1214509,1820352,"Casey MacDonald",11,"Radio Newscaster (voice)"
1214509,1048670,"Lauren-Marie Taylor",12,"The Woman"
1214509,1433191,"Matthew Ninaber",13,"Johnny (uncredited)"
1214509,5988273,"Matt Daciw",14,"Johnny (uncredited)"
1130053,3323741,"Kelly Rian Sanson",0,"Cinderella"
1130053,3122182,"Chrissie Wunna",1,"Fairy Godmother"
1130053,3629485,"Natasha Tosini",2,"Evil Step Sister"
1130053,2698751,"Lauren Budd",3,"Evil Step Sister"
1130053,3254592,"Danielle Scott",4,"Stepmother"
1130053,2464714,"Sam Barrett",5,"Prince Levin"
1130053,4097903,"Charlotte Coleman",6,"The Queen"
1130053,4429403,"Peter Watson",7,"The King"
1130053,4260475,"Frederick Dallaway",8,"Moritz"
1130053,3587720,"Helen Fullerton",9,"Anja"
1130053,123426,"Ivan Wilkinson",10,"John Bradbury"
1130053,4303757,"Evyn George",11,"Terrorture"
1130053,3553540,"Jenny Miller",12,"Blair"
1130053,2469350,"Sarah T. Cohen",13,"Phil"
1130053,3351566,"Julia Quayle",14,"Pumpkin Head"
1086867,539,"Thomas Lennon",0,"Adan"
1086867,1040790,"Andreas Rylander",1,"Joseph"
1086867,4331274,"Felicia Rylander",2,"Cora"
1086867,1040791,"Patrick Saxe",3,""
1086867,4012891,"Alec Toselli",4,"James Winterland (voice)"
1086867,2076704,"Alex Fatehnia",5,"Rick"
1086867,4331278,"Caroline Mathiasen",6,""
1086867,3009707,"Sanne Broström",7,""
1086867,5127547,"Christian Bitar",8,"Baker"
1001311,82923,"Bérénice Bejo",0,"Sophia Assalas"
1001311,1003260,"Nassim Lyes",1,"Adil"
1001311,1717801,"Léa Léviant",2,"Mika"
1001311,2166824,"Sandra Parfait",3,"Caro"
1001311,1338488,"Aksel Üstün",4,"Nils"
1001311,4287,"Aurélia Petit",5,"Angèle"
1001311,2458747,"Marvin Dubart",6,"Markus"
1001311,1764370,"Daouda Keita",7,"Léopold"
1001311,3236054,"Ibrahima Ba",8,"Adama"
1001311,54168,"Anne Marivin",9,"Mayor of Paris"
1001311,1370577,"Stéphane Jacquot",10,"Poiccard"
1001311,1450075,"Jean-Marc Bellu",11,"Berruti"
1001311,2173699,"Nagisa Morimoto",12,"Ben"
1001311,1123785,"Yannick Choirat",13,"Chris Assalas"
1001311,3452589,"Iñaki Lartigue",14,"Juan"
1158416,3660876,"Mathias Legoût Hammond",0,"Philémon Feral"
1158416,59807,"Élodie Bouchez",1,"Laurence Feral"
1158416,1608090,"Jean-Charles Clichet",2,"Georges Feral"
1158416,2355138,"Céleste Brunnquell",3,"Camila Berthier"
1158416,4181544,"Laly Mercier",4,"Lucie Feral"
1158416,2447101,"Louis Peres",5,"Charles"
1158416,1974972,"Angèle Metzger",6,"Clémence"
1158416,2358822,"Bakary Diombera",7,"Simon"
1158416,7282,"Anne Benoît",8,"Helene Noisy"
1158416,1487312,"Valérie Lemaître",9,"Catherine Berthier"
1158416,1187448,"Bruno Georis",10,"Marc Berthier"
1158416,3265635,"Géraldine Pochon",11,"Mme Vinet"
1158416,3643561,"Mila Ruozo",12,"Fabienne"
1158416,2532985,"Véronique Frumy",13,"Mireille"
1086747,501,"Dakota Fanning",0,"Mina / Lucy"
1086747,1335315,"Georgina Campbell",1,"Ciara"
1086747,933272,"Olwen Fouéré",2,"Madeline"
1086747,2710312,"Oliver Finnegan",3,"Daniel"
1086747,231666,"Alistair Brammer",4,"John"
1086747,28743,"John Lynch",5,"Kilmartin"
1086747,19997,"Siobhan Hewlett",6,"Mina's Mother"
1086747,4753648,"Hannah Dargan",7,"Young Mina"
1086747,4753649,"Emily Dargan",8,"Young Lucy"
1086747,4272046,"Joel Figueroa",9,"Darwin (voice)"
1086747,4817253,"Thabile Michelle Hlongwane",10,"Newscaster"
1086747,1865000,"Anthony Morris",11,"Burke"
1086747,3291912,"Shane O'Regan",12,"Collin"
1086747,587778,"Jim Tighe",13,"Bus Driver"
1086747,4799823,"Zarima McDermott",14,"University Student"
1187058,3422048,"Abhay Verma",0,"Bittu"
1187058,2518564,"Sharvari",1,"Bela"
1187058,4795929,"Ayush Ulagadde",2,"Gotya ""Munjya"""
1187058,99711,"Mona Singh",3,"Pammi"
1187058,1093971,"Suhas Joshi",4,"Geeta ""Ajji"""
1187058,4733992,"Taran Singh",5,"""Spielberg"" Singh"
1187058,4532385,"Bhagyashree Limaye",6,"Rukku"
1187058,581895,"Sathyaraj",7,"Padre Elvis Karim Prabhakar"
1187058,3136024,"Ajay Purkar",8,"Balu Kaka"
1187058,2511528,"Khushi Hajare",9,"Gita"
1187058,4545041,"Richard John Lovatt",10,"Kuba"
1187058,1586796,"Shrikant Yadav",11,"Jaggu"
1187058,1255455,"Radhika Vidyasagar",12,"Savitri"
1187058,3012621,"Shruti Marathe",13,"Gotya’s Aai"
1187058,4907786,"Akshay Vengulikar",14,"Bittu’s Father"
1197830,592319,"Molly Kunz",0,"Lily Pierce"
1197830,1069833,"Michael X. Sommers",1,"Greg Pierce"
1197830,13023,"Colleen Camp",2,"Genevieve"
1197830,228618,"Stefanie Estes",3,"Silvia Pierce"
1197830,3375991,"Claire Saunders",4,"Willow"
1197830,1632411,"William Ford-Conway",5,"Liam"
1197830,4690422,"Evyn Flanders",6,"Lily (Young)"
1100856,2039476,"Arthur Beschastny",0,"Paul"
1100856,1305990,"Maryana Spivak",1,"Sofia"
1100856,2018540,"Sofya Shidlovskaya",2,"Yana"
1100856,1679513,"Igor Grabuzov",3,"Nick"
1100856,1611594,"Sergey Safronov",4,"Arthur"
1100856,3964479,"Valeria Kot",5,"Julie"
1100856,3242632,"Ilya Vinogorsky",6,"Ron"
1100856,3964480,"Kirill Rusin",7,"Kevin"
1100856,1008388,"Artyom Fadeev",8,"Young Paul"
1100856,2887355,"Marina Grishakova",9,"Young Sofia"
1100856,2428014,"Ravil Batyrov",10,"Young Nick"
1100856,2813968,"Ivan Rysin",11,"Young Arthur"
1100856,2468458,"Semyon Dorin",12,"Тommy"
1100856,1787256,"Kolya Neukoelln",13,"Yana's Mom"
1100856,2419245,"Kirill Yakushenko",14,"Mara"
1155095,1653751,"Sophia La Porta",0,"Claire"
1155095,2200203,"David Edward-Robertson",1,"Bill"
1155095,3157007,"Elizabeth Dormer-Phillips",2,"Eleanor"
1155095,3475255,"Mark Peachey",3,"Alex"
1155095,579300,"Vicki Hackett",4,"Liz"
1155095,1369,"Bernard Hill",5,"Thornley"
1155095,3568188,"Dexter Sol Ansell",6,"Danny"
1155095,4271302,"Margaret Brearey",7,"Tracey"
1155095,1473989,"Trevor Dwyer-Lynch",8,"Mr. Hobson"
1155095,1687447,"Velton Lishke",9,"Detective"
1155095,3457482,"Duggal Ram",10,"Ashad"
1155095,4271304,"Billie Suggett",11,"Young Claire"
1155095,2789596,"Mia Vore",12,"Becky"
1155095,4271307,"Jack Wagman",13,"Police Officer"
1155095,4271309,"Mark Williams",14,"The Prisoner"
1042657,1411561,"Sasha Luss",0,"Hana"
1042657,2384925,"Alexis Ren",1,"Jen"
1042657,2272457,"Ava Caryofyllis",2,"Young Girl (voice)"
1042657,190826,"Robert Coleby",3,"Landlord"
1042657,1906318,"Kelly B. Jones",4,"Officer #1"
1042657,3559473,"Willy Zogo",5,"Officer #2"
1042657,1194034,"Chloe Schwank",6,"Omnia"
1042657,4819806,"Edward Frame",7,"Alexey"
1042657,4820631,"Daria Skrygina",8,"The Presence"
1042657,4820632,"Harlee Timms",9,"Courier"
1042657,4820634,"Ilia Korablev",10,"Past Police #3"
1042657,4820639,"Sergei Voitov",11,"Hana's Father"
1042657,5280665,"Jereme Levi Etherton",12,"Officer #3"
1042657,4068457,"Margarita Bakhtina",13,"Young Girl"
1042657,5280667,"Ozkan Curaoglu",14,"Past Police #1"
1208704,4391350,"Riz Moritz",0,"Louise"
1208704,2206965,"Ellie Duckles",1,"Thea"
1208704,1929617,"Emma King",2,"Emma"
1208704,1657669,"Graham Butler",3,"Gray"
1208704,4391357,"Hattie Chapman",4,"Hattie"
1208704,4391361,"Luca Thompson",5,"Professor Ash Blake"
1208704,1311462,"Matt Barber",6,"Matt"
1208704,1306749,"Tori Butler-Hart",7,"Tori"
1215918,96625,"Minka Kelly",0,"Cass"
1215918,20212,"Dermot Mulroney",1,"Matthew"
1215918,11825,"Maggie Grace",2,"Rachel"
1215918,1203293,"Alan Calton",3,"John Collins"
1215918,1762173,"Natalie Simpson",4,"DC Lawson"
1215918,3063701,"Judah Cousin",5,"Andrew"
1215918,1211164,"Kris Johnson",6,"Alex Walters"
1215918,946558,"Edward Baker-Duly",7,"Dr. Deakins"
1215918,1544407,"Pandora Clifford",8,"Susie"
1215918,4718559,"Sally Blouet",9,"Jane"
1215918,2074563,"James Elmes",10,"Security Man"
1215918,5074607,"Nick Wyschna",11,"Police Officer #2"
1215918,5050473,"Polly Nayler",12,"A&E Doctor"
1215918,4718556,"Henry William Galpin",13,"Cafe Waiter"
1215918,1735655,"Mike Ray",14,"Teacher"
931940,1243099,"Grace Van Dien",0,"Ella"
931940,119248,"Daniel Sharman",1,"Eric O'Connors"
931940,1189954,"Keenan Arrison",2,"Solomon"
931940,5007707,"Tina Redman",3,"Spider"
931940,3780186,"Robyn Rossouw",4,"Gina"
931940,3780185,"Tafara Nyatsanza",5,""
931940,1658759,"Nicole Fortuin",6,"Angela"
931940,6574,"Clancy Brown",7,"The Chairman"
931940,1976098,"Ernest St.Clair",8,"Ebi"
931940,1318891,"Christian Bennett",9,""
931940,2757992,"Terri Lane",10,"Russ"
931940,3194597,"Caleb Payne",11,"Max"
931940,1288410,"Ryan Kruger",12,"Ryan"
931940,548491,"Dan Hirst",13,"Aethera Corp Perimeter Guard"
931940,3402394,"Hanni Heinrich",14,"Dr. Hanli"
1330167,4887160,"Dela Reilley",0,"Her"
1330167,1814258,"Ryan Giesen",1,"Michael Banks"
1330167,1017259,"Simon Phillips",2,"Brandon"
1330167,4529769,"Sienna Star",3,"Anna Nunez"
1330167,1939100,"Michael Swatton",4,"Robert Bradford"
1330167,1986132,"Blake Canning",5,"Adrian Watts"
1330167,2511041,"Anne-Carolyne Binette",6,"Justine Lawrence"
1330167,1919600,"Nick Biskupek",7,"Dale Marsh"
1330167,2805745,"Ken Bressers",8,"Admiral Bressers"
1330167,2681099,"Dan Molson",9,"Engine Man 2"
1330167,4887162,"Jim Doolan",10,"Admiral James"
1330167,4435713,"Mike Cortez",11,"Engine Man 1"
1330167,4887163,"Alvaro Fong",12,"Engine Man 3"
995803,147,"Michael Madsen",0,"Samson"
995803,21315,"Eric Roberts",1,"Admiral Jordan"
995803,65831,"Robert LaSardo",2,"Perez"
995803,1387577,"John Wells",3,"Luke Bender"
995803,1752944,"Kevin Hager",4,"Belladonna"
995803,3672754,"BJ Mezek",5,"Boggs"
995803,2398401,"Mercedes Peterson",6,"Domino"
995803,1414790,"Sheri Davis",7,"Holly Daze"
995803,5093010,"Michael Beran",8,"Gideon"
995803,83387,"Robert Donavan",9,"Moses"
995803,5093011,"Kylie Fulmer",10,"Billie"
995803,3840959,"Wesley Cannon",11,"Minty / Meat Wagon"
995803,2801531,"Johnny Huang",12,"Khan"
995803,2599654,"Michelle Hill",13,"Alice"
995803,1975167,"Kyosuke Mukai",14,"Kiyoshi"
762441,1267329,"Lupita Nyong'o",0,"Samira"
762441,1597365,"Joseph Quinn",1,"Eric"
762441,934281,"Alex Wolff",2,"Reuben"
762441,938,"Djimon Hounsou",3,"Henri"
762441,1847948,"Eliane Umuhire",4,"Zena"
762441,4821276,"Takunda Khumalo",5,"Osahar"
762441,2871745,"Alfie Todd",6,"Max"
762441,4821279,"Avy-Berry Worrall",7,"Young Sister"
762441,1243864,"Ronnie Le Drew",8,"Marvin Monroe"
762441,3839399,"Benjamin Wong",9,"Cashier"
762441,2044689,"Michael Roberts",10,"Dwayne"
762441,4821282,"Gavin Fleming",11,"Businessman"
762441,1700997,"Elijah Ungvary",12,"Frightened Man"
762441,3238042,"Alexander John",13,"Priest"
762441,4755922,"Thara Schöön",14,"Woman on Boat"
736720,141548,"Lee Sung-min",0,"Jae-pil"
736720,1046863,"Lee Hee-jun",1,"Sang-gu"
736720,1510022,"Gong Seung-yeon",2,"Mi-na"
736720,1078674,"Park Ji-hwan",3,"Chief Choi"
736720,1916075,"Lee Kyoo-hyung",4,"Officer Nam"
736720,572172,"Woo Hyeon",5,"Father Kim"
736720,2485939,"Jang Dong-ju",6,"Sung-bin"
736720,1334541,"Kang Ki-doong",7,"Byeong-jo"
736720,3881305,"Bin Chan-uk",8,"Yong-jun"
736720,2522016,"Park Jeong-hwa",9,"Bo-ra"
736720,2152558,"Kim Do-hoon",10,"Jason"
736720,1859758,"Park Kyung-hye",11,"Soon-ok"
736720,2204527,"Lee Seo-hwan",12,"Real Estate Manager"
736720,2036027,"Song You-hyun",13,"Nun"
736720,4804695,"Jamie Horan",14,"Father Baker"
1241674,2021794,"Kim Spearman",0,"Sam"
1241674,1810180,"Jack Parr",1,"Noah"
1241674,1221080,"Alexander Arnold",2,"Brett"
1241674,4239666,"Erin Mullen",3,"Riley"
1241674,4522611,"Arlo Carter",4,"Logan"
1241674,6104,"Julian Sands",5,"Levi"
1241674,3531064,"Maxime Durand",6,"Brian"
1241674,4317278,"Hayden Grech",7,""
1241674,6378801,"Elisa Cachia",8,""
1241674,6378802,"Oliver Borg Cardona",9,""
1241674,6378805,"Anders Banke",10,""
1241674,6378808,"Joakim Wikmam",11,""
1241674,6378809,"Magnus Grundel",12,""
1241674,6378811,"Robin Sjölund",13,""
931628,8783,"Eric Bana",0,"Ben Monroe"
931628,1590797,"Sadie Sink",1,"Mazzy"
931628,104632,"Sylvia Hoeks",2,"Nina"
931628,1723252,"Jonas Dassler",3,"Martin"
931628,15122,"Sophie Rois",4,"Hilma"
931628,4541,"Stephan Kampwirth",5,"Max"
931628,48270,"Justine del Corte",6,"Sofie Aumann"
931628,4379940,"Joone Dankou",7,"Elsa Neumann"
931628,2229819,"Lara Feith",8,"Lotte"
931628,2894590,"Sira-Anna Faal",9,"Larissa"
931628,1257219,"Alexander Schubert",10,"Lead Detective"
931628,3571495,"Daphna Rosenthal",11,"Martin's Grandmother"
931628,1192536,"Lea Draeger",12,"Young Hilma"
931628,2894605,"Frida Stittrich",13,"Young Nina"
931628,2139117,"Tatiana Nekrasov",14,"Nina's Mother"
1296753,4653691,"Nicole Pritchard",0,"Anna Symes / Ghostly Figure"
1296753,1871885,"Shaun Robert Foley",1,"John Barnes"
1296753,2011509,"Tsu Shan Chambers",2,"Dr. Adriana Stone"
1296753,3206336,"Remi Webster",3,"Sophie Bridges"
1296753,2842407,"Megan Bell",4,"Grace Wheeler"
1296753,3603240,"Martin Ashley Jones",5,"Kevin Bridges"
1187417,112,"Cate Blanchett",0,"Hilda Orlmann"
1187417,56977,"Roy Dupuis",1,"Maxime Laplace"
1187417,109319,"Nikki Amuka-Bird",2,"Cardosa Dewindt"
1187417,4391,"Charles Dance",3,"Edison Wolcott"
1187417,1082509,"Takehiro Hira",4,"Tatsuro Iwasaki"
1187417,81125,"Denis Ménochet",5,"Sylvain Broulez"
1187417,149349,"Rolando Ravello",6,"Antonio Lamorle"
1187417,31960,"Zlatko Burić",7,"Jonas Glob"
1187417,227454,"Alicia Vikander",8,"Celestine Sproul"
1187417,4887790,"Alexa Kennedy",9,"Hilda's Aide"
1187417,1871609,"Ralph Berkin",10,"Anthropologist"
1187417,2077399,"Tomi Kosynus",11,"Middle-Aged German Man"
1187417,5092741,"Ádám Bot",12,"Bog People Dancer"
1187417,5092742,"Viktória Dányi",13,"Bog People Dancer"
1187417,5092743,"Vivien Ferencz",14,"Bog People Dancer"
1023922,1137824,"Mia Goth",0,"Maxine Minx"
1023922,1133349,"Elizabeth Debicki",1,"Elizabeth Bender"
1023922,1746938,"Moses Sumney",2,"Leon"
1023922,11705,"Michelle Monaghan",3,"Detective Williams"
1023922,21127,"Bobby Cannavale",4,"Detective Torres"
1023922,1997030,"Halsey",5,"Tabby Martin"
1023922,112561,"Lily Collins",6,"Molly Bennett"
1023922,4808,"Giancarlo Esposito",7,"Teddy Knight, Esq."
1023922,4724,"Kevin Bacon",8,"John Labat"
1023922,4012109,"Charley Rowan McCain",9,"Maxine Miller"
1023922,1238425,"Simon Prast",10,"Ernest Miller"
1023922,106807,"Deborah Geffner",11,"Elaine Casting"
1023922,1754055,"Daniel Lench",12,"Producer"
1023922,1406755,"Chloe Farnworth",13,"Amber James"
1023922,4863231,"Brad Swanick",14,"Frankie Love"
960470,1672504,"Erin Kellyman",0,"Anna"
960470,76944,"Maxine Peake",1,"Helen"
960470,73283,"Peter McDonald",2,"Doctor Henry"
960470,1064071,"Ivanno Jeremiah",3,"James"
960470,3492820,"Oscar Coleman",4,"Joshua"
960470,105869,"Corrado Invernizzi",5,"Peter"
960470,3650320,"Joseph Palmer",6,"Soldier"
960470,3673435,"Derek Carroll",7,"Soldier"
960470,3773430,"Damien Revins",8,"Soldier"
960470,2863913,"Jonathan Gunning",9,"Pedalo Man"
1058537,1170997,"Josh Burdett",0,"Gabriel"
1058537,1290939,"Arifin Putra",1,"Trigger"
1058537,9777,"Cuba Gooding Jr.",2,"Balthazar"
1058537,125130,"Michael Teh",3,"Michael"
1058537,9205,"Denise Richards",4,"Deborah"
1058537,74748,"Randy Couture",5,"Marcus"
1058537,1169764,"Korrina Rico",6,"Leah"
1058537,928674,"Lee Kholafai",7,"Paul"
1058537,134414,"Silvio Simac",8,"Lucius"
1058537,2004298,"Greg Canestrari",9,"Padre"
1058537,18687,"William McNamara",10,"Roman"
1058537,5638798,"Don Luka Khimshiashvili",11,"Roark"
1058537,5114872,"Tehran Von Ghasri",12,"Barnabus"
1058537,5638815,"Giorgi Bukia",13,"Legion"
1058537,1386966,"Caitlin O'Connor",14,"Olivia"
1226578,1094091,"Maika Monroe",0,"Agent Lee Harker"
1226578,2963,"Nicolas Cage",1,"Longlegs"
1226578,56871,"Blair Underwood",2,"Agent Carter"
1226578,3128,"Alicia Witt",3,"Ruth Harker"
1226578,1840725,"Michelle Choi-Lee",4,"Agent Browning"
1226578,1002369,"Dakota Daulby",5,"Agent Fisk"
1226578,4686681,"Lauren Acala",6,"Young Lee Harker"
1226578,934289,"Kiernan Shipka",7,"Carrie Anne Camera"
1226578,4686689,"Maïla Hosie",8,"Young Carrie Anne Camera"
1226578,83445,"Jason William Day",9,"Father Camera"
1226578,1075842,"Lisa Chandler",10,"Mother Camera"
1226578,2855445,"Ava Kelders",11,"Ruby Carter"
1226578,3177922,"Rryla McIntosh",12,"Adult Ruby Carter"
1226578,1392937,"Carmel Amit",13,"Anna Carter"
1226578,2675284,"Shafin Karim",14,"Clinical Doctor"
1141132,2069787,"Risa Saraswati",0,"Risa"
1141132,4115200,"Prinsa Mandagie",1,"Prinsa"
1141132,4115205,"Ranggana Purwana",2,"Angga"
1141132,3260253,"Nicko Irham",3,"Nicko"
1141132,4115204,"Indy Ratna Pratiwi",4,"Indy"
1141132,3665381,"Riana Rizki",5,"Riri"
1141132,4115206,"Abimanyu Bhakti Pratama",6,"Abi"
1141132,3312945,"Sandy Pradana",7,"Bayu"
1141132,4115202,"Dimas Tri Aditiyo",8,"Dimasta"
1141132,6495994,"Anaking Raga Janari",9,"Ari"
1141132,4115203,"Fahrul Nur Rochman",10,"Fahrul"
1141132,4348101,"Vyatra Novrisyah",11,"Jeffrey"
1141132,3250570,"Yusef Muldiyana",12,"Father"
1141132,1761002,"Gatot W. Dwiyono",13,"Aki"
1141132,4348105,"Elly Sunteba",14,"Itoh"
1134278,2402154,"Adèle Galloy",0,"Sarah"
1134278,2058676,"Marie Zabukovec",1,"Jennifer"
1134278,4089944,"Vaimiti Teiefitu",2,"Hazel"
1134278,1431070,"Marilyn Lima",3,"Alicia"
1134278,15482,"Aurélien Recoing",4,"General"
1134278,238416,"Laurent Maurel",5,"Sam"
726139,115290,"Lee Sun-kyun",0,"Cha Jeong-won"
726139,150125,"Ju Ji-hoon",1,"Jo Park"
726139,550683,"Kim Hie-won",2,"Doctor Yang"
726139,240948,"Moon Sung-keun",3,"Byeong-hak"
726139,1351055,"Ye Su-jeong",4,"Soon-ok"
726139,25003,"Kim Tae-woo",5,"Jeong Hyeon-baek"
726139,1177278,"Park Hee-bon",6,"Sim Mi-ran"
726139,2633250,"Park Ju-hyun",7,"Sim Yoo-ra"
726139,1278162,"Kim Su-an",8,"Cha Kyeong-min"
726139,2774992,"Ha Do-kwon",9,"Captain Kang"
726139,1096793,"Jang Kwang",10,"Defense Minister"
726139,572227,"Choi Jung-woo",11,"Chief Secretary"
726139,1680319,"Ku Sung-hwan",12,"Bus Driver"
726139,1872629,"Park Ho-san",13,"Deputy Intelligence Commander"
726139,3268405,"Moon Byeong-ju",14,"BJ"
1186023,3353782,"Bella DeLong",0,"Carrie"
1186023,3097784,"Amber Janea",1,"Sarah"
1186023,4300093,"Daryl Tofa",2,"Chris Soriano"
1186023,2385475,"Finley Rose Slater",3,"Rose"
1186023,5028706,"Ana Zambrana",4,"Gaby"
1186023,1241324,"Bobby Tisdale",5,"Warren"
1186023,2910171,"John Bucy",6,"Jason Waters"
1186023,3320212,"Jarrett Austin Brown",7,"Michael"
1186023,6084002,"Jasper Cole",8,"Rusty"
821499,4029,"Bob Gunton",0,"Charles Abernathy"
821499,1254435,"Peyton List",1,"Kami Abernathy"
821499,2996176,"Briana Middleton",2,"Hannah"
821499,50347,"Rachel Nichols",3,"Madeline Abernathy"
821499,970216,"Austin Stowell",4,"Drew Abernathy"
821499,83231,"David Walton",5,"C. J. Abernathy"
821499,141774,"Reese Alexander",6,"Miles Hartmen"
821499,2369399,"Keith Arbuthnot",7,"Mammon"
821499,2386657,"Chris Wood",8,"Limo Driver"
1139106,1253402,"Alexandre Nachi",0,"Karl Neard"
1139106,2719571,"Derek Johns",1,"Freddy Mercks"
1139106,1692990,"Megan Peta Hill",2,"Maggie"
1139106,982065,"Vincent Leclerc",3,"Seth Mckenna"
1139106,80178,"Benz Antoine",4,"Hannity"
1139106,115595,"Carlo Mestroni",5,"Don"
1139106,143168,"Guy Nadon",6,"Bob Coleman"
1139106,2040069,"Patrick Abellard",7,"Stanley"
1139106,1294229,"Marc-André Boulanger",8,"Rocco"
1139106,3290656,"Rosemarie Sabor",9,"Jane / Zelvirella"
1139106,1025076,"Clare Coulter",10,"Mrs. Neard"
1139106,81430,"Stéphane Demers",11,"Otto Maddox"
1139106,1908224,"Teneisha Collins",12,"Chelsea Lee"
1139106,84832,"Dusan Dukic",13,"Brad Thompson"
1139106,1674952,"Michelle Leblanc",14,"Dr. Judith West"
1114137,1932028,"Mackenzie Fearnley",0,"Louie"
1114137,2716907,"Shabana Azeez",1,"Irene"
1114137,4014301,"Ben Hunter",2,"Dylan"
1114137,4014302,"Jack Bannister",3,"Charlie"
1114137,2636377,"Clementine Anderson",4,"Grace"
1114137,2062335,"Alfie Gledhill",5,"Murph"
1114137,2790770,"Harley Wilson",6,"Sam"
1114137,2124586,"Caroline McQuade",7,"Lady Lazurus"
1114137,5078668,"Will Rodriguez",8,"Lazurus' Bodyguard"
1114137,5078716,"Jaskaran Singh",9,"Driving Range Worker"
1114137,4014303,"Jim Weir",10,"Tiki Derro"
1114137,2790772,"Jack Clark",11,"Paramedic 1"
1114137,4655380,"Riona Day",12,"Paramedic 2"
1114137,5078718,"Calum Waldergrave",13,"Banana Guy"
714669,235416,"Sarah Snook",0,"Sarah"
714669,3191695,"Lily LaTorre",1,"Mia"
714669,62752,"Damon Herriman",2,"Pete"
714669,21245,"Greta Scacchi",3,"Joan"
714669,4216579,"Sunny Whelan",4,"Alice"
714669,2532119,"Naomi Rukavina",5,"Denise"
714669,2716907,"Shabana Azeez",6,"Nowa"
714669,1478133,"Trevor Jamieson",7,"Sandy"
714669,1737111,"Georgina Naidu",8,"Andrea"
714669,186898,"Neil Melville",9,"Albert"
714669,115498,"Katherine Slattery",10,"Jordie"
714669,4216578,"Hugo Soysa",11,"Toby"
714669,2959063,"Maurial Spearim",12,"Keira"
714669,1836,"Julia Davis",13,"Gail"
714669,4216580,"Poppy Skerry",14,"Young Sarah"
1216191,1800020,"Carolyn Bracken",0,"Dani Timmis / Darcy Odello"
1216191,1220123,"Gwilym Lee",1,"Ted Timmis"
1216191,1398632,"Steve Wall",2,"Ivan"
1216191,1227306,"Joe Rooney",3,"Bernie"
1216191,1256162,"Tadhg Murphy",4,"Olin Boole"
1216191,4532173,"Caroline Menton",5,"Yana"
1216191,2785002,"Jonathan French",6,"Declan"
1216191,4841063,"Ivan de Wergifosse",7,"Wooden Man"
1216191,3598010,"Shane Whisker",8,"Bellboy"
1216191,4841062,"Josuha Campbell",9,"Patient"
1216191,4841065,"Austin Lawlor",10,"Patient"
1216191,4841067,"Peter McCarthy",11,"Patient"
1216191,4841068,"Fiach McHugh",12,"Patient"
1216191,4841070,"Patrick Mullins",13,"Patient"
1216191,4841072,"Jim O'Donnell",14,"Patient"
933088,552966,"Jonathan Rosenthal",0,"Miles Willis"
933088,2745714,"Tamara Perry",1,"Damsey Robins"
933088,2569900,"Regis Terencio",2,"Foreign Caller"
933088,2144008,"Dan Kyle",3,"Dorian"
933088,2012937,"Priscilla Avila",4,"Iraqi Woman"
1244361,1353678,"Chanon Santinatornkul",0,"Mek"
1244361,2279094,"Awat Ratanapintha",1,"Mok"
1244361,3186384,"Guntapat Kasemsan Na Ayudhya",2,"Lukkai"
1244361,3036942,"Thawatchanin Darayon",3,"Phrao"
1244361,2478177,"Thanadol Auepong",4,"Sak"
1244361,4257604,"Tanakorn Tiyanont",5,"Cherd"
1244361,4868547,"Tanatwut Rodpai",6,"Inn"
1244361,4868543,"Jakkrit Sakuldech",7,"Kosoom"
1244361,3490983,"Thanapat Suk-im",8,"Khom"
1244361,4868550,"Teethat Teerakitkarnkul",9,"Nang"
1244361,4160697,"Thititum Sangmanee",10,"Kla"
1244361,4868546,"Apiwich Singhoy",11,"Chen"
1244361,4868548,"Darunphob Riewlerdsirikul",12,"Parn"
1244361,3223271,"Supitcha Sangkhachinda",13,"Pen"
1244361,3406040,"Akarat Nimitchai",14,"Thongdee"
1062276,231517,"Ayisha Issa",0,"Miss Behave"
1062276,1336329,"Steven Ogg",1,"Mean Joe Lean"
1062276,5016435,"Mohammed Adan",2,"Enigma"
1062276,221840,"Sara Canning",3,"Kate the Great"
1062276,105656,"Christopher Irvine",4,"Leader"
1062276,51937,"Jonathan Cherry",5,"Rusty"
1062276,67979,"Michael Eklund",6,"Spencer"
1062276,2864762,"Stephanie Wolfe",7,"Carol Anne"
1062276,1306767,"Leo Fafard",8,"Lazarus Smashley"
1062276,1878870,"Mitchell Clarke",9,"Kid Humble"
1062276,5216708,"Jonathan Lepine",10,"Thick"
1062276,5216709,"Justin Lawrick",11,"Thin"
1062276,5216723,"Andrew Lewis",12,"Wicked Wolf (Beast Brothers)"
1062276,5216738,"David Mercer",13,"Bad Badger (Beast Brothers)"
1062276,3216429,"Gord Marriott",14,"TV Wrestling Announcer (voice)"
1300962,239019,"Kit Harington",0,"Noah"
1300962,1255846,"Ashleigh Cummings",1,"Imogene"
1300962,2424535,"Caoilinn Springall",2,"Willow"
1300962,2467,"James Cosmo",3,"Waylon"
1300962,1654741,"Andrei Nova",4,"Werewolf"
1300962,2437985,"Adam Basil",5,"Werewolf"
1300962,1697856,"Martina McClements",6,"Great Grandmother"
1300962,2207296,"Ian Giles",7,"William"
1300962,209998,"Lachlan Nieboer",8,"Shopkeeper"
1161655,2557436,"Meghan Carrasquillo",0,"Valentina Armas"
1161655,4201685,"Noam Sigler",1,"Weston Dern"
1161655,2227031,"Francisco Angelini",2,"Gabe"
1161655,104298,"Jhey Castles",3,"Margo"
1161655,552963,"Martijn Kuiper",4,"Nico"
1161655,91267,"Chris Cleveland",5,"Curtis Burman"
1161655,2912947,"Becki Hayes",6,"Larisa Burman"
1161655,5154829,"Paty Cruz",7,"Eliza Burman"
1161655,3860244,"Gabriel Angulo",8,"Ramirez"
1161655,4102993,"Daniel Macedo",9,"Hotel Staff"
1161655,5154849,"Paola Rojas",10,"Hotel Staff"
1161655,1899557,"Michelle Ng Mini",11,"Partygoer - Happy Hour"
1161655,5154851,"Hector Orihuela",12,"Boat Captain"
1161655,5154853,"Rodney Cox",13,"Dead Boat Captain"
1161655,5154857,"Alex Barragan",14,"Partygoer - Happy Hour"
1096838,86310,"Connie Britton",0,"Claire"
1096838,1070324,"Giovanni Cirfiera",1,"Luca"
1096838,2078350,"Tommaso Basili",2,"Dr. Ben Romano"
1096838,1182996,"Babetida Sadjo",3,"Viv"
1096838,2871980,"Syama Rayner",4,"Adriana"
1096838,48377,"Alessandro Bressanello",5,"Father Sergio"
1096838,2500901,"Freya Hannan-Mills",6,"Robin"
1096838,25102,"Andrea Bruschi",7,"Dr. Stancik"
1096838,1282491,"Giorgia Trasselli",8,"Greta"
1096838,1330099,"Lollo Franco",9,"Renato"
1096838,1152321,"Alessandro Riceci",10,"Sagravas"
1096838,4489317,"Laura Anzani",11,"Nurse Giulia"
1321239,1794917,"Andrew J Katers",0,"Alan Rogers"
1321239,77321,"David Chokachi",1,"Uncle Ron Wetzel"
1321239,1821947,"Angela Cole",2,"Lisa Collins"
1321239,4596072,"Lauren Pike",3,"Sienna Collins"
1321239,1310170,"Rebecca Ritz",4,"Mayor Wendy Stuart"
1321239,1255859,"Canyon Prince",5,"Will Ealy"
1321239,4848773,"James Dash",6,"Bobby Newbanks"
1321239,2969407,"Linh Bui",7,"Anne Lee"
1321239,3256832,"Deon Sams",8,"Edwin Williams"
1321239,42207,"Doug Jeffery",9,"Jerry Phieffer"
1321239,4929189,"Gordon Mudd",10,"Danny Rogers"
1321239,6019979,"Jonas Silbor",11,"Young Alan Rogers"
1321239,4848774,"Andi Rexha",12,"Young Ron Wetzel"
1321239,4929199,"Stephen Girouard",13,"Sienna's Friend / Beachgoer"
1308757,1775560,"Isabel Gravitt",0,"Kaya Adams"
1308757,118753,"Alexander Wraith",1,"Rey"
1308757,64057,"Dean Cameron",2,"Curtis Hunt"
1308757,1446466,"Garrett Wareing",3,"Julian"
1308757,1352920,"Genneya Walton",4,"Tessa Miles"
1308757,4793764,"Koa Tom",5,"Xander"
1308757,1327926,"Brian Silverman",6,"Russell Adams"
1308757,104473,"Al Burke",7,"Sgt. Burke"
1308757,4793765,"Phoenix Volken",8,"Kit Adams"
1308757,4793766,"Audriana Volken",9,"Sadie"
1308757,4730009,"Einar Haraldsson",10,"Flint"
933090,136532,"Matt Smith",0,"Richard"
933090,1321628,"Morfydd Clark",1,"Juliette"
933090,4859512,"Arthur Shaw",2,"Owen"
933090,990300,"Erin Richards",3,"Harrie"
933090,77292,"Sean Gilder",4,"Gordon"
933090,1250099,"Melanie Kilburn",5,"Mrs. Forde"
933090,589652,"Robert Emms",6,"Steven"
933090,550312,"Roger Barclay",7,"Dr. Monk"
933090,3844059,"Matilda Firth",8,"Younger Burnsall Sister"
933090,2336124,"Rocco Haynes",9,"Football boy"
933090,3822073,"George Arthur",10,"Child (voice)"
933090,1835491,"Robert Goodale",11,"Medhurst"
933090,4921049,"Daisy Exley",12,"Older Burnsall Sister"
933090,4012585,"Niall Costigan",13,"Cricket Player"
933090,4429473,"Tess Hodgson-Sakamoto",14,"Female Student"
1281532,76850,"Simone Kessell",0,"Mary"
1281532,67206,"Andrew Howard",1,""
1281532,1196959,"Rosie Day",2,"Kelly"
1281532,1190069,"Joseph Millson",3,"Robert"
1281532,3968419,"Rachel Adedeji",4,"Agent Selena Wall"
1281532,157990,"Daphne Cheung",5,"Jiao"
1281532,3144901,"Teresa Cendon-Garcia",6,"Anna"
1032823,2299,"Josh Hartnett",0,"Cooper"
1032823,3014800,"Ariel Donoghue",1,"Riley"
1032823,4340759,"Saleka",2,"Lady Raven"
1032823,36819,"Hayley Mills",3,"Dr. Josephine Grant"
1032823,2144603,"Jonathan Langdon",4,"Jamie"
1032823,17486,"Alison Pill",5,"Rachel"
1032823,3107562,"Mark Bacolcol",6,"Spencer"
1032823,156580,"Marnie McPhail",7,"Jody's Mom"
1032823,484359,"Kid Cudi",8,"The Thinker"
1032823,4264391,"Russ",9,"Parker Wayne"
1032823,40385,"Marcia Bennett",10,"Cooper's Mother"
1032823,1794595,"Vanessa Smythe",11,"Tour Manager"
1032823,11614,"M. Night Shyamalan",12,"Spotter"
1032823,3320729,"Lochlan Ray Miller",13,"Logan"
1032823,190921,"Steve Boyle",14,"Lead SWAT Member"
1265517,1427008,"Greg Lucey",0,"Greg Jenkins (fragment Sleepwalk)"
1265517,1452058,"Dan Bronchinson",1,"Father (fragment Graines)"
1265517,2332586,"John C. Forman",2,"William Cornwell (fragment My Blood)"
1265517,2880085,"Agustin Olcese",3,"Father (fragment You Shall)"
1265517,1350353,"Gabriela Freire",4,"Rose (fragment The Plague)"
1091267,1882502,"Lauren LaVera",0,"Lisa Gray"
1091267,8776,"Claudia Gerini",1,"Emma"
1091267,27277,"Giovanni Lombardo Radice",2,"Lisa's Father"
1091267,2661519,"Linda Zampaglione",3,"Giulia"
1091267,3045095,"Jonathan Dylan King",4,"Marcus"
1091267,141205,"Lorenzo Renzi",5,"Arruda"
1091267,1157010,"Yassine Fadel",6,"Rocco"
1091267,2140048,"Taylor Zaudtke",7,"Tracy"
1091267,2508296,"Gianluigi Calvani",8,"Tony"
1091267,4445693,"Claudio Nathan Brezzi",9,"Child Tied To The Tree"
1091267,4823038,"Peppe Fonzo",10,"Man In The Pub"
1091267,1479747,"Melanie Gaydos",11,"Dorka"
1091267,4823040,"Elisabetta Klein",12,"Giulia Grown Up"
1091267,1693397,"Stefano Martinelli",13,"Guron"
1091267,1861158,"Denise McNee",14,"Housekeeper"
856273,3181309,"Camilo Levigne",0,""
856273,1163564,"Hugo Quiril",1,""
856273,1816794,"Raymond E. Lee",2,""
856273,1488042,"Paulo Vilela",3,""
856273,238616,"Carole Brana",4,""
856273,234921,"Arben Bajraktaraj",5,""
856273,16949,"Maru Valdivielso",6,""
856273,1206197,"Octavi Pujades",7,""
856273,1075144,"Sam Hoare",8,""
856273,1176429,"Claire Huskisson",9,""
856273,124698,"Joshua Grothe",10,""
856273,573981,"Sarah Alles",11,""
1219556,842578,"Mutsuo Yoshioka",0,"Takuji Matsuoka"
1219556,3151721,"Seiichi Kohinata",1,"Ichiro Tashiro"
1219556,2634060,"Hana Amano",2,"Akemi Hishida"
1219556,1828894,"Junpei Yasui",3,"Sakuma"
1219556,2763523,"Koji Seki",4,"Yoshizawa"
1219556,4151556,"Giko",5,"Hiroko Tachibana"
1219556,2048560,"Noa Kawazoe",6,"Fumie Miyashita"
1219556,3263223,"Koki Ishige",7,"Kenichi Matsuoka"
1219556,5674226,"Koichi Yamada",8,"Cooking Class Student"
1219556,5674230,"Miyu Ooyama",9,"Cooking Class Student"
1219556,2548256,"Mayumi Chihiro",10,"Cooking Class Student"
1219556,5674244,"Yuki Matsui",11,"Cooking Class Student"
1219556,5245919,"Shoki Matsui",12,"Cooking Class Student"
1219556,5674374,"Karin Imai",13,"Cooking Class Student"
1219556,5674389,"Kunihiro Sato",14,"Cooking Class Student"
1006724,64440,"Chen Bolin",0,"Makoto"
1006724,114316,"Sandrine Pinna",1,"Catherine"
1006724,2270252,"Gingle Wang",2,"The Rookie"
1006724,1742837,"Eleven Yao",3,"Jessica"
1006724,2215920,"Bai Jing-yi",4,"Camilla"
1006724,2749025,"Soso Tseng",5,"Kouji"
1006724,1833068,"Lin He-hsuan",6,"Nonbeliever"
1006724,2296024,"Huang Di-yang",7,"Chairghost of the Dead Talents Society"
1006724,3359062,"Milia Luo",8,"Connie"
1006724,1981492,"Peace Yang",9,"Actress"
1006724,5334787,"Luke Hong",10,""
1006724,3182437,"Hor Lung",11,""
1006724,3323007,"Geifan",12,""
1006724,5337059,"Una Jiang",13,""
1006724,3812041,"Joss Hung",14,""
945961,1683343,"Cailee Spaeny",0,"Rain"
945961,2761308,"David Jonsson",1,"Andy"
945961,2164506,"Archie Renaux",2,"Tyler"
945961,1428070,"Isabela Merced",3,"Kay"
945961,2304140,"Spike Fearn",4,"Bjorn"
945961,3948018,"Aileen Wu",5,"Navarro"
945961,1737976,"Rosie Ede",6,"WY Officer"
945961,4848544,"Soma Simon",7,"10-Year-Old Punk #1"
945961,4848546,"Bence Okeke",8,"10-Year-Old Punk #2"
945961,4848547,"Viktor Orizu",9,"10-Year-Old Punk #3"
945961,4848549,"Robert Bobroczkyi",10,"Offspring"
945961,3958162,"Trevor Newlin",11,"Xenomorph"
945961,1432613,"Annemarie Griggs",12,"MU/TH/UR (voice)"
945961,107733,"Daniel Betts",13,"Rook (Facial and Vocal Performance)"
945961,65,"Ian Holm",14,"Rook (Facial and Vocal Reference)"
1287717,4895160,"Lucas Caballero",0,"Aldo"
1287717,2395263,"Pablo Martínez",1,"Cristian"
1287717,2385590,"Rafael Alfaro",2,"Militar"
1287717,4895161,"Lara Chamorro",3,"Dueña de casa"
1287717,3205848,"Andy Romero",4,"Sirvienta"
1287717,4895164,"Mario González Martí",5,"Mario"
1287717,5403539,"Santi Martínez",6,"Niño"
1287717,4895166,"Lia Love",7,"Influencer"
1287717,4895165,"Ariel Delgadillo",8,"Influencer"
1287717,5404272,"Lugo",9,"Chofer de Ambulancia"
1112426,117727,"Rajkummar Rao",0,"Vicky"
1112426,130991,"Shraddha Kapoor",1,"Unnamed Woman"
1112426,1756890,"Aparshakti Khurana",2,"Bittu"
1112426,1708061,"Abhishek Banerjee",3,"'Jana' Janardan"
1112426,1179460,"Pankaj Tripathi",4,"Rudra"
1112426,1891368,"Anya Singh",5,"Chitti"
1112426,85721,"Tamannaah Bhatia",6,"Shama"
1112426,4890655,"Sunil Kumar",7,"Sarkata / Udaybhan"
1112426,4420825,"Bhumi Rajgor",8,"Stree"
1112426,1108119,"Varun Dhawan",9,"Bhaskar"
1112426,35070,"Akshay Kumar",10,"Udaybhan's Descendent"
1112426,1945925,"Atul Srivastava",11,"Vicky's Father"
1112426,2163264,"Sunita Rajwar",12,"Jana's Mother"
1112426,32335,"Mushtaq Khan",13,"Sarpanch"
1112426,4890652,"Arvind Bilgaiyan",14,"Jana's Father"
1064028,19537,"Megan Fox",0,"Alice"
1064028,2349355,"Michele Morrone",1,"Nick"
1064028,84613,"Madeline Zima",2,"Maggie"
1064028,3844059,"Matilda Firth",3,"Isla"
1064028,1231852,"Andrew Whipp",4,"Monty"
1064028,67247,"Atanas Srebrev",5,"Lewis"
1064028,1685018,"Kate Nichols",6,"Lyla"
1064028,2589498,"Trevor Van Uden",7,"Actor"
1064028,1767316,"Euan Macnaughton",8,"SIM Doctor (Male)"
1064028,2718986,"Max Kraus",9,"Actor"
1064028,1453290,"JR Esposito",10,"Kobol Supervisor (Human)"
1064028,2025258,"Doroteya Toleva",11,"Sim Waitress"
1064028,3607811,"Antoni Davidov",12,"Travis"
1064028,3864983,"Jude Greenstein",13,"Max"
1064028,3798366,"Rosmary Yaneva",14,"Female SIM"
979250,1124584,"Arulnithi",0,"Srinivasan / Raghunandan"
979250,1900674,"Priya Bhavani Shankar",1,"Debbie"
979250,3155683,"Tsering Dorjee Bawa",2,"Dorjee"
979250,123376,"Antti Jääskeläinen",3,"John Demonte"
979250,91551,"C. Arun Pandian",4,"Richard"
979250,1391946,"Muthukumar",5,"Raghu's Uncle"
979250,3254513,"Meenakshi Govindarajan",6,"Aditi"
979250,2238050,"Sarjano Khalid",7,"Samuel Richard"
979250,4441080,"Archana Ravichandran",8,"Aishwarya"
979250,4899992,"M. Soundarya Saravanan",9,"Hostel Warden"
979250,1187402,"Ramesh Thilak",10,"Vimal"
979250,130114,"M. S. Bhaskar",11,"Astrologer"
979250,2336737,"Priyadarshini Rajkumar",12,"Aishwarya's Mother"
979250,2231077,"Ravi Venkatraman",13,"Debbie's Father"
979250,1334281,"Senthikumari",14,"Debbie's Mother"
1280990,105844,"Courtney Halverson",0,"Beth"
1280990,7220,"Mark Famiglietti",1,"Jay"
1280990,50398,"Devon Sawa",2,"Quinn"
1280990,2563991,"Amber Mari",3,"Addison"
1280990,5444651,"Golden Flores",4,"Addison (Voice)"
1128941,1381,"John Noble",0,"George Reilly"
1128941,1231111,"Charles Cottier",1,"Phillip Reilly"
1128941,2046127,"Christian Willis",2,"Graham Reilly"
1128941,56499,"Dirk Hunter",3,"Jake Reilly"
1128941,2095436,"Tobie Webster",4,"Cole Nichols"
1128941,3908239,"Liam Wallace",5,"Young Graham"
1128941,2416708,"Amy Ingram",6,"Officer Peters"
1128941,2174138,"Michael Tuahine",7,"Officer Terry"
930600,1658802,"Andra Day",0,"Ebony Jackson"
930600,515,"Glenn Close",1,"Alberta Jackson"
930600,3401898,"Anthony B. Jenkins",2,"Andre Jackson"
930600,1474123,"Caleb McLaughlin",3,"Nate Jackson"
930600,2214765,"Demi Singleton",4,"Shante Jackson"
930600,53923,"Aunjanue Ellis-Taylor",5,"Rev Bernice James"
930600,60561,"Mo'Nique",6,"Cynthia Henry"
930600,4987,"Omar Epps",7,"Melvin"
930600,2129564,"Miss Lawrence",8,"Asia"
930600,3167042,"Javion Allen",9,"Neighborhood Kid #1"
930600,1349767,"Todd Anthony",10,"Ahman"
930600,1854220,"Bryant Bentley",11,"Usher"
930600,13023,"Colleen Camp",12,"Doctor Hoffsteder"
930600,1337914,"Cynthia Dallas",13,"Nurse"
930600,1746136,"Amy Lyn Elliott",14,"Chemo Patient"
1201734,1338033,"Jason K. Wixom",0,"Algea"
1201734,3016921,"Sonny Grimsley",1,"Algea (voice)"
1201734,93535,"Duane Finley",2,"Young Marcel Zought"
1201734,135529,"Yolanda Stange",3,"Marcel's Mother"
1201734,4361794,"Kenna Denali",4,"Melody's Mother"
1201734,1906746,"Savannah Meyer",5,"Michelle Caldwell"
1201734,2736157,"Jenessa Sheffield",6,"Judge Ava"
1201734,3080646,"Brittney Souther",7,"Angela / Demon"
1201734,1382770,"David Bianco",8,"Jon"
1201734,3989065,"Spencer Jarman",9,"Jonathan Davenport"
1201734,3781705,"Oscar Rudecindo",10,"Jacob Stanley"
1201734,2085321,"Tony Toscano",11,"Judge Coldstone"
1201734,1179076,"James C. Morris",12,"Oliver"
1201734,4227436,"Dave Martinez",13,"Mr. Caldwell"
1201734,2004530,"Damarr Jones",14,"Daniel"
957452,137905,"Bill Skarsgård",0,"Eric"
957452,1503200,"FKA twigs",1,"Shelly"
957452,6413,"Danny Huston",2,"Vincent Roeg"
957452,174708,"Josette Simon",3,"Sophia"
957452,212815,"Laura Birn",4,"Marion"
957452,20667,"Sami Bouajila",5,"Kronos"
957452,231246,"Karel Dobrý",6,"Roman"
957452,1674734,"Jordan Bolger",7,"Chance"
957452,3400508,"Sebastian Orozco",8,"Dom"
957452,993074,"David Bowles",9,"Wickham"
957452,3693827,"Tundy Smith",10,"Lex"
957452,3289430,"Samba Goldin",11,"Jay"
957452,3578843,"Isabella Wei",12,"Zadie"
957452,1781403,"Jordan Haj",13,"Adam"
957452,1857604,"Dukagjin Podrimaj",14,"Detective Milch"
840705,1537686,"Naomi Ackie",0,"Frida"
840705,38673,"Channing Tatum",1,"Slater"
840705,61178,"Alia Shawkat",2,"Jess"
840705,2224,"Christian Slater",3,"Vic"
840705,35548,"Simon Rex",4,"Cody"
840705,1371297,"Adria Arjona",5,"Sarah"
840705,9640,"Haley Joel Osment",6,"Tom"
840705,3514776,"Liz Caribel Sierra",7,"Camilla"
840705,3560034,"Levon Hawke",8,"Lucas"
840705,2599167,"Trew Mullen",9,"Heather"
840705,16935,"Geena Davis",10,"Stacy"
840705,6677,"Kyle MacLachlan",11,"Rich"
840705,3769862,"Cris Costa",12,"Stan"
840705,1317845,"María Elena Olivares",13,"Badass Maid"
840705,1985,"Saul Williams",14,"Emcee"
806731,27993,"Jeffrey Combs",0,"Mr. Lockwood / Pitboss"
806731,81308,"Charles Edwin Powell",1,"Roy Keenan"
806731,21320,"Danielle Harris",2,"Elaine Keenan"
806731,3503959,"Wesley Holloway",3,"Kevin Keenan"
806731,2939038,"Sydney Malakeh",4,"Taylor Keenan"
806731,27771,"Tim Reid",5,"Dave"
806731,62001,"Dee Wallace",6,"Linda Spring"
806731,19384,"Tony Todd",7,"Future Lockwood"
806731,2222389,"Jason Leavy",8,"Player 1"
806731,1880016,"David Howard Thornton",9,"Player 2"
806731,1950013,"Liana Pirraglia",10,"Player 3"
806731,4412886,"Mark Haynes",11,"Player 4"
806731,2835683,"Jadon Cal",12,"Theo"
806731,2599776,"Andrew Rogers",13,"Louis"
806731,1207984,"Michael Leavy",14,"Brad"
1231828,3247240,"Tetiana Malkova",0,"Olena"
1231828,2465719,"Taras Tsimbalyuk",1,"Andrii"
1231828,3190686,"Olena Khokhlatkina",2,"Yevdokiia"
1231828,3462362,"Pavlo Vyshniakov",3,"Rovnyi"
1231828,4742748,"Serhii Sosnovtsev",4,"Rusik"
1231828,2134244,"Ivan Sharan",5,"Bandos"
1231828,4742741,"Artem Sahitov",6,"Ufa"
1231828,4737322,"Mykola Holovchak",7,"Sych"
1231828,2740106,"Yaroslav Shakhtorin",8,"Kartavyi"
1231828,1916752,"Viktor Zhdanov",9,"Old Man"
1231828,5845138,"Irina Rozhdestvenskaya",10,"Woman on a Bicycle"
1231828,2048825,"Volodymyr Rashchuk",11,"AFU Soldier"
1231828,4756753,"Daniel Salem",12,"AFU Soldier"
1231828,4742752,"Nazar Grabar",13,"AFU Soldier"
1231828,1689032,"Oleksandr Pecherytsia",14,"AFU Soldier"
1146246,3522737,"Aiden Howard",0,"Ethan"
1146246,1998286,"Kimi Alexander",1,"Kate"
1146246,32205,"Brendan Fletcher",2,"Shadow"
1146246,204420,"Josh Blacker",3,"Detective Sawchuk"
1146246,2522510,"Lauren Jackson",4,"Mandy"
1029281,1318650,"Willa Fitzgerald",0,"The Lady"
1029281,59219,"Kyle Gallner",1,"The Demon"
1029281,219666,"Madisen Beaty",2,"Gale"
1029281,1277583,"Bianca A. Santos",3,"Tanya"
1029281,61535,"Steven Michael Quezada",4,"Pete"
1029281,42157,"Ed Begley Jr.",5,"Frederick"
1029281,10767,"Barbara Hershey",6,"Genevieve"
1029281,968542,"Denise Grayson",7,"Libby"
1029281,1333845,"Eugenia Kuzmina",8,"Beth"
1029281,1283965,"Duke Mollner",9,"Roughneck"
1029281,555142,"Sheri Foster",10,"The Driver"
1029281,4297468,"Andrew John Segal",11,"Steve"
1029281,12261,"Jason Patric",12,"True Crime Narrator (voice)"
1029281,1771,"Giovanni Ribisi",13,"Art Pallone (voice)"
1029281,949345,"Robert Craighead",14,"Mitchell Mahoney (voice)"
1330373,60650,"Michael Paré",0,"President McCoy"
1330373,3480042,"Preston Geer",1,"Dr. Jeff Morrow"
1330373,98157,"Paul Logan",2,"Captain Sean Jaffe"
1330373,4904096,"Neeley Dayan",3,"Leanne Morrow"
1330373,3636916,"Vinney Pugliese",4,"Adam Morrow"
1330373,4804825,"Eric Davenport",5,"Secretary of Defense Ashe Greer"
1330373,143047,"Christina Rose",6,"Dr. Grace Whitney"
1330373,42207,"Doug Jeffery",7,"General Vargas"
1330373,935266,"Tammy Klein",8,"Dr. Kate Devlin"
1330373,1656663,"Douglas S. Matthews",9,"Private Shepherd"
1330373,2150330,"Adrian Avila",10,"Specialist Morales"
1330373,3426551,"Lindsey Marie Wilson",11,"Technician Sanders"
1330373,3188479,"Anthony Frith",12,"Doctor"
1330373,4360567,"Maya Stanley",13,"NMCCC Staff"
1330373,1360432,"Ronee Collins",14,"White House Staff"
1287850,1384575,"Toby Poser",0,"Emily"
1287850,1391986,"John Adams",1,"John"
1287850,2495320,"Max Portman",2,"Teddy"
1287850,1566,"Anders Hove",3,"French Imperial Army Commander"
1287850,3711482,"Olivera Peruničić",4,"Sofija"
1287850,4821662,"Aleksandar Trmčić",5,"Nikola"
1287850,3078956,"Petar Arsić",6,"Danko"
1287850,4202156,"Bruno Veljanovski",7,"Christian"
1287850,3934706,"Boris Lukman",8,"Filip"
1287850,1668520,"Joana Knežević",9,"Mickey"
1287850,4078988,"Marko Filipović",10,"French Soldier"
1287850,2886622,"Janko Radišić",11,"Bosko"
1287850,5205797,"Marko Vučković",12,"Luka"
1287850,2892161,"Ivan Djordjevic",13,"Ivan"
1287850,3639498,"Fedor Đorović",14,"Petar"
1265800,1732595,"Ryoka Minamide",0,"Norio Kamiki"
1265800,4142284,"Hana Kondo",1,"Nao Sumida"
1265800,1058061,"Zen Kajihara",2,"Akio Kamiki"
1265800,1185435,"Fusako Urabe",3,"Masako Kamiki"
1265800,103604,"Kitaro",4,"Shozo Kamiki"
1265800,1921422,"Kokoro Morita",5,"Keiko Kamiki"
1265800,3026562,"Ray Inomata",6,"Shun Kamiki"
1265800,72606,"Toshie Negishi",7,"Harue Kamiki"
1265800,1028447,"Aki Morita",8,"Misato Kujo"
1265800,1851071,"Ryo Ikeda",9,"Natsuhiko Kujo"
1265800,3845830,"Saya Imajō",10,"Kana Kujo"
1265800,4358974,"Meika Yoshida",11,"Young Kana Kujo"
1265800,2460113,"Gentle",12,"Ryogen"
1265800,4219416,"Shion Otomo",13,"Tanaka"
1265800,1793654,"Chika Kuboyama",14,"Ichikawa"
1225377,1017259,"Simon Phillips",0,"Mickey / Tim Collins"
1225377,4462042,"Sophie McIntosh",1,"Alex Fen"
1225377,4459884,"Madeline Kelman",2,"Jayna"
1225377,4459913,"Ben Harris",3,"Ryan"
1225377,4459875,"Calum Sywyk",4,"Marcus"
1225377,2300817,"Mireille Gagné",5,"Gemma"
1225377,4459881,"James Laurin",6,"Paul"
1225377,4459882,"Kayleigh Styles",7,"Jackie"
1225377,4459880,"Mackenzie Mills",8,"Rebecca"
1225377,5228819,"Daniel Petrenko",9,"Boy 1"
1225377,5228820,"Svyatoslav Putnin",10,"Boy 2"
1225377,5228821,"Milana Putnina",11,"Girl 1"
1225377,5228822,"Karina Safonova",12,"Girl 2"
1225377,4459883,"Jesse Nasmith",13,"Danny"
1225377,3879144,"Allegra Nocita",14,"Marie"
1124509,2210228,"Annabel Logan",0,"Sam"
1124509,2833930,"Joma West",1,"Ash"
1124509,2833938,"Josie Rogers",2,"Emily"
1124509,1703686,"Paddy Kondracki",3,"Innis"
1124509,4216245,"Stephen Beavis",4,"Brian"
1124509,2529466,"Graham Hughes",5,"Not Brian"
1080249,69122,"Heather Graham",0,"Pandora"
1080249,1017294,"Tom Hopper",1,"Bear John"
1080249,21563,"Corin Nemec",2,"Calhoun"
1080249,1650346,"Brielle Robillard",3,"Hester"
1080249,105271,"Donald Cerrone",4,"Minor Wilson"
1080249,117885,"Gattlin Griffith",5,"Jack"
1080249,2307371,"Zachary Keller",6,"Little Pete"
1080249,1213027,"Ray Abruzzo",7,"Lester"
1080249,110018,"David Lipper",8,"Ed Singleterry"
1080249,4203261,"Jeanette Schock",9,"Sadie"
1080249,1132646,"Isabella Blake-Thomas",10,"Lilith"
831396,932696,"Chelsea Edmundson",0,"Dr. Michelle Riley"
831396,19384,"Tony Todd",1,"Major Frank Lawrence"
831396,2144,"Tobin Bell",2,"Father"
831396,228371,"Chad Michael Collins",3,"Dr. Sam Ellis"
831396,78117,"Cullen Douglas",4,"Dr. Sidney Barlow"
831396,1358061,"Christopher Matthew Cook",5,"The Handler"
831396,2325786,"Debbie Fan",6,"Dr. Denise Cooper"
831396,3096312,"Sharif Ibrahim",7,"Dr. Jaques Bisset"
831396,3096315,"Spencer Langston",8,"Ben Riley"
1320330,5038603,"Toby Goodger",0,"Jake"
1320330,1317739,"Duncan Lacroix",1,"Father"
1320330,3412837,"Hannah Khalique-Brown",2,"Girl"
1320330,2395755,"Alexander Anderson",3,"Charger"
1320330,3496175,"Emma Cole",4,"Lover"
1320330,5038599,"Joseph Coleman",5,"Boy"
1320330,3039554,"Tom Gaskin",6,"Straggler"
1320330,5038602,"King Gayle",7,"Lieutenant"
1320330,5038604,"Ellis Jones",8,"Old Man"
1320330,5038608,"Jessica Zerlina Leafe",9,"Huntress"
1320330,5038611,"Luke Massy",10,"Leader"
1300963,1336329,"Steven Ogg",0,"Don"
1300963,1885228,"Daniel Doheny",1,"Sonny"
1300963,1470373,"Chelsea Clark",2,"Patricia"
1300963,56867,"Mark McKinney",3,"Dr. Robert"
1300963,2864970,"Brynn Godenir",4,"Lauren"
1300963,40385,"Marcia Bennett",5,"Mrs. Applebaum"
1300963,2320,"Julian Richings",6,"Professor Cummings"
1300963,1178296,"Lorna Wilson",7,"Marjorie"
1300963,51039,"Marty Adams",8,"Eddie"
1300963,1669511,"Donald Tripe",9,"Hugh"
1300963,1249617,"Tal Zimerman",10,"Paramedic"
1340602,229617,"Ximena Sariñana",0,"Mariana"
1340602,2771954,"Camila Nuñez",1,"Lola"
1340602,2990871,"Diego Klein",2,"Ernesto"
1340602,1317794,"Roberto Quijano",3,"Manuel"
1340602,2318889,"Beatriz Monroy",4,"Eugenia"
1340602,2341762,"Mireya Kilmon",5,"Liliana"
1340602,4906212,"Neher Jacqueline Briceño",6,"Mujer policía"
1340602,5159140,"Edgar Ojeda",7,"Comisario"
1320467,5900285,"Edoardo Nanni",0,""
1320467,5040132,"Pier Danio Forni",1,""
1062215,68842,"John Cho",0,"Curtis"
1062215,77795,"Katherine Waterston",1,"Meredith"
1062215,30613,"Keith Carradine",2,"Marcus"
1062215,2378813,"Havana Rose Liu",3,"Melody / AIA (voice)"
1062215,1709431,"Lukita Maxwell",4,"Iris"
1062215,1891984,"Ashley Romans",5,"Sam"
1062215,83854,"David Dastmalchian",6,"Lightning"
1062215,4188855,"Wyatt Lindner",7,"Preston"
1062215,4004114,"Isaac Bae",8,"Cal"
1062215,4912317,"Bennett Curran",9,"Sawyer"
1062215,1944266,"Greg Hill",10,"Henry / RV Man"
1062215,453,"Riki Lindhome",11,"Maud / RV Woman"
1062215,1918842,"Ashton Essex Bright",12,"Jackson"
1062215,1506297,"Mason Shea Joyce",13,"Eli"
1062215,2941060,"River Drosche",14,"Kaden"
1090323,1049742,"Jade Pettyjohn",0,"Sarah"
1090323,1762563,"JoJo Siwa",1,"Colette"
1090323,3056204,"Justin Derickson",2,"Will"
1090323,3165284,"Jennifer Ens",3,"Mona"
1090323,3210008,"Ali Fumiko Whitney",4,"Liv"
1090323,3023065,"Michaella Russell",5,"Officer Shaw"
1090323,2602320,"Julian Haig",6,"L.B."
1090323,1562498,"Cardi Wong",7,"Aaron"
1090323,2242091,"Jack Doupe-Smith",8,"Guy"
1090323,46898,"Peter Graham-Gaudreau",9,"Officer Daniels"
1090323,1432092,"Brahm Taylor",10,"Officer Cole"
1090323,3281194,"Heidi Ben",11,"Travis"
1090323,3530913,"Sophia Shaw",12,"Lovely Young Woman"
1090323,112268,"Peter Giles",13,"Agent Slick Rick"
1090323,4864326,"Sean Vandygriff",14,"Stephen Telbany"
1087822,1292258,"Jack Kesy",0,"Hellboy"
1087822,1385813,"Jefferson White",1,"Tom Ferrell"
1087822,2168270,"Adeline Rudolph",2,"Bobbie Jo Song"
1087822,1490856,"Leah McNamara",3,"Effie Kolb"
1087822,4805436,"Hannah Margetson",4,"Cora Fisher"
1087822,1361520,"Martin Bassindale",5,"The Crooked Man"
1087822,1212803,"Joseph Marcell",6,"Reverend Watts"
1087822,162413,"Suzanne Bertish",7,"Grammy Oakum"
1087822,4992605,"Bodgan Haralambov",8,"Young Tom"
1087822,4805437,"Carola Colombo",9,"Sarah Huges"
1087822,4992611,"Siyana Nacheva",10,"Abby Riley"
1087822,1812100,"Anton Trendafilov",11,"Tom's Father"
1087822,1409855,"Jonathan Yunger",12,"Dennis Gates"
1087822,2797842,"Michael Flemming",13,"Young Reverend Watts"
1087822,1739101,"Nathan Cooper",14,"Farmhand"
1216103,34434,"Missy Peregrym",0,"Sophie"
1216103,76973,"Joris Jarsky",1,"Kyle"
1216103,1376330,"Damon Runyan",2,"Nolan"
1262740,4892891,"Anonymous",0,"Yellow"
1262740,237347,"Juan C. Bofill",1,"Blue"
1262740,4892895,"Shawn Thomas",2,"Red"
1262740,4892899,"Steven Rodriguez",3,"Green"
1262740,3745296,"Antonio Jackson",4,"Orange"
1262740,3418730,"Tej Limlas Ly",5,"Purple"
1262740,2708037,"Troy Roker",6,"Father"
1262740,4892903,"Andrea Douglas",7,"Mother"
1262740,4892905,"Mariella Gregoria",8,"Daughter"
1262740,4892907,"Ethan Rodriguez",9,"Son"
1262740,3535493,"Judith Topper",10,"Grandma"
1262740,4826129,"Scott Ference",11,"Wheelchair Man"
1262740,1588581,"Chick Bernhard",12,"Butler"
1262740,3326870,"Yessenia Cossio",13,"Nanny"
1262740,4137489,"Jacquie Schmidt",14,"Housekeeper"
1286218,1676584,"Madeleine Coghlan",0,"Lizzie / Mira Lizzie"
1286218,2139816,"Catherine Davis",1,"Jo"
1286218,125914,"Christinna Chauncey",2,"Carrie"
1286218,2798803,"Lize Johnston",3,"Mira"
1286218,1693744,"Isaac Akers",4,"Travis"
1286218,92855,"Aimee-Lynn Chadwick",5,"Debra"
1286218,1384958,"Tatum Chiniquy",6,"Nora"
1286218,73322,"Andrew Roach",7,"Teddy"
1286218,3781705,"Oscar Rudecindo",8,"Mike"
1286218,1521888,"Paris Warner",9,"Jane"
1091298,2549380,"LaRonn Marzett",0,"Dante Williams"
1091298,3358859,"Ray Acevedo",1,"Bithlo"
1091298,2654785,"Vanessa Tamayo",2,"Anna"
1091298,77157,"Robbie Rist",3,"Trig"
1091298,1333564,"Wade Hunt Williams",4,"Grady"
1091298,3068859,"Bruce Peoples",5,"Sheriff Peoples"
1091298,3206199,"Stuart Maxheimer",6,"Deputy Farmer"
1091298,1857225,"Benjamin L Newmark",7,"Shane"
1091298,2836077,"Arlene Lagos",8,"Skyler"
1091298,3941005,"Tristen Amason",9,"Twain"
1091298,1773059,"Christopher Applegate",10,"Rick"
1091298,1611971,"Gus Langley",11,"Tucker"
1091298,114876,"Patrick Labyorteaux",12,"Mayor Jensen"
1091298,5672798,"Christopher Applegate",13,"Buck"
1091298,141367,"Edward Crawford",14,"Boat Captain"
1016848,33285,"Brandy Norwood",0,"Belinda"
1016848,1869968,"Andrew Burnap",1,"Norman"
1016848,72309,"Kathryn Hunter",2,"Solange"
1016848,58544,"Neal Huff",3,"Pastor Lewis"
1016848,1235833,"David Manis",4,"Old Man"
1016848,163989,"Mary Catherine Wright",5,"Old Woman"
1016848,4882259,"Ellen J. Maddow",6,"2nd Old Woman"
1016848,193141,"Mary Testa",7,"Mary"
1016848,4078088,"Morgen McKynzie",8,"Student"
1016848,1795332,"Kerry Flanagan",9,"Dr. Rayne"
1016848,1831601,"Wendy Heagy",10,"Administrator (voice)"
1016848,4931347,"Rueby Wray",11,"One Year Old Laurie"
1016848,4300696,"Chasity Orr",12,"Baby Laurie"
1016848,4248135,"Charlize Orr",13,"Baby Laurie"
1016848,4253370,"Scottie DiGiacomo",14,"Interviewer #1"
1276210,3247405,"Natalia Azahara",0,"Laura"
1276210,19024,"Javier Gutiérrez",1,"Román"
1276210,3240522,"Valèria Sorolla",2,"Cris"
1276210,2270206,"Xavi Sáez",3,"Andrés"
1276210,568274,"Francesc Albiol",4,"Albert"
1276210,1373422,"Aimar Vega",5,"Toni"
1276210,2275499,"Tatín Revenga",6,"Luis"
1276210,1074580,"Jorge Cabrera",7,"Elias Soro (Joven)"
1276210,3197438,"Laia Fontàn",8,"Marga"
1276210,1980581,"Miguel Angel Maciel",9,"Profesor Héctor Sachieri"
1276210,16870,"Celso Bugallo",10,"Elías Soro"
1276210,1048495,"Albert Baró",11,"Román (Joven)"
1276210,2561607,"David M. Santana",12,"Mosso d'Esquadra"
1276210,2556046,"Carlos Alcaide",13,"Andrés (Joven)"
933260,3416,"Demi Moore",0,"Elisabeth"
933260,1392137,"Margaret Qualley",1,"Sue"
933260,6065,"Dennis Quaid",2,"Harvey"
933260,2313436,"Edward Hamilton-Clark",3,"Fred"
933260,1508131,"Gore Abrams",4,"Oliver"
933260,2566289,"Oscar Lesage",5,"Troy"
933260,45849,"Christian Erickson",6,"Man at Diner"
933260,4954230,"Robin Greer",7,"Male Nurse"
933260,584338,"Tom Morton",8,"Doctor"
933260,1720509,"Hugo Diego Garcia",9,"Diego - Boyfriend"
933260,3064977,"Daniel Knight",10,"Casting Director"
933260,2459439,"Jonathon Carley",11,"Assistant Casting Director"
933260,4419893,"Jiselle Henderkott",12,"Girl Auditioning / New Year's Eve Show Dancer"
933260,2144020,"Akil Wingate",13,"TV Host"
933260,1607019,"Vincent Colombe",14,"Man in Suit #1 - Harvey's Office"
1114513,5530,"James McAvoy",0,"Paddy"
1114513,1110405,"Mackenzie Davis",1,"Louise Dalton"
1114513,59233,"Scoot McNairy",2,"Ben Dalton"
1114513,1323109,"Aisling Franciosi",3,"Ciara"
1114513,2556026,"Alix West Lefler",4,"Agnes Dalton"
1114513,4646395,"Dan Hough",5,"Ant"
1114513,2188560,"Kris Hitchen",6,"Mike"
1114513,3120512,"Motaz Malhees",7,"Muhjid"
1114513,1194835,"Jakob Højlev Jørgensen",8,"Torsten"
1201262,2427914,"Joyena Sun",0,"Wei"
1201262,3328190,"Jess Hong",1,"Angela"
1201262,4359739,"Eden Hart",2,"Eve"
1201262,1097391,"Jared Turner",3,"Paul"
1201262,4841427,"Sepi Toa",4,"Jasmine"
1201262,5207026,"Xiao Hu",5,"Aunty Ling"
1201262,4230146,"Gideon Smith",6,"Josh"
1201262,2074404,"Ginette McDonald",7,"Sheryl"
1201262,205427,"Mark Mitchinson",8,"John"
1201262,4359740,"Sam Wang",9,"Liu / Lee (voice)"
1201262,4359746,"Mohan Liu",10,"Young Wei"
1201262,2076357,"Phillip Brooks",11,"Policeman #1"
1201262,1399794,"Andrew Munro",12,"Policeman #2"
1201262,2315643,"Aleni Tufuga",13,"Gardener"
1201262,1506181,"Alison Quigan",14,"Nurse"
718014,34490,"Sarah Paulson",0,"Margaret Bellum"
718014,1493969,"Amiah Miller",1,"Rose Bellum"
718014,120831,"Annaleigh Ashford",2,"Esther Smith"
718014,3910448,"Alona Jane Robbins",3,"Ollie Bellum"
718014,21042,"Ebon Moss-Bachrach",4,"Wallace Grady"
718014,105786,"Arron Shiver",5,"Sheriff Bell"
718014,963767,"Bill Heck",6,"Henry Bellum"
718014,1070,"Frances Lee McCain",7,"Bertha Bell"
718014,1577253,"Courtney Cunningham",8,"Birdie Mae Bell"
718014,1850474,"James Healy Jr.",9,"Dr. Cox"
718014,4981092,"Nathan Gariety",10,"Thomas Smith"
718014,4409916,"Ethan Woodall",11,"Jacob Smith"
718014,1619130,"Hannah Mosqueda",12,"Janie"
718014,3910449,"Emily Katherine Ford",13,"Ada (uncredited)"
814889,4587,"Halle Berry",0,"Momma"
814889,3401898,"Anthony B. Jenkins",1,"Samuel"
814889,1962720,"William Catlett",2,"Father"
814889,2215763,"Percy Daggs IV",3,"Nolan"
814889,565222,"Matthew Kevin Anderson",4,"The Stranger"
814889,2590111,"Christin Park",5,"Paramedic"
814889,1906594,"Stephanie Lavigne",6,"The Evil"
814889,2538431,"Cadence Compton",7,"Young Girl"
814889,2430180,"Mila Morgan",8,"Young Girl"
814889,4967406,"Georges Gracieuse",9,"Old Man"
814889,90723,"Kathryn Kirkpatrick",10,"Grandma"
814889,79185,"Adrien Morot",11,"Puppeteer"
814889,1993855,"Kathy Tse",12,"Puppeteer"
1291594,3370437,"Bob Gallagher",0,"Harold Weems"
1291594,1411925,"LeJon Woods",1,"Apollo"
1291594,1024762,"Nicolas Robin",2,"Lucas"
1291594,3661889,"Caroline Quigley",3,"Naomi"
1291594,2188159,"Victoria Fratz Fradkin",4,"Nova"
1291594,4984603,"Kimberly Salditt Poulin",5,"Deloris Weems"
1291594,4984669,"Leo Wildhagen",6,"Avery"
1291594,4984674,"Elise Manning",7,"Jane Weems"
1291594,5228839,"Sarah Vulvar",8,"Charlotte Hodges"
1291594,2744203,"Misha Reeves",9,"Charlotte Hodges (voice)"
1291594,5228840,"Haze Wildhagen",10,"Neighborhood Kid #1"
1291594,5228842,"Felix Wildhagen",11,"Neighborhood Kid #2"
1291594,5228843,"Geo Vular",12,"Neighborhood Kid #3"
1291594,5228844,"Benjamin Norwood",13,"Neighborhood Kid #4"
1291594,5228845,"Joseph Michael Patrick Flynn",14,"Delivery Guy"
1190868,4914497,"Brian Baker",0,"Self (segment ""Abduction/Adduction"")"
1190868,1267383,"Trevor Dow",1,"Self (segment ""Abduction/Adduction"")"
1190868,1280421,"Gerry Eng",2,"Reed Farrington (segment ""Abduction/Adduction"")"
1190868,118899,"Sam Gorski",3,"Self (segment ""Abduction/Adduction"")"
1190868,1852461,"Mitch Horowitz",4,"Self (segment ""Abduction/Adduction"")"
1190868,118900,"Niko Pueringer",5,"Self (segment ""Abduction/Adduction"")"
1190868,3638031,"Wren Weichman",6,"Self (segment ""Abduction/Adduction"")"
1190868,2815598,"Thom Hallum",7,"Broome (segment ""Stork"")"
1190868,113006,"James C. Burns",8,"Aubert (segment ""Stork"")"
1190868,558915,"Jolene Andersen",9,"Bennet (segment ""Stork"")"
1190868,4914494,"Tyler Andrews",10,"Ivy (segment ""Stork"")"
1190868,3166889,"Vas Provatakis",11,"E.T. (segment ""Stork"")"
1190868,1386927,"Phillip Andre Botello",12,"Segura (segment ""Stork"")"
1190868,1452938,"Michael J. Sielaff",13,"Pale Face & Babysitter (segment ""Stork"")"
1190868,3158773,"Dane DiLiegro",14,"Stork (segment ""Stork"")"
1137205,1496341,"Jessica Belkin",0,"Nancy Osborn"
1137205,23958,"Jeremy Sisto",1,"Edward Osborn"
1137205,928235,"Taylor Kowalski",2,"Jake Collins"
1137205,3695271,"Tara Raani",3,"Tabitha"
1137205,2645904,"Joji Otani Hansen",4,"Bobby"
1137205,146174,"Glen Gould",5,"Sheriff Brooks"
1137205,2886486,"Levon Panek",6,"Drug Dealer"
1137205,2186695,"Brian D. Wolfe",7,"Jackson"
1137205,1790597,"Jack DiFalco",8,"Paddy"
1137205,3922362,"Michael Giannone",9,"Coop"
1137205,1945798,"Kayla Harrity",10,"Samantha"
1137205,4172242,"Christopher M. Lopes",11,"Petey"
1137205,3546884,"Sebastian Delascasas",12,"Cash"
1137205,99144,"Doug Sakmann",13,"Line Cook"
1137205,3135596,"Iryna Scarola",14,"Lisa Osborn"
1020822,1578123,"Oulaya Amamra",0,"Nejma"
1020822,4729207,"Damien Rebattel",1,"Tony"
1020822,4734674,"Vivien Rodriguez",2,"Kylian"
1020822,4729209,"Claude Chaballier",3,"Leonard"
1020822,4729211,"Elies-Morgan Admi-Bensellam",4,"Jordan"
1020822,3742018,"Pierre Roux",5,"Arthur"
1020822,4734675,"Marinette Rafai",6,"Ouarda"
1020822,4734676,"Renaud Vinuesa",7,"Renaud"
1020822,5988110,"Benjamin Cuillé",8,"Le maire"
1020822,5760981,"Philip Chabanon",9,"Speaker 2"
1020822,1179641,"Cendrine Lapuyade",10,"Cendrine"
1020822,5760984,"Vincent Ribera",11,"Adjoint maire"
1020822,5760980,"Bruno Segui",12,"Speaker"
1020822,5760982,"Jacques Valentin",13,"Speaker 3"
978796,237455,"Sam Claflin",0,"Patrick McKee"
978796,221981,"Antonia Thomas",1,"Karina McKee"
978796,5033809,"Caréll Vincent Rhoden",2,"Young Jake McKee"
978796,3769810,"Will Davis",3,"Bagman"
978796,2190584,"Adelle Leonce",4,"Anna Logan"
978796,10207,"William Hope",5,"Chief Isaacs"
978796,1102427,"Steven Cree",6,"Liam McKee"
978796,1263102,"Rosalie Craig",7,"Arlene McKee"
978796,73283,"Peter McDonald",8,"Jake McKee Sr."
978796,138459,"Henry Pettigrew",9,"Don"
978796,3515419,"Frankie Corio",10,"Emily"
978796,583816,"Neil Linpow",11,"Officer Rawls"
978796,1239745,"Sharon D. Clarke",12,"Barbara"
978796,1742694,"Ross Green",13,"Bagman (voice)"
978796,1675329,"Matthew Stagg",14,"Young Patrick McKee"
807339,936970,"Julia Garner",0,"Terry Gionoffrio"
807339,1902,"Dianne Wiest",1,"Minnie Castevet"
807339,38941,"Jim Sturgess",2,"Alan Marchand"
807339,2449,"Kevin McNally",3,"Roman Castevet"
807339,2057222,"Marli Siu",4,"Annie Leung"
807339,1235008,"Andrew Buchan",5,"Leo Watts"
807339,2648396,"Rosy McEwen",6,"Vera Clarke"
807339,202775,"Kobna Holdbrook-Smith",7,"BJ"
807339,1079137,"Anton Blake Horowitz",8,"Casting Director"
807339,1869496,"Raphael Sowole",9,"Toby"
807339,1483206,"Tina Gray",10,"Mrs. Gardenia"
807339,109653,"Patrick Lyster",11,"Dr. Sapirstein"
807339,557384,"Rachel Atkins",12,"Laura-Louise McBurney"
807339,2281613,"Andre Lillis",13,"Dan McBurney"
807339,4959069,"Simon Adkins",14,"Dance Instructor"
1014661,1437491,"Ariana DeBose",0,"Chef"
1014661,2340185,"Barbie Ferreira",1,"Lucia"
1014661,457386,"Arian Moayed",2,"Andres"
1014661,20982,"Marton Csokas",3,"Marcello"
1014661,66443,"Amara Karan",4,"Hiral Sen"
1014661,234783,"Mikkel Bratt Silset",5,"Erik Haas"
1014661,4292004,"Gabriel Drake",6,"Alvin"
1014661,997684,"Imola Gáspár",7,"Witch"
1014661,82363,"Szonja Oroszlán",8,"Host - Taurus"
1014661,2173342,"Soroosh Lavasani",9,"Feder"
1014661,1372672,"Shiraz Khan",10,"Manny"
1014661,3175804,"Jason York",11,"Expeditor Ralphie"
1014661,4954461,"Molnár Rudolf",12,"Busboy"
1014661,19998,"Dorka Gryllus",13,"Host - Farmhouse"
1014661,1493396,"Jeremy Wheeler",14,"Foodie #2"
1089123,2021493,"Julia Brown",0,"Laura"
1089123,1132181,"Nathaniel Martello-White",1,"Robert"
1089123,1476053,"Charles Aitken",2,"James"
1089123,1231284,"Mary Woodvine",3,"Mary"
1089123,2179338,"Rupert Turnbull",4,"Isaac"
1089123,2326720,"Kaisa Hammarlund",5,"Miranda"
1089123,2802758,"Stevie Abrahms",6,"Saanvi"
1089123,58785,"Nila Aalia",7,"Heather"
1089123,1850790,"James Harper-Jones",8,"Older Isaac"
1089123,1460122,"Alice Handoll",9,"Bridgette"
1089123,5051723,"Matthew Allen",10,"The Creature"
1089123,3579405,"Phillipa Flynn",11,"Louise"
1089123,4940380,"Lexi Austin-Jones",12,"Alex"
1089123,134699,"Stella Gonet",13,"Ava"
1089123,4190403,"Lucy Doyle",14,"Dr. Alice Way"
1356236,1816794,"Raymond E. Lee",0,"Detective Mills"
1356236,2699158,"Pachi Lucas",1,"Sister Elizabeth"
1356236,4940595,"Julia Kraiselburd",2,"Mother Superior Susan"
1356236,4255932,"Emilia Mayo",3,"Assisting Sister"
1356236,1446798,"Adriana Torrebejano",4,"Ella"
1356236,5500138,"Valentina Mas",5,"Ellie"
1356236,5500140,"Greta Emma",6,"Assisting Sister"
1356236,5500141,"Paloma Cecilia",7,"Volunteer Students"
1356236,5500143,"Yoji Villar",8,"Volunteer Students"
1356236,5500145,"Sofia Frank",9,"Volunteer Students"
1356236,5500149,"Giuly Lola",10,"Volunteer Students"
1356236,2880085,"Agustin Olcese",11,"Father Ted Gacy"
1356236,1205318,"Pablo Chiapella",12,"Sacerdote"
1356236,3489903,"Alberto Tierrez",13,"Demon"
1317218,1333665,"Elvis Nolasco",0,"Mr. Crocket"
1317218,217589,"Jerrika Hinton",1,"Summer"
1317218,2673929,"Ayden Gavin",2,"Major"
1317218,4011300,"Kristolyn Lloyd",3,"Rhonda"
1317218,2947602,"Alex Alomar Akpobome",4,"Eddie"
1317218,1520083,"Akim Black",5,"Kevin"
1317218,1838518,"Jermaine Rivers",6,"Jerrel"
1317218,4950509,"Riley Vinson",7,"Carey"
1317218,4950499,"Lyla Randall",8,"Kelli"
1317218,4713924,"Jabari Striblin",9,"Darren"
1317218,2188586,"Marcia Myers",10,"Aunt Marcie"
1317218,1607560,"Alex Morf",11,"Bill"
1317218,4261846,"Gina Jarrin",12,"Guidance Counselor"
1317218,4567916,"Mia Nassivera",13,"Volunteer"
1317218,1480514,"Josh Drennen",14,"Officer Aarons"
1260594,1154464,"Luna Maya",0,"Sulastri"
1260594,1202424,"Darius Sinathrya",1,"Soedjiman"
1260594,2120858,"Makayla Rose",2,"Kumala/Sumala"
1260594,4195144,"Ivonne Dahler",3,"Mbok Sum"
1260594,2223259,"Denino Basrial",4,"Mr. Sukir"
1260594,3309003,"Budi Gunawan",5,"Mr. Kusno"
1260594,4963963,"Denny Rahman",6,"Sabdo"
1260594,4783292,"Varen Arianda Calief",7,"Little Sabdo"
1260594,2926437,"Abiyyu Barakbah",8,"Little Abdi"
1260594,4963975,"Ganesha Putra",9,"Sutrisno"
1260594,2520706,"Agus Julian",10,"Sutrisno's Father"
1260594,1001664,"Ananda George",11,"Soekarjo"
1260594,2371450,"Yusuf Ozkan",12,"Jono"
1260594,4668465,"Jonathan Alvaro",13,"Supri"
1260594,4963985,"Attar Kribo",14,"Sukro"
1139937,1773925,"Nathan Tymoshuk",0,"Dallas"
1139937,2578704,"Chelsey Grant",1,"Amy"
1139937,3111266,"Benny Barrett",2,"Scotty"
1139937,1849472,"Toussaint Morrison",3,"Dallas' Brother in Law"
1139937,2701435,"Ali Daniels",4,"Egg Girl / Frogman"
1139937,3589090,"Chris Canfield",5,"Jeremy J"
1139937,4110750,"Brandon Santiago",6,"Woody"
1139937,1660536,"Michael Paul Levin",7,"Sheriff Rhodes"
1139937,4110141,"Jack Neveaux",8,"George Hale"
1139937,2919985,"Chari Eckmann",9,"Gretel"
1139937,3339586,"Arden Michalec",10,"Frogman's Bride"
1139937,1660953,"Analiese Miller",11,"Lizzie"
1139937,1905124,"Justen Jones",12,"Kevin Kyle"
1139937,5345645,"Emily Joe Hayes",13,"Laurie Kyle"
1139937,4110147,"Shea Mikel",14,"Young Lizzie"
1363224,1373099,"Brody Wellmaker",0,"David"
1363224,3472125,"Brian Krainson",1,"Brad"
1363224,3638398,"Violet SinClair",2,"Sarah"
1363224,4968664,"Jennifer Barlow",3,"Cassey"
1363224,4968665,"Parker Denning",4,"Logan"
1363224,4437379,"Lily Misticawi",5,"Sam"
1363224,23646,"Jeremy London",6,"Mr. Collins"
1363224,2677043,"Mackenzie Messick",7,"Jenna"
1363224,4968667,"Jeff Holcomb",8,"Sherriff"
1363224,4968669,"Bianca Medeiros-Krainson",9,"The Witch"
1293263,2131391,"Violet McGraw",0,"Ellen Davis"
1293263,1530558,"Madeleine McGraw",1,"Judith Davis"
1293263,9976,"Henry Thomas",2,"Frank Davis"
1293263,62910,"Sarah Lind",3,"Laura Davis"
1293263,3053616,"Jacob Moran",4,"David"
1293263,21366,"Roma Maffia",5,"Beatrice Villalobos"
1293263,1215617,"Felix Solis",6,"Joe Callahan"
1293263,439765,"Christina Moore",7,"Ruth Petersen"
1293263,4427710,"Brynne Kurland",8,"Candice"
1293263,1993492,"Danielia Maximillian-Almeda",9,"Martha"
1293263,2504904,"Connor Hammond",10,"Perkins"
1293263,4951641,"Archer Anderson",11,"Jonah Petersen"
1293263,4718183,"Ari Friedman",12,"3 year old Jonah"
1293263,1570357,"Matt Fowler",13,"Police Officer"
1293263,2182160,"Amato D'Apolito",14,"George Petersen"
1244244,585211,"Masaki Suda",0,"Ryōsuke Yoshii"
1244244,2187869,"Kotone Furukawa",1,"Akiko Fujita"
1244244,2619769,"Daiken Okudaira",2,"Takeshi Sano"
1244244,1177946,"Amane Okayama",3,"Tatsuya Miyake"
1244244,1096814,"Masaaki Akahori",4,"Soichi Tonoyama"
1244244,842578,"Mutsuo Yoshioka",5,"Yabe"
1244244,2109323,"Yugo Mikawa",6,"Inoue"
1244244,1063266,"Maho Yamada",7,"Chizuru Tonoyama"
1244244,1129848,"Toshihiro Yashiba",8,"Hojo"
1244244,79458,"Yoshiyuki Morishita",9,"Murota"
1244244,1738775,"Tetsuya Chiba",10,"Hunter"
1244244,1385839,"Tomomitsu Adachi",11,"Man Scammed by Miyake"
1244244,1906681,"Ryo Yoshida",12,"Real Estate Agent"
1244244,3597409,"Mamoru Hagiwara",13,"Vandal"
1244244,3385374,"Soichiro Tanaka",14,"Yoshii's Colleague"
1155090,3901,"Richard Brake",0,"Darwin"
1155090,35863,"Andrew-Lee Potts",1,"Daniel"
1155090,237027,"Bill Fellows",2,"Jeff"
1155090,221599,"Rufus Hound",3,"Steve"
1155090,1231950,"Katie Sheridan",4,"Cath"
1155090,1811457,"Sally Collett",5,"Donna"
1155090,1681937,"Samantha Neale",6,"Sally"
1155090,1987680,"Alana Wallace",7,"Luna"
1155090,2675528,"Jennifer K Preston",8,"Hannah"
1155090,2356694,"Jacob Anderton",9,"James"
1155090,3705002,"Dean Bone",10,"Mark"
1155090,4114064,"Sarah Lewis Obuba",11,"Natasha"
1155090,2056332,"Miles Mitchell",12,"Dan"
1155090,72315,"Ben Crompton",13,""
1155090,2778275,"Steven Blades",14,"Terry"
1141182,530,"Carrie-Anne Moss",0,"Mae"
1141182,60077,"Douglas Smith",1,"Ethan"
1141182,81685,"Frank Grillo",2,"Kai"
1141182,550522,"Kimberly-Sue Murray",3,"Emma"
1141182,51937,"Jonathan Cherry",4,"Tom"
1141182,62246,"Amy Matysio",5,"Jolene"
1141182,159291,"Steven Roy",6,"The Wolf"
1141182,3578777,"Harlan Blayne Kytwayhat",7,"The Fox"
1141182,1079959,"Sari Mercer",8,"Sara"
1141182,1306767,"Leo Fafard",9,"Hunter"
1141182,1403448,"Laura Abramsen",10,"Jawless Woman"
1141182,1189587,"Ryland Alexander",11,"Monstrous Man"
1141182,2606735,"Jason Truong",12,"Hunter’s Driver"
1141182,4774904,"Palmer Tastad",13,"Caroline"
1141182,2207063,"George Grassick",14,"Ash Man"
1125510,2560224,"Milena Smit",0,"Perempuán"
1125510,1131415,"Hovik Keuchkerian",1,"Zamiatin"
1125510,3300,"Natalia Tena",2,"Sahabat"
1125510,59129,"Óscar Jaenada",3,"Dagin Babi"
1125510,31422,"Ivan Massagué",4,"Goreng"
1125510,970993,"Zorion Eguileor",5,"Trimagasi"
1125510,1075115,"Bastien Ughetto",6,"Robespierre"
1125510,2026751,"Armando Buika",7,"Barbarian Level 73"
1125510,3824743,"Pedro Bachura",8,"Barbarian Level 54"
1125510,961,"Antonia San Juan",9,"Imoguiri"
1125510,1640347,"Alexandra Masangkay",10,"Miharu"
1125510,1031961,"Emilio Buale",11,"Baharat"
1125510,1331701,"Albert Pla",12,""
1125510,1391915,"Gorka Zufiaurre",13,"Down Syndrome Prisoner"
1125510,1276992,"Ken Appledorn",14,"Loyalist Level 52"
1029235,1372369,"Samara Weaving",0,"Azrael"
1029235,1141086,"Vic Carmen Sonne",1,"Miriam"
1029235,137537,"Katariina Unt",2,"Josefine"
1029235,1460359,"Peter Christoffersen",3,"Demian"
1029235,221980,"Nathan Stewart-Jarrett",4,"Kenan"
1029235,3804639,"Johhan Rosenberg",5,"Anton"
1029235,85751,"Eero Milonoff",6,"Luther"
1029235,1442695,"Sebastian Bull Sarning",7,"Isaac"
1029235,1562631,"Rea Lest-Liik",8,"Liesl"
1029235,1634845,"Phong Giang",9,"Sevrin"
1029235,2238550,"Sonia Roszczuk",10,"Burnt Woman"
1029235,4037179,"Valentin Tzin",11,"Tall Burnt Man"
1029235,1710274,"Vincent Willestrand",12,"Leon"
1029235,2473413,"Karen Bengo",13,"Esmeralda"
1029235,2801110,"Felix Leech",14,"Thin Burnt Man"
378160,47297,"James Marsters",0,"Les Hackel"
378160,5695,"Sid Haig",1,"Sal"
378160,4443,"Christopher McDonald",2,"Police Chief Richter"
378160,5139,"Robert Englund",3,"Mr. Salk"
378160,98106,"Rich Fulcher",4,"Dummkopf"
378160,63464,"Patrick Cavanaugh",5,"Dennis"
378160,1565376,"David Alen",6,"Rich Dad"
378160,1089169,"Carole Ruggier",7,"Doreen Hackel"
378160,1105465,"Kerry Finlayson",8,"Allison"
378160,588606,"Alice L. Walker",9,"Rich Mom"
378160,1300664,"Darren Darnborough",10,"Clive"
378160,1410622,"John Wuchte",11,"Dr. Travers"
378160,291263,"Jordan Peele",12,"Danny"
378160,1107297,"Hana Mae Lee",13,"Chelsea"
378160,1891226,"Sohm Kapila",14,"Nurse Victoria"
1359977,1053299,"Neil Green",0,"David Bryson"
1359977,83338,"Elissa Dowling",1,"Michelle Bryson"
1359977,3503484,"Chynna Rae Shurts",2,"Masha Bryson"
1359977,3672754,"BJ Mezek",3,"Derek Graves"
1359977,2337646,"Jason Brooks",4,"Cult Monster"
1359977,3630908,"Brad Littlefield",5,"Rich"
1359977,5144357,"Naomi Mechem-Miller",6,"Cult Witch"
1359977,4793604,"Michelle Colman Padron",7,"Khila"
1359977,5144362,"Daisia Parker",8,"Casey"
1359977,5144364,"Marieka Prom",9,"Witch"
1054561,973901,"Marjorie Estiano",0,"Ana"
1054561,1837011,"Chandelly Braz",1,"Cristina"
1054561,562363,"Javier Drolas",2,"Ulisses"
1054561,1831301,"Reynaldo Machado",3,"Roque"
1054561,1837016,"Val Perré",4,"Dias"
1054561,1775938,"Angela Rabello",5,"Drika"
1054561,553530,"Helena Varvaki",6,"Carmem"
1054561,2145270,"Rafael Canedo",7,"Mourão"
1054561,3195862,"Maria Volpe",8,"Lia"
1054561,1692321,"Mel Nunes",9,"Ana (Criança)"
1054561,571470,"Thelmo Fernandes",10,"Coronel"
1054561,4422982,"João Lucas Romero",11,"Paramédico"
1054561,1747600,"Ricardo Ventura",12,"Sr. Carvalho"
1054561,1866169,"Rodrigo de Arruda",13,"Visitante Metaleiro"
1054561,4182365,"Lourisinha Fernandes",14,"Moradora Asilo"
1030983,1974644,"Tanner Stine",0,"Cole"
1030983,1493434,"Kaylee Kaneshiro",1,"Kasey"
1030983,34842,"Tony Amendola",2,""
1030983,57189,"Ryan Whitney",3,"Mila"
1030983,2276512,"Hal Cumpston",4,"Westin"
1030983,2416321,"Angela Halili",5,"Sophie"
1030983,2941461,"Scarlett DeMeo",6,""
1030983,17303,"Ali Larter",7,"Maura Randell"
1030983,15033,"Justin Long",8,"Sheriff Stanton"
1030983,2535131,"Christopher Ammanuel",9,"Travis"
1030983,1080843,"Emily Skinner",10,"Carleen"
1030983,1304187,"Tyler Wolfe",11,"Cole's Dad"
1030983,3238078,"Grant Morningstar",12,""
1030983,3754486,"Nathan Kohnen",13,""
1030983,5727192,"Sophia DeWier",14,"Phyllis"
748230,1700685,"Lewis Pullman",0,"Ben Mears"
748230,1376883,"Makenzie Leigh",1,"Susan Norton"
748230,2547617,"Jordan Preston Carter",2,"Mark Petrie"
748230,1981,"Alfre Woodard",3,"Dr. Cody"
748230,121718,"Bill Camp",4,"Matt Burke"
748230,21179,"John Benjamin Hickey",5,"Father Callahan"
748230,1696014,"Nicholas Crovetti",6,"Danny Glick"
748230,4012,"Spencer Treat Clark",7,"Mike Ryerson"
748230,90060,"Pilou Asbæk",8,"R.T Straker"
748230,1531921,"Alexander Ward",9,"Kurt Barlow"
748230,2919599,"Danielle Perry",10,"Marjorie Glick"
748230,168331,"Debra Christofferson",11,"Ann Norton"
748230,6573,"William Sadler",12,"Parkins Gillespie"
748230,1419122,"Timothy John Smith",13,"Royal Snow"
748230,4272735,"Mike Kaz",14,"Hank Peters"
1336189,1221080,"Alexander Arnold",0,"Lee"
1336189,4389221,"Liam James Collins",1,"Nathan"
1336189,2669776,"Arthur Sylense",2,"Jasper"
1336189,2168436,"Nadine Higgin",3,"Rebecca"
1336189,148016,"Jussi Lampi",4,"Mr. Plow"
1336189,2582846,"Joey Palmroos",5,"Mark"
1336189,2382922,"Darren McStay",6,"Paul"
1336189,4894690,"Thom Chacon",7,"Lone Driver"
1336189,4894691,"Jeremiah Crosby",8,"Joe"
1336189,3451888,"Celin El Azizi",9,"Annemarie"
1336189,4894693,"Thomas Dellinger",10,"Gas Station Attendant"
1336189,2759605,"Alistair Logan",11,"Howard"
1336189,4894679,"Hannu Oikarinen",12,"Mailman"
1301650,4534066,"Purevjargal Erdenebileg",0,"Inga"
1301650,4497442,"Bazarragchaa Byambajav",1,"Pau"
1301650,6086212,"Tsenguun Chingis",2,"Tsegts"
1301650,6086214,"Byambasuren Bumbayar",3,"Bold"
1301650,4534065,"Batbaatar Batkhuleg",4,"Tairdas"
1301650,4431731,"Odgerel Bat-Orshikh",5,"Tuya"
1301650,6086221,"Dashnamjil Iderjavkhlan",6,"Ibra"
1301650,6086223,"Sukhbaatar Sukhbat",7,"Menen"
1301650,6086226,"Unubold Enkhbaatar",8,"Tsengel"
1301650,6086230,"Oyun Erdene Oyunsuren",9,"Sochi"
1301650,6086232,"Anudari Sereenenbazar",10,"Namuun"
1294496,4021100,"Brent Bentley",0,"Jace"
1294496,1644382,"Rob Scallon",1,"Josh"
1294496,1163461,"Craig Benzine",2,"Seth"
1294496,3685970,"Jeremy Warner",3,"Tall John"
1294496,4731040,"Sarah Elizabeth",4,"Matilda"
1294496,4731043,"Stephen Kristof",5,"Bradford"
1294496,2479472,"Katelin Stack",6,"Rosemary"
1294496,4136042,"Adam Hinkle",7,"Danny"
1294496,4731041,"Janet Jurado",8,"V"
1294496,4731042,"Tyra Renee",9,"Mika"
1294496,1885237,"Cydney Moody",10,"Celeste"
1294496,4980333,"Ana Dragovich",11,"Taylor"
1294496,4980334,"Kelton Neals",12,"Zade"
1294496,1505941,"Tommy Martin",13,"Walt"
1226840,1216908,"Adam David Thompson",0,"Joseph"
1226840,2259152,"Riley Dandy",1,"Sidney"
1226840,3393198,"Chloe Skoczen",2,"The Visitor"
1226840,1074560,"Justin Benson",3,"The Vise Grip Left"
1226840,33397,"Sarah Bolger",4,"The Vise Grip Right"
1226840,4937801,"Jori Lynn Felker",5,"Waitress"
1226840,583479,"Aaron Moorhead",6,"Video Instructor November"
1226840,2088521,"David Lawson Jr.",7,"Video Instructor Lima"
1226840,5346474,"Zachary Clark",8,"Drunkard Amick"
1226840,2594911,"Connor Hawkins",9,"Drunkard Mekler"
1226840,1141538,"Michael Felker",10,"Drunkard Felker"
1139713,20186,"Damian Lewis",0,"Peter Radley / Will Radley"
1139713,9015,"Kelly Macdonald",1,"Helen Radley"
1139713,1814072,"Bo Bragason",2,"Clara Radley"
1139713,2478374,"Harry Baxendale",3,"Rowan Radley"
1139713,1252533,"Sophia Di Martino",4,"Lorna Felt"
1139713,27764,"Steven Waddington",5,"Mark Felt"
1139713,1879142,"Madeleine Power",6,"Tilly"
1139713,30316,"Shaun Parkes",7,"Jared Copeleigh"
1139713,2588506,"Jay Lycurgo",8,"Evan Copeleigh"
1139713,2622627,"Freddie Wise",9,"Stuart Harper"
1139713,2483264,"Suan-Li Ong",10,"Croupier"
1139713,2336131,"Sarah Durham",11,"Nicola"
1139713,1675860,"Lonnie Holley",12,"Teenager (as Holly May Bradley)"
1139713,1602424,"Mark Weinman",13,"Danny"
1139713,5073283,"Sophie Mercell",14,"PC Henshall"
1139095,2829463,"Krsy Fox",0,"Mindy Vogel"
1139095,117190,"Jon Sklaroff",1,"Agyar"
1139095,2110585,"Elizabeth Phoenix Caro",2,"Alice Vogel"
1139095,27995,"Barbara Crampton",3,"Sonya Whitfield"
1139095,5141,"Heather Langenkamp",4,"Ellenor"
1139095,87287,"Bonnie Aarons",5,"Mother"
1139095,533717,"Chaz Bono",6,"Paul"
1139095,1502952,"Lyndsi LaRose",7,"Gail"
1139095,84897,"Mark Kelly",8,"Burt Holzman"
1139095,4077296,"Angel Melanson",9,"Adult Alice"
1139095,1766087,"James A. Janisse",10,"Doug"
1139095,1766086,"Chelsea Rebecca",11,"Talia"
1139095,4011968,"Elle Riot Fox",12,"Penny"
1139095,1699910,"Christopher Alvarenga",13,"Jack Vogel"
1127407,1038002,"Conor Sweeney",0,"Conor"
1127407,2865120,"Kristy Wordsworth",1,"Kristina"
1127407,190919,"Adam Brooks",2,"Mr. Buechler, Boink (voice)"
1127407,1038000,"Matthew Kennedy",3,"Frankie Freako (voice)"
1127407,1123837,"Meredith Sweeney",4,"Dottie Dunko (voice)"
1127407,1035399,"Rich Evans",5,"President Munch (voice)"
1127407,57195,"Rob Schrab",6,"Robe Delaney"
1127407,1408667,"Patrick Baxter",7,"Frustrated Man"
1127407,1293988,"Kate Freund",8,"Disappointed Lady"
1127407,1559372,"Brandi Boulet",9,"Commercial Narrator (voice)"
1127407,229164,"Mike Stoklasa",10,"Freako Tutorial Narrator (voice)"
1127407,2955020,"Stuart Wellington",11,"Major FK (voice)"
1127407,4256330,"Dan McCoy",12,"FK #1 (voice)"
1127407,1230192,"Elliott Kalan",13,"FK #2 (voice)"
1127407,1035398,"Jay Bauman",14,"Street Freako (voice)"
1118031,2422766,"Francisco Ortiz",0,"Manel"
1118031,72128,"José María Yázpik",1,"Pritchenko"
1118031,1457340,"Berta Vázquez",2,"Lucía"
1118031,2264694,"Iria del Río",3,"Julia"
1118031,1460406,"Marta Poveda",4,"Belén"
1118031,5043607,"Amalia Gómez",5,"Gabriela"
1118031,1468897,"María Salgueiro",6,"Sister Cecilia"
1118031,1808448,"Yuri Mykhaylychenko",7,"Ushakov"
1118031,5043610,"Ian Monclús",8,"Max"
1118031,5043611,"Yaiza Macías",9,"Laila"
1118031,5043615,"Ana García Molero",10,"Iria"
1118031,5043620,"Iago Andrade",11,"Carlos"
1118031,5043622,"Mohamed-Ali Boulabiar",12,"Kamil"
1118031,2778058,"Sergey Grab",13,"Sergey"
1118031,4115104,"Beka Lemonjava",14,"Cheslav"
928480,2461,"Mel Gibson",0,"Gene Carruthers"
928480,2803710,"Mason Thames",1,"Noah Reed"
928480,1942582,"Julian Lerner",2,"Eugene Wexler"
928480,1559702,"Abby James Witherspoon",3,"Sammy Devers"
928480,2072198,"Noah Cottrell",4,"Ben Driskel"
928480,34070,"Nora Zehetner",5,"Abby Reed"
928480,11478,"Lorraine Bracco",6,"Miss Halverson"
928480,2498860,"Emma Fasano",7,"Lilly Reed"
928480,3053619,"Spencer Fitzgerald",8,"Ronnie Harlow"
928480,69740,"Patrick Renna",9,"Umpire"
928480,2463201,"Ashley Rae Riddick",10,"Witch"
928480,2919506,"Gavin Bedell",11,"Kevin Lampkey"
928480,168875,"Gary Weeks",12,"Chief Hartley"
928480,1536389,"Bobbi Baker",13,"Hannah Driskel"
928480,949183,"Kelly Collins Lintz",14,"Deb Harlow"
1130276,1564490,"Brendan Bradley",0,"Chris"
1130276,1495677,"Rachel Cook",1,"Adra"
1130276,1423663,"Olivia Grace Applegate",2,"Sharon"
1130276,1316479,"Derek Smith",3,"Eddie"
1130276,1533902,"Emily Kincaid",4,"Charlisse"
1130276,2372,"Ron Perlman",5,"Dr. Orion Zephyr"
1130276,2165,"Rosanna Arquette",6,"Denise"
1368213,4988848,"Janna Jenkins",0,"Self"
1368213,4988849,"Austin Jenkins",1,"Self"
1368213,4988851,"Ginny Randall",2,"Self"
1368213,4988853,"Alicia Vaughn",3,"Self"
1034541,1882502,"Lauren LaVera",0,"Sienna Shaw"
1034541,1880016,"David Howard Thornton",1,"Art the Clown"
1034541,1676771,"Samantha Scaffidi",2,"Victoria Heyes"
1034541,2787720,"Elliott Fullam",3,"Jonathan Shaw"
1034541,37405,"Margaret Anne Florence",4,"Jessica"
1034541,65769,"Bryce Johnson",5,"Greg"
1034541,1452953,"Alexa Blair Robertson",6,"Mia"
1034541,3743767,"Antonella Rose",7,"Gabby"
1034541,3250317,"Mason Mecartea",8,"Cole"
1034541,2829463,"Krsy Fox",9,"Jennifer"
1034541,3346459,"Luciana VanDette",10,"Juliet"
1034541,15661,"Clint Howard",11,"Smokey"
1034541,98661,"Bradley Stryker",12,"Eddie"
1034541,43774,"Daniel Roebuck",13,"Charlie Johnson / Santa Claus"
1034541,105656,"Christopher Irvine",14,"Burke"
1354627,78798,"Tom Kenny",0,"SpongeBob / Cabin / Clam / Snail / Tall Tail / Vampire Monster / Sea Urchins / Jellyfish / Anchovies (voice)"
1354627,34398,"Bill Fagerbakke",1,"Patrick / Anchovy #2 / Roh / Sea Urchins / Anchovies (voice)"
1354627,70615,"Rodger Bumpass",2,"Squidward / Regigilled / The Creeper / Sea Urchins (voice)"
1354627,6574,"Clancy Brown",3,"Mr. Krabs / Anchovies (voice)"
1354627,78799,"Carolyn Lawrence",4,"Sandy / Rea / Teen Girls / Sea Urchins / Anchovies (voice)"
1354627,188229,"Mr. Lawrence",5,"Plankton / Larry the Lobster / Anchovy #1 / Sea Bunnies / Sea Urchins (voice)"
1354627,24358,"Lori Alan",6,"Pearl / Teen Girls (voice)"
1354627,59784,"Carlos Alazraqui",7,"Harvey / Anchovy #3 / Sea Bunnies / Sea Urchins / Nobby / Orange Fish (voice)"
1354627,23680,"Dee Bradley Baker",8,"Bubble Bass / Kevin C. Cucumber / Craig Mammalton / Kidferatu / Rock Monster / Anchovies (voice)"
1354627,53364,"India de Beaufort",9,"Maisey Manes (voice)"
1354627,15761,"Grey DeLisle",10,"Preda Tory / Big Roxie / Elwood (voice) (as Grey DeLisle)"
1354627,80634,"Mary Jo Catlett",11,"Mrs. Puff (voice)"
1354627,1224791,"John Gegenhuber",12,"Jimmy Blobfish / Anchovies (voice)"
1354627,84495,"Jess Harnell",13,"The Kraken (voice)"
1354627,191855,"Kate Higgins",14,"Little Roxie / Narlene (voice)"
1247019,1197012,"Nadech Kugimiya",0,"Yak"
1247019,1560844,"Ongart Cheamcharoenpornkul",1,"Sergeant Paphan"
1247019,3415057,"Kajbhunditt Jaidee",2,"Yos"
1247019,4338889,"Peerakrit Phacharaboonyakiat",3,"Yod"
1247019,3947368,"Jelilcha Kapaun",4,"Yad"
1247019,4338888,"Rattanawadee Wongthong",5,"Yam"
1247019,3606315,"Nutthacha Padovan",6,"Yee"
1247019,1027750,"Paramej Noiam",7,"Hang"
1247019,1203876,"Arisara Wongchalee",8,"Boonyen"
1247019,1832785,"Phiravich Attachitsataporn",9,"Pradit"
1247019,64372,"Sahatchai Chumrum",10,"Luechai"
1247019,3921277,"Todsapol Maisuk",11,"Jirasak"
1247019,2073909,"Thanatsaran Samthonglai",12,"Nawin"
1247019,3638742,"Manita Chobchuen",13,"Black Spirit"
1247019,3131644,"Yasaka Chaisorn",14,"Puang"
1180648,67206,"Andrew Howard",0,"Jakov"
1180648,208470,"Philip Brodie",1,"Paul"
1180648,585467,"Kamka Tocinovski",2,"Natalija"
1180648,2602918,"Joakim Tasić",3,"Bodin"
1180648,1892225,"Dušica Nastova",4,"Ana"
1180648,2239976,"Srđan Petrović",5,"Veles"
1180648,1056308,"Predrag Momčilović",6,"Zvonko"
1340332,237640,"Jiiva",0,"Vasanth"
1340332,1900674,"Priya Bhavani Shankar",1,"Aaranya"
1340332,1834071,"Vivek Prasanna",2,"Manohar"
1340332,2034303,"Shah Ra",3,"Suresh"
1340332,2303123,"Swayam Siddha",4,"Prabha"
1340332,1187400,"Yog Jappie",5,"Inspector Sivaraj"
1340332,3024488,"Sindhuri",6,"Lalitha"
1340332,5052337,"Raja Rudrakodi",7,"Ganesh"
901060,11160,"Danny Trejo",0,"Bravo"
901060,20190,"Efren Ramirez",1,"Miguel"
901060,85759,"Maria Canals-Barrera",2,"Bruja"
901060,37027,"Lew Temple",3,"Tommy Lasorda"
901060,8666,"Sal Lopez",4,"Abuelo"
901060,1254331,"Sol Rodriguez",5,"Guadalupe"
901060,156440,"Terri Hoyos",6,"Viejita"
901060,1223877,"Vincent M. Ward",7,"Eugene"
901060,1776583,"Richard Esteras",8,"Quasimodo"
901060,2013575,"Emma Ramos",9,"Dolores"
901060,2798597,"Samantha Ashley",10,"Carmela"
901060,1346698,"Raul Casso",11,"Matteo"
901060,1787238,"Delores Wheeler",12,"Tammy LaSorta"
901060,2567292,"Jason Parks",13,"Deputy"
901060,1828240,"Thomas Rivas",14,"Mercenary"
1156212,2267518,"Silvero Pereira",0,"Francisco"
1156212,1717350,"Giovanna Grigio",1,"Elena"
1156212,123760,"Bruno Garcia",2,"Zico Brandão"
1156212,2172524,"Christian Malheiros",3,"Beto"
1156212,3407684,"Xamã",4,"Nivaldo"
1156212,2374743,"Bruna Mascarenhas",5,"Cristina"
1156212,228029,"Mel Lisboa",6,"Martha"
1156212,571469,"Augusto Madeira",7,"Delegado Medeiros"
1156212,1252323,"Marco Pigossi",8,"Vicente"
1156212,3169795,"Gustavo Bispo",9,"Marcelo"
1156212,4669147,"Nicolas Lee",10,"Patinador 1"
1156212,5008821,"Matheus Rozendo",11,"Patinador 2"
1156212,4696398,"Shaolin",12,"Ricardo"
1156212,2424781,"Alana Oliveira",13,"Jovem Ibirapuera"
1156212,1742143,"Alexandre Ogata",14,"Roberto"
1301122,1488019,"Erkan Sulcani",0,"Juso"
1301122,4021805,"Linus Gomolka",1,"Dennis"
1301122,3900546,"Roman Boeer de Garcez",2,"Felix"
1301122,4462152,"Leontin Slavkov",3,"Idris"
1301122,4760023,"Antonia Catharina Düwel",4,"Sarah"
1301122,4760025,"Leah Herold",5,"Sophia"
1301122,2131476,"Georges Khoukaz",6,"Tony"
1301122,4273384,"Jakob Pinter",7,"Mark"
1301122,3698229,"Matteo Pasquini",8,"Alexander"
1301122,1991858,"Thorsten Kavur",9,"Bickenbach"
1301122,5858,"Hassan Chahrour",10,"Hassan"
1301122,2187628,"Elias Gabele",11,"Von Papendorf"
1301122,4760870,"Kenneth McGinley",12,"Officer"
1301122,4760873,"Jana Lesley Kühne",13,"Miriam"
1301122,1828854,"Mirko Ilić",14,"Nazi Helper 1"
1306764,586013,"Sid Lucero",0,"Francis"
1306764,1193808,"Beauty Gonzalez",1,"Iris"
1306764,1502359,"Marco Masa",2,"Josh"
1306764,4786561,"Aiden Patdu",3,"Lucas"
1306764,114871,"James Blanco",4,"Diego"
1306764,568975,"Enchong Dee",5,"Corcuera"
1306764,278923,"Joel Torre",6,"Arturo"
1306764,223852,"Bing Pimentel",7,"Rosario"
1306764,1553389,"Krystal Brimner",8,"Alice"
1306764,5027724,"Felizardo Ausan",9,"Mang Orly"
1306764,5027725,"Choco Maafi",10,"Young Francis"
1306764,5220841,"Miguel Vasquez",11,"Main Soldier Dead One"
1306764,1760239,"Erin John Martir",12,"Old Dead One"
1306764,5220845,"Dora",13,"Dog"
1306764,5220848,"Hernel Magbanua",14,"Abel Family"
1100782,240724,"Naomi Scott",0,"Skye Riley"
1100782,14892,"Rosemarie DeWitt",1,"Elizabeth Riley"
1100782,1371509,"Lukas Gage",2,"Lewis"
1100782,3535991,"Miles Gutierrez-Riley",3,"Joshua"
1100782,31514,"Peter Jacobson",4,"Morris"
1100782,60960,"Ray Nicholson",5,"Paul Hudson"
1100782,1308373,"Dylan Gelula",6,"Gemma"
1100782,557579,"Raúl Castillo",7,"Darius"
1100782,59219,"Kyle Gallner",8,"Joel"
1100782,69597,"Drew Barrymore",9,"Drew Barrymore"
1100782,1578556,"Zebedee Row",10,"Alexi"
1100782,1832096,"Roberts Jekabsons",11,"Yev"
1100782,1831645,"Sean Stolzen",12,"Maksim"
1100782,1437486,"Jon Rua",13,"Anton"
1100782,3420957,"Vladimir Duthiers",14,"Vladimir Duthiers"
1249385,3742245,"Kia Dorsey",0,"Laura"
1249385,4638786,"Zaen Haidar",1,"Vin"
1249385,1355473,"Sam Lukowski",2,"Adrien"
1249385,26853,"Michael C. Williams",3,"Pete"
1249385,2536479,"Emily Bennett",4,"Meg"
1249385,4638787,"Vienna Maas",5,"Samantha"
1249385,2100160,"Aiden Hughes",6,"Daniel"
1249385,1208565,"Daniel Mascarello",7,"Mr. Wattley"
1249385,1521437,"Rebekah McKendry",8,"Narrator (voice)"
1249385,2774001,"Carlo Glorioso",9,"Husband"
1249385,5006723,"Stella Glorioso",10,"Kid 1"
1249385,5498313,"Luca Glorioso",11,"Kid 2"
1249385,5498315,"John Perrin",12,"Officer 1"
1249385,2127356,"Sharrie McCain",13,"Officer 2"
1249385,4518366,"Manuel Poblete",14,"Mover 1"
1199974,4354163,"Farid Escalante Correa",0,"Salvador"
1199974,4354159,"Leonardo Cervantes",1,"Oliver"
1199974,4076912,"Mateo Ortega Casillas",2,"Benjamin"
1199974,4354161,"Norma Flores",3,"Criatura Hembra (Mamá)"
1199974,1686246,"Horacio F. Lazo",4,"Criatura Macho (Papá)"
1199974,2008873,"Carla Adell",5,"Valeria"
1199974,1186821,"Juan Carlos Remolina",6,"Rogelio"
1199974,89445,"Noé Hernández",7,"Enoc"
1199974,6112311,"Jason Luis Rodríguez",8,"Psicópata"
1199974,5774570,"Omar Karim",9,"Infectado Encadenado"
1308546,1768964,"Peyton Elizabeth Lee",0,"Kira"
1308546,1453680,"Corey Fogelmanis",1,"Cody"
1308546,3489398,"Jackson Kelly",2,"Wes"
1308546,1215979,"Carla Jimenez",3,"Barb"
1308546,559627,"Jonah Lees",4,"Shane"
1308546,1333665,"Elvis Nolasco",5,"AJ"
1308546,4188855,"Wyatt Lindner",6,"Trevor"
1308546,1717237,"Sasha Mason",7,"Maddie"
1308546,2778268,"Marc-Sully Saint-Fleur",8,"Kevin"
1308546,979412,"Matty Cardarople",9,"Clint"
1308546,1026877,"Ted Ferguson",10,"Arthur"
1308546,132078,"DJ Qualls",11,"Bill"
1308546,1534,"Chris Elliott",12,"Earl"
1308546,5013641,"Goldy Wolf",13,"Little Girl"
1308546,3430108,"Reed Willard",14,"Jimmy ""Koz"""
1063877,205976,"Kelsey Asbille",0,"Iris"
1063877,168877,"Finn Wittrock",1,"Richard"
1063877,1791599,"Moray Treadwell",2,"Bill"
1063877,1768996,"Daniel Francis",3,"Dontrell"
1063877,4825475,"Denis Kostadinov",4,"Mateo"
1063877,1685018,"Kate Nichols",5,"Young Mom"
1063877,5021223,"Skye Little Wing Dimova-Saw",6,"Boy"
1063877,2890151,"Dylan Beam",7,"Daughter (voice) (uncredited)"
1063877,3719550,"Sarah Sarandos",8,"Selfie Girl (uncredited)"
1063877,2626037,"Zainab Azizi",9,"Selfie Girl (uncredited)"
1377505,1980654,"Thibul Nettle",0,""
1377505,2095157,"Claudia Bonifazio",1,""
1377505,2045328,"Natasha Wanganeen",2,""
1299372,2025252,"Ester Expósito",0,"Andrea"
1299372,1700784,"Mathilde Ollivier",1,"Marie"
1299372,1354553,"Malena Villa",2,"Camila"
1299372,1613120,"José Luis Ferrer",3,"Hombre de Negro"
1299372,2640359,"Claudia Roset",4,"Sara"
1299372,3648955,"Lía Lois",5,"Laura"
1299372,929712,"Sonia Almarcha",6,"Mercedes"
1299372,119972,"Tomás del Estal",7,"Gonzalo"
1299372,1787122,"Lautaro Bettoni",8,"Adolfo"
1299372,1031744,"Àlex Monner",9,"Pau"
1299372,2406318,"Sebastián Arzeno",10,"Cuevas"
1299372,1051298,"María Ucedo",11,"Madre Camila"
1299372,658081,"Darío Levy",12,"Padre Camila"
1299372,2480552,"Guillermina Sorribes Liotta",13,"Lisbeth niña"
1299372,3039020,"Pierre Marquille",14,"Claude Montand"
1286767,11109,"Nick Frost",0,"Ian"
1286767,1770527,"Synnøve Karlsen",1,"Anne"
1286767,1386825,"Luke Norris",2,"Patrick"
1286767,4273538,"Tilly Woodward",3,"Ghost"
1286767,1646764,"Tessa Parr",4,"Jessica"
1286767,1677043,"George Bukhari",5,"Ryan"
1262983,3811652,"Milton Riche",0,"Romain"
1262983,4608050,"Laurie Pavy",1,"Anaïs"
1262983,2740498,"Lucille Guillaume",2,"Julia"
1262983,4341735,"Yovel Lewkowski",3,"Noa"
1262983,5001289,"Sasha Rudakova",4,"Woman on the Road"
1262983,3477320,"Vincent Pasdermadjian",5,"Dealer"
1262983,5018243,"Jeremiah Bourgeois",6,"Voisin"
1262983,3735933,"Najim Zeghoudi",7,"Ryan"
1262983,5018245,"Valentine Goujon",8,"Samara"
1262983,5018250,"Lyam Stiti",9,"Sekou"
1262983,5018253,"Guillaume Daar Aliabiev",10,"Tom"
1262983,2456951,"Gabriel Picq",11,"Pablo"
1262983,5018257,"Sami Abed",12,"Chauffeur VTC"
1262983,5018258,"Coriane Alcade",13,"Bar Manager"
1262983,5018259,"Aurélie Moreau",14,"Underground Woman"
1249532,2712,"Michael Biehn",0,"Uncle Schmitty"
1249532,1057485,"Tess Haubrich",1,"Maddy"
1249532,126579,"Aaron Pedersen",2,"Dave"
1249532,1184801,"Angie Milliken",3,"Aunt Donna"
1249532,56496,"Mungo McKay",4,"Stan"
1249532,2641442,"Nancy Rizk",5,"Jimmy"
1249532,80270,"Don Bridges",6,"Ben"
1249532,3663805,"Molly Belle Wright",7,"Young Maddy"
1249532,4554565,"Liam Greinke",8,"Robbo"
1249532,3194465,"Mara Jean Quinn",9,"Donna"
1249532,1985755,"Aaron Davison",10,"Rick"
1249532,24898,"Nathan Jones",11,"Reuben Williams"
1249532,3683519,"Tom Block",12,"Troy Kitchner"
1249532,5206596,"Barry Mitchell",13,"Bob"
1249532,2149636,"Martin Blum",14,"Parker"
1098378,1373659,"Melissa Barrera",0,"Laura Franco"
1098378,180789,"Tommy Dewey",1,"Monster"
1098378,1508173,"Edmund Donovan",2,"Jacob"
1098378,1876776,"Kayla Foster",3,"Mazie"
1098378,2881861,"Taylor Trensch",4,"Scotty"
1098378,1998462,"Brandon Victor Dixon",5,"Will"
1098378,1028899,"Meghann Fahy",6,"Jackie Dennon"
1098378,2063636,"Ikechukwu Ufomadu",7,"Don"
1098378,3598148,"Matthew Lamb",8,"Benji"
1098378,44578,"Lana Young",9,"Ellyn Michaelson"
1098378,1473140,"Brian McCarthy",10,"Dr. Kaufman"
1098378,2306872,"Megan Haley",11,"Taylor"
1098378,2284684,"Katy Grenfell",12,"Nurse Benny"
1098378,3303063,"Woody Fu",13,"Nurse Roger"
1098378,3373120,"Jawan M. Jackson",14,"Patient Transporter"
921384,83274,"Rachele Brooke Smith",0,"Melanie"
921384,33294,"K.C. Clyde",1,"Jimmy Walker"
921384,63492,"Corbin Allred",2,"Johnny"
921384,1178653,"Renny Grames",3,"Everly"
921384,2084512,"Dalton Baker",4,"Carl"
921384,517973,"Jasen Wade",5,"James Walker"
921384,2888908,"Payton Myler",6,"Elsa"
921384,1521891,"Barta Heiner",7,"Nana"
921384,1932025,"Duy Beck",8,"Cop"
921384,2126194,"Charla Bocchicchio",9,"Gina"
921384,2109161,"Wren Barnes",10,"Wedding Guest"
921384,200829,"Austin Archer",11,"Bo"
921384,2871708,"Trey Warner",12,"Officer Kirk"
921384,1006777,"Charan Prabhakar",13,"Ben"
921384,2864788,"Alireza Mirmontazeri",14,"Bar Patron"
1219522,1473742,"Thanet Thorn",0,"Soriya"
1219522,235147,"Yoshihiko Hosoda",1,"Daichi"
1219522,1732840,"Sveng Socheata",2,"Aunt Mao"
1219522,1678180,"Rous Mony",3,"Jam"
1219522,1762312,"Katsuya Maiguma",4,"Hiro"
1219522,4471660,"Touch Narady",5,"Thep"
1219522,5213821,"Sahrah Pich Manika",6,"Nimul"
1219522,5213898,"Sao Vandalis",7,"Metta"
1219522,5683330,"Sokannarith Preng",8,"Grandma"
1219522,1678181,"Ma Rynet",9,"Running Girl"
1219522,5683338,"Sreynith Dorn",10,"Traditional Dancer"
1219522,5683339,"Sreylu Sim",11,"Smey"
1219522,5683342,"Sreyphoan Phal",12,"Leak"
1219522,3199051,"Sokyou Chea",13,"Metta's Mother On Tape / Soriya's Mother (voice)"
1219522,5683350,"Kosal Sem",14,"Drunk Man"
1328814,4449979,"Sarah McDonald",0,"Heather West"
1328814,4881205,"Breanna Rossi",1,"Mary Gonzalez"
1328814,4950812,"Adela Perez",2,""
1328814,4881202,"Nicholas J. Barelli",3,"John Madison"
1328814,4950814,"Hector De Alva",4,""
1328814,4950815,"Eugenia Preciado",5,""
1328814,4950816,"Adelina Topleva",6,""
1328814,4950817,"Olya Marynets",7,""
1328814,4950818,"Simona Curkoska",8,""
827931,2232225,"Madison Bailey",0,"Lucy"
827931,2388486,"Antonia Gentry",1,"Summer"
827931,971299,"Griffin Gluck",2,"Quinn"
827931,2511594,"Megan Best",3,"Emmy"
827931,26086,"Michael Shanks",4,"Gil"
827931,54819,"Rachael Crawford",5,"Kendra"
827931,1524215,"Summer H. Howell",6,"Jessica"
827931,2925864,"Sydney Sabiston",7,"Val"
827931,1148697,"Adam Hurtig",8,"Deputy Craven"
827931,2404548,"Gwendolyn Collins",9,"Coach Jackie"
827931,1272885,"Samuel Braun",10,"Ethan"
827931,2431619,"Kataem O'Connor",11,"Brian"
827931,2155963,"Jordan Pettle",12,"Mr. Fleming"
827931,1896599,"BJ Verot",13,"The Slasher"
827931,2940862,"Elena Howard-Scott",14,"Store Clerk"
1361292,22123,"Jordana Brewster",0,"Sera"
1361292,100,"Scott Speedman",1,"John"
1361292,2975,"Laurence Fishburne",2,"Emmett"
1361292,56542,"Addison Timlin",3,"Alyssa"
1361292,1597992,"Chris Conner",4,"Paul MacManus"
1361292,1205239,"Randy Schulman",5,"Steven"
1361292,588695,"Katie O’Grady",6,"Kathryn Conrad"
1361292,4974481,"Zach Feiner",7,"Zach"
1361292,4824511,"Jenny Lam Tien",8,"John's Coworker"
1361292,4981016,"Jesaar Landavaso",9,"Happy Client (as Jesse-Aaron Landavaso)"
1361292,1991750,"Kiah Butts",10,"Kiah - Executive Secretary"
1361292,3629381,"Kyle Stoltz",11,"Executive - HR Dept."
1361292,1749866,"Susannah Mars",12,"Jeannie"
1361292,67119,"Matthew Sunderland",13,"Male Party Guest"
1361292,3924016,"Angela Chandra",14,"Female Party Guest"
1321952,1651932,"Sara Jiménez",0,"Sofía"
1321952,3390456,"Ángela Arellano",1,"Lorena"
1321952,3061618,"Lara Boedo",2,"Marta"
1321952,2013150,"Oti Manzano",3,"Rosario"
1321952,4373,"Magdalena Brotto",4,"Elena"
1321952,2766850,"Martina Pérez",5,"Adela"
1321952,2777615,"Jorge Lucas",6,"Enrique"
1321952,5382283,"Eva Egido",7,"Susana"
1321952,2764940,"Elena González-Vallinas",8,"Claudia"
1321952,2407481,"Juan Capilla",9,"Juan"
1177911,1291746,"Ahmet Rıfat Şungar",0,"Cemal"
1177911,2036447,"Cansu Türedi",1,"Zeynep"
1177911,1590336,"Gizem Erdem",2,"Ayşe"
1177911,1436692,"Orhan Eşkin",3,"Ekrem"
1177911,1258270,"Tekin Temel",4,"Tan"
1177911,3011814,"Eren Çiğdem",5,"Hakan"
1177911,3552144,"Emrah Altıntoprak",6,"Semih"
1177911,4279832,"Yücel Kelebekli",7,"Mehmet"
1177911,2798922,"Alp Çoker",8,"Serkan"
1138194,3291,"Hugh Grant",0,"Mr. Reed"
1138194,1981044,"Sophie Thatcher",1,"Sister Barnes"
1138194,1512280,"Chloe East",2,"Sister Paxton"
1138194,17052,"Topher Grace",3,"Elder Kennedy"
1138194,2019444,"Elle Young",4,"Prophet"
1138194,1834752,"Julie Lynn-Mortensen",5,"Pedestrian"
1138194,4932824,"Haylie Hansen",6,"Teenager"
1138194,1668152,"Elle McKinnon",7,"Teenager"
1138194,4932826,"Hanna Huffman",8,"Teenager"
1138194,1274528,"Anesha Bailey",9,"Neighbor"
1138194,3013648,"Miguel Castillo",10,"Neighbor"
1138194,1906594,"Stephanie Lavigne",11,"Believer"
1138194,3875019,"Wendy Gorling",12,"Disciple"
1138194,4150510,"River Codack",13,"Missionary #1 (uncredited)"
1138194,591210,"Carolyn Adair",14,"Driver with Car (uncredited)"
1371534,86923,"Caroline Williams",0,"Aunt Marion"
1371534,1048670,"Lauren-Marie Taylor",1,"Sue-Ellen Galveston"
1371534,76315,"Tom Malloy",2,"Deputy Warren Kessler"
1371534,56559,"Nicholas Vince",3,"Dr. Landry"
1371534,1724669,"David Lenik",4,"Chester Van Buren"
1371534,4075224,"Tom Moynahan",5,"Dick Galveston"
1371534,2730819,"Cedric Gegel",6,"Burke Riley"
1371534,1160330,"Johnny Vivash",7,"Department Store Santa"
1371534,2703072,"Peyton Michelle Edwards",8,"Eden Ward"
1371534,3114324,"Natalie Veater",9,"Melody"
1371534,1299568,"Scott Bolger",10,"Nathan Van Buren"
1371534,2715017,"Scot Scurlock",11,"Uncle Nick"
1371534,2238173,"David Josh Lawrence",12,""
1371534,3341350,"Reagan Kelly",13,"Lila Van Buren"
1371534,1205259,"Christopher Kahler",14,"Huck"
980599,1846859,"Kartik Aaryan",0,"Ruhaan Randhawa / Rooh Baba"
980599,35068,"Vidya Balan",1,"Mallika / Manjulika"
980599,76232,"Madhuri Dixit",2,"Mandira / Anjulika"
980599,2100209,"Triptii Dimri",3,"Meera"
980599,6500,"Vijay Raaz",4,"Raja Sahib"
980599,35756,"Rajpal Yadav",5,"Chhota Pandit"
980599,85879,"Sanjay Mishra",6,"Bade Pandit"
980599,85657,"Ashwini Kalsekar",7,"Panditayeen"
980599,648087,"Rajesh Sharma",8,"Meera's Uncle"
980599,1788919,"Kanchan Mullick",9,"Angrakshak, King's bodyguard"
980599,2711388,"Arun Kushwah",10,"Tillu"
980599,1563575,"Shataf Figar",11,"Vicky Khanna"
980599,1730661,"Manish Wadhwa",12,"Rajpurohit"
980599,933391,"Denzil Smith",13,"Maharaj in 1824"
980599,3908037,"Rose Sardana",14,"Meera’s Sister"
1364992,2415900,"Simon Haines",0,"Sgt Burns"
1364992,30323,"Tim Faraday",1,"Father Blakefield"
1364992,3558788,"Celine Arden",2,"Cimone Fawcett"
1364992,2784987,"Tara Hoyos-Martinez",3,"Sherene"
1364992,1672620,"Fredi 'Kruga' Nwaka",4,"Sgt Thompson"
1364992,1756412,"Ray Whelan",5,"Detective Eaton"
1364992,2941424,"Bradley Turner",6,"Glen"
1364992,2154692,"Shantelle Rochester",7,"Kim Marsh"
1364992,4122856,"Jon Wennington",8,"Simon Farmer"
1275003,3145262,"Sarah-Maxine Racicot",0,"Delilah Soleil"
1275003,20266,"Michael Wittenborn",1,"Pastor Carl"
1275003,1524215,"Summer H. Howell",2,"Emerson Grimm"
1275003,231,"Greg Bryk",3,"Julian Grimm"
1275003,1516081,"Sarah Abbott",4,"Abby"
1275003,4602757,"Lyla Elliott",5,"Rachel"
1275003,5012042,"Ariadne Deibert",6,"Baby"
1275003,1929643,"Michelle Monteith",7,"Anna Grimm"
1275003,550522,"Kimberly-Sue Murray",8,"Gracie Soleil"
1275003,43258,"Matt Gordon",9,"Officer Teddy"
1275003,166442,"Brenda Bazinet",10,"Teacher Mary"
1275003,2732376,"Cory Lipman",11,"Frank"
1275003,5012044,"Isabella Neuspiel",12,"Billie-Jean"
1275003,5012045,"Dawson Boughner",13,"Joshua"
1270125,50683,"Eva Habermann",0,"Nathalie"
1270125,1595254,"Robin Czerny",1,"Ben"
1270125,49201,"Philippe Brenninkmeyer",2,"Captain James Pillow"
1270125,17544,"Dieter Landuris",3,"Dr Singh"
1270125,1787116,"Fred Aaron Blake",4,"Helmut"
1270125,1041210,"Anthony Straeger",5,"Jack"
1270125,553500,"Nicolás Artajo",6,"Nico Torrez"
1270125,1905841,"Steven Preisner",7,"Thomas"
1270125,4702179,"Isabel Dornheim",8,"Melanie"
1270125,1387096,"Micaela Schäfer",9,"Mica"
1270125,5541436,"Kim Kelly Braun",10,"Karin"
1270125,5541473,"Isa Rivar",11,"Ezra"
1270125,3279835,"Sabine Heinen",12,"Mia"
1270125,4475716,"Armin Moallem",13,"Mikey"
1270125,1184243,"Lea Müller",14,"Lea"
1104390,101,"Leonor Watling",0,"Juana"
1104390,19827,"Pablo Derqui",1,""
1104390,1206196,"Jaime Ordóñez",2,""
1104390,3978322,"Keren Hapuc",3,""
1104390,30351,"Manuel de Blas",4,""
1104390,3200001,"Xoán Fórneas",5,""
1104390,1577003,"Mariano Llorente",6,""
1104390,3978323,"Mauro Brussolo",7,""
1104390,3201237,"Paula Castellote",8,""
1022892,1288768,"Zack Gold",0,"Reid"
1022892,2037815,"Whit Kunschik",1,"Olivia"
1022892,1401541,"Travis Cluff",2,"Killer Reid"
1022892,139751,"Robert Lewis Stephenson",3,"Duane"
1022892,1573661,"Tammy Kaitz",4,"Sheila"
1022892,939333,"Jim Tuck",5,"Hitchhiker"
1022892,1151667,"Madonna Young Magee",6,"Wendy"
1022892,2743309,"Crystal Foster",7,"Kim"
1022892,5856493,"Eric Vue",8,"Dave"
1022892,5856495,"Alan Dorfmeier",9,"Ben"
1022892,5856496,"Codé Cluff",10,"Daughter"
1022892,5856498,"Zoltan Torok",11,"Young Reid"
1022892,3059989,"Nathan Healy",12,"Soda Drinking Party Goer"
1022892,5374718,"Aaron Tharp",13,"Redneck"
1022892,5387096,"Andy Matthews",14,"Redneck"
1109406,2511949,"Anna-Maria Sieklucka",0,"Evie Kawalska"
1109406,1352662,"Charlotte Kirk",1,"Diana Shaw"
1109406,62307,"Zach McGowan",2,"Reese"
1109406,1487573,"Giulia Elettra Gorietti",3,"Detective Claudia Cavara"
1109406,3996434,"Harvey Dean",4,"Inspector Dennes Crawford"
1109406,31780,"Cinzia Monreale",5,"Madam Karmelina"
1109406,4468400,"Emily Corcoran",6,"Melania"
1109406,2499936,"Antonella Axisa",7,"Chief's Secretary"
1109406,1937302,"Theodore Zammit",8,"Paramedic (uncredited)"
660355,1244787,"Park Shin-yang",0,"Cha Seung-do"
660355,1299351,"Lee Min-ki",1,"Ban Hae-sin"
660355,1299244,"Lee Re",2,"Cha So-mi"
660355,1494834,"Tae In-ho",3,"Yun-do"
660355,2206571,"Yun Jong-seok",4,"Father Michael"
660355,1191711,"Kil Hae-yeon",5,"Big Mama"
660355,1444366,"Kim Ki-cheon",6,"Cheol-gi"
660355,2482161,"Park Min-jung",7,"Ji-yeon"
660355,5420328,"Woo Min-ji",8,"Junior Funeral Director"
660355,1910031,"Kim Nam-woo",9,"Junior Doctor"
660355,5480130,"Choi Mi-ra",10,"So-mi's Homeroom Teacher"
660355,3685020,"Shim So-young",11,"Funeral Assistant"
1112466,2037046,"Souheila Yacoub",0,"Ruby"
1112466,2533470,"Sanda Codreanu",1,"Nicole"
1112466,1385600,"Noémie Merlant",2,"Élise"
1112466,2417980,"Lucas Bravo",3,"Voisin d'en Face"
1112466,149988,"Nadège Beausson-Diagne",4,"Denise"
1112466,1511141,"François Cottrelle",5,"Mari de Denise"
1112466,1622993,"Christophe Montenez",6,"Paul"
1112466,5396724,"Augustin Palvanh",7,"Dams / Fantôme"
1112466,5269295,"Emanuele Carfora",8,"Diego"
1112466,1173777,"Henri Cohen",9,"Gynécologue"
1112466,5571087,"Nasir Bachouche",10,"Enzo"
1112466,286453,"Annie Mercier",11,"La Voisine"
1112466,5571090,"Jean-François Comminges",12,"Xavier Duflotte"
1112466,5571091,"Hamzah Raja Mohammad",13,"Caissier"
1112466,3917835,"Amir Baylly",14,"Tony"
1290213,111482,"Chantavit Dhanasevi",0,"Nakrob"
1290213,1550737,"Kanyawee Songmuang",1,"Lalita"
1290213,4179328,"Pittaya Saechua",2,"Nammon"
1290213,1261449,"Supathat Opas",3,"Suakrong"
1290213,1272465,"Chookiat Iamsook",4,"Uncle Choke"
1290213,3168351,"Paweenut Pangnakorn",5,"Jie-pen"
1290213,3181531,"Nantanat Thakadkul",6,"Lyn"
1290213,555778,"Pongsatorn Jongwilas",7,"Real Estate Agent"
1290213,2874195,"Naphat Vikairungroj",8,"Ong-ard"
1290213,4509805,"Uyen An",9,"Vietnamese Ghost"
1290213,4577632,"Adzana Ashel",10,"Indonesian Ghost"
1290213,2896158,"Abidzar Al-Ghifari",11,"Indonesian Ghost"
1290213,3615074,"Ronnakorn Songsaeng",12,"Hermit"
1290213,2326899,"Phuwanet Seechomphu",13,"Dr. John"
1290213,1560844,"Ongart Cheamcharoenpornkul",14,"Ti"
1173559,3692778,"Stephanie Leet",0,"Monica Duvalier"
1173559,3979383,"Neil Green",1,"Andre Duvalier"
1173559,3503484,"Chynna Rae Shurts",2,"Mary"
1173559,3633186,"Steve Larkin",3,"Dorian Tobin Ryan III"
1173559,3633195,"Erik Skybak",4,"Cameron"
1173559,2940685,"Tim Coyle",5,"Gregory"
1173559,1046829,"Marcella Laasch",6,"Donna Olson"
970450,81685,"Frank Grillo",0,"Dr. Wesley Marshall"
970450,164930,"Katrina Law",1,"Dr. Amy Chen"
970450,1181354,"Ilfenesh Hadera",2,"Lucy Marshall"
970450,262023,"Jimmy Cummings",3,"Cody"
970450,38560,"Lou Diamond Phillips",4,"Dr. Aranda"
970450,3859702,"Kamdynn Gary",5,"Emma Marshall"
970450,1732723,"Lydia Styslinger",6,"Reagan"
970450,3718101,"Daniel Fernandez",7,"Evan Radcliffe"
970450,105830,"James Kyson",8,"Miles Chen"
970450,1357035,"Betzaida Landín",9,"Dr. Vasquez"
970450,1169115,"Sam Daly",10,"Walter"
970450,946696,"Ian Whyte",11,"Lead Wolf"
970450,3158773,"Dane DiLiegro",12,"Lead Wolf"
970450,5143045,"Ian Feuer",13,"Lead Wolf"
970450,3320472,"Omalik J. Rosado",14,"Lab Subject #2"
1208808,36586,"Paulina Gaitán",0,"Rebeca"
1208808,76855,"Tony Dalton",1,"Zamudio"
1208808,16406,"Patricia Reyes Spíndola",2,"Hortensia"
1208808,589123,"Enoc Leaño",3,"Dr. Sánchez"
1208808,1488707,"Fernanda Echevarría del Rivero",4,"Eulalia"
1208808,42009,"Iazua Larios",5,"Luciana"
1208808,3166177,"Patricia Maqueo",6,"Paula"
1208808,3247768,"Azul Guaita",7,"Vanessa"
1208808,1831843,"Adriana Llabrés",8,"Ariana"
1208808,2523739,"Carlos Valencia",9,"Ramírez"
1208808,4952172,"Juan Carlos Lira",10,"Aaron"
1208808,1507316,"Carlos Aragón",11,"Ugalde"
1208808,1875321,"David Fridman",12,"Linares"
1208808,2436538,"Yigael Yadin",13,"Mauro"
1208808,1697746,"Cuauhtli Jiménez",14,"Mauro"
1201753,11109,"Nick Frost",0,"Richard"
1201753,1423098,"Aisling Bea",1,"Susan"
1201753,1614317,"Sebastian Croft",2,"Sam"
1201753,4361913,"Maisie Ayres",3,"Jessie"
1201753,79757,"Ville Virtanen",4,"Detective Forsberg"
1201753,85751,"Eero Milonoff",5,"Matts"
1201753,76323,"Anitta Suikkari",6,"Klara"
1201753,34514,"Jouko Ahola",7,"Sven"
1201753,1593717,"Verneri Lilja",8,"Ingemar"
1201753,4938862,"Kari Kinnari",9,"Spiderman"
1201753,16778,"Ilkka Koivula",10,"Man / Harbour Cafe Owner"
1201753,16777,"Maria Järvenhelmi",11,"Woman / Harbour Cafe Wife"
1201753,1084951,"Sökö Kaukoranta",12,"English Sailor #1"
1201753,1588787,"Tero Jartti",13,"Johan"
1201753,122388,"Karoliina Blackburn",14,"Ingrid"
1094274,1274508,"Jaeden Martell",0,"Eli"
1094274,2217977,"Rachel Zegler",1,"Laura"
1094274,1139349,"Julian Dennison",2,"Danny"
1094274,1375795,"Daniel Zolghadri",3,"CJ"
1094274,2168263,"Lachlan Watson",4,"Ash"
1094274,29783,"Fred Durst",5,"Fred Durst"
1094274,1180698,"Kyle Mooney",6,"Garret"
1094274,1653235,"Eduardo Franco",7,"Farkas"
1094274,2174509,"Mason Gooding",8,"Jonas"
1094274,4184556,"The Kid LAROI",9,"Soccer Chris"
1094274,4532465,"Lauren Balone",10,"Raleigh"
1094274,5588,"Alicia Silverstone",11,"Robin"
1094274,132856,"Tim Heidecker",12,"Howard"
1094274,979851,"Maureen Sebastian",13,"Cheryl"
1094274,1157292,"Miles Robbins",14,"Nugz"
728949,9273,"Amy Adams",0,"Mother"
728949,59233,"Scoot McNairy",1,"Husband"
728949,5044872,"Arleigh Snowden",2,"Son"
728949,5044873,"Emmett Snowden",3,"Son"
728949,69055,"Jessica Harper",4,"Norma"
728949,1432528,"Zoë Chao",5,"Jen"
728949,1488952,"Mary Holland",6,"Miriam"
728949,2138103,"Archana Rajan",7,"Liz"
728949,1534673,"Nate Heller",8,"Book Babies Leader"
728949,2035539,"Darius De La Cruz",9,"Lemuel"
728949,206045,"Ella A. Thomas",10,"Naya"
728949,2840479,"Stacey Swift",11,"Freida"
728949,3264812,"Garrett C. Phillips",12,"Server"
728949,2146539,"Adrienne Rose White",13,"Sally"
728949,5044874,"Michaela Baham",14,"Young Mother"
1304106,2416319,"Britni Camacho",0,"Bobbie"
1304106,207304,"John Schwab",1,"Sheriff Bilstein"
1304106,3713979,"Sydney Brumfield",2,"Amy"
1304106,1297180,"Travis Lincoln Cox",3,"Ed"
1304106,3383315,"Felix Merback",4,"Blake"
1304106,98437,"Arthur Roberts",5,"Pa"
1304106,101971,"Gwen Van Dam",6,"Ma"
1304106,1699143,"Ray Buffer",7,"Diner Patron"
1304106,2143439,"Joseph Lopez",8,"Diner Boss"
1304106,1070293,"Brandon Brown",9,"Truck Driver"
1304106,5629681,"Eddy Ryan",10,"Restaurant Patron (uncredited)"
1304106,5014578,"Wyomi Reed",11,"First Victim"
1304106,5629695,"Scott Owen Ford",12,"Diner Patron"
1222064,1190069,"Joseph Millson",0,"Nick"
1222064,1565408,"Sarah Alexandra Marks",1,"Jasmine"
1222064,1085939,"David Wayman",2,"Ritchie"
1222064,3564433,"Ella Starbuck",3,"Maya"
1222064,2875703,"Louis James",4,"AJ"
1222064,1792461,"Tiffany Hannam-Daniels",5,"Biker"
1222064,4730009,"Einar Haraldsson",6,"TJ"
1222064,5619282,"Suwajchai Anubhat",7,"Cannibal"
1222064,5619283,"Yothin Bumroong",8,"Cannibal"
1222064,5619284,"Panisa Dechosart",9,"Female cannibal child"
1222064,5619285,"Ritdech Dechosart",10,"Cannibal child"
1222064,5619287,"Pinwadee Dumdee",11,"Waitress"
1222064,5619290,"Karnmanee Gerdsuk",12,"Female cannibal child"
1222064,5619292,"Somporn Indrabhrom",13,"Cannibal"
1222064,5619295,"Numfon Kanantai",14,"Waitress"
1084222,78811,"Quinton 'Rampage' Jackson",0,"The Reverend"
1084222,1244,"Jonathan Rhys Meyers",1,"Murphy"
1084222,54649,"Louis Mandylor",2,"Richter"
1084222,1112907,"Sonia Couling",3,"Heirani"
1084222,2251047,"Myles Clohessy",4,"Billy the Kid"
1084222,1323453,"Gary Cairns",5,"BlackJack"
1084222,1912145,"Ulf Pilblad",6,"The Pilot"
1084222,37822,"Peter Dobson",7,"Stone"
1084222,3911984,"Tofan Pirani",8,"Rico"
1084222,1820088,"Bear Williams",9,"Jacobs"
1084222,3911985,"Alejandra Norris",10,"Francesca"
1084222,5887338,"Melody Prapassorn",11,"Torque"
1084222,4426498,"Chante Evans",12,"Eklund"
1084222,5887340,"Roc Monaco",13,"Samuels"
1084222,5887342,"Michael March",14,"Adams"
877087,1330999,"Madison Wolfe",0,"Annie Williams"
877087,1469128,"Brec Bassinger",1,"Margaret Williams"
877087,17303,"Ali Larter",2,"Helen Williams"
877087,1328,"Sean Astin",3,"Richard Williams"
877087,569452,"Skai Jackson",4,"Patty Tolliver"
877087,2035115,"Gavin Warren",5,"Daniel Williams"
877087,524503,"Noah Lomax",6,"Mark Newsome"
877087,1666059,"Addison Riecke",7,"Joanna"
877087,212154,"Deborah Ann Woll",8,"Waitress"
877087,1505303,"Julianne Arrieta",9,"Miss Engram"
877087,2775382,"Darrius Phillip Thomas",10,"Charlie"
877087,1963631,"Dylan Summerall",11,"Kyle"
877087,1085711,"Patrick Kirton",12,"Jim"
877087,1729412,"John F. Daniel",13,"Telephone Installer"
877087,2139696,"Brooke Hyland",14,"Teen Girl"
1279596,3782109,"Lydia Helen",0,"Aurora Bey"
1279596,99224,"Mike Markoff",1,"Dr. Eric Prince"
1279596,30068,"Jeff Denton",2,"Ferdinand Ashley"
1279596,1336359,"Wayne Gordon",3,""
1279596,30052,"Leigh Scott",4,""
1279596,226479,"Sean-Michael Argo",5,""
1279596,1800651,"Winston Crooke",6,""
1279596,4531352,"Dwayne Strawn",7,""
1279596,4509439,"Samuel Selman",8,"Archie"
1250846,53441,"Aleksa Palladino",0,"Evelyn Elster"
1250846,144160,"Sean Bridgers",1,"Adam Elster"
1250846,2835683,"Jadon Cal",2,"Nelson Elster"
1250846,3262387,"J. Bell",3,"Janice Elder"
1250846,4309953,"Zara King",4,"Lucy Elster"
1250846,1477428,"Amadeus Serafini",5,"Iver Franco"
1250846,3368689,"Patrice Johnson",6,"Leonora Pettengill"
1250846,1340981,"Gary Poux",7,"Steve"
1250846,1182818,"Carl Solomon",8,"Elderly Man"
1250846,85421,"Time Winters",9,"Lawyer"
1250846,2792294,"Jill Young",10,"Ana Franco"
1284789,586916,"Antoine Gouy",0,"Romain"
1284789,2978533,"Faustine Koziel",1,"Debbie"
1284789,1187236,"Bérangère McNeese",2,"Solange"
1284789,2507861,"Irina Muluile",3,"Dom"
1284789,2817036,"León David Salazar",4,"Thomas"
1284789,4810308,"Esteban Vial",5,"Pablo"
1284789,2719260,"Jessé Rémond Lacroix",6,"HMC"
1284789,1609165,"Dorcas Coppin",7,"Pamela"
1284789,84100,"Fred Testot",8,"Blanchot"
1284789,2025939,"Bertrand Usclat",9,"François"
1284789,1308776,"Thibault Farnoux",10,"Mathurin Bouvier"
1080512,234921,"Arben Bajraktaraj",0,"Daniel"
1080512,971262,"Ophélia Kolb",1,"Julia"
1080512,2916923,"Manon Maindivide",2,"Nina"
1080512,1613218,"Hugo Dillon",3,"Nathan"
1080512,1404369,"Sidwell Weber",4,"Chloé"
1080512,1885452,"Jérôme Paquatte",5,"Livreur"
1080512,3184429,"Carl Laforêt",6,"Tony"
1080512,6279716,"Albin Jensen",7,"Billy"
1080512,6279717,"Jean Roceau",8,"Norghul"
1080512,3500108,"Eowyn Personne",9,"Alice"
1080512,4249304,"Zoé Chazal",10,"Claire"
1080512,2237755,"Laurence Porteil",11,"Mere Nina"
1080512,3214932,"Blaise Poujade-Perrot",12,"Père Nina"
1080512,1504229,"Ingrid Donnadieu",13,"Emma"
1080512,2716884,"Charles Bousquet",14,"Détrousseur"
426063,1459885,"Lily-Rose Depp",0,"Ellen Hutter"
426063,3292,"Nicholas Hoult",1,"Thomas Hutter"
426063,137905,"Bill Skarsgård",2,"Count Orlok"
426063,27428,"Aaron Taylor-Johnson",3,"Friedrich Harding"
426063,5293,"Willem Dafoe",4,"Prof. Albin Eberhart von Franz"
426063,2324569,"Emma Corrin",5,"Anna Harding"
426063,202032,"Ralph Ineson",6,"Dr. Wilhelm Sievers"
426063,16358,"Simon McBurney",7,"Herr Knock"
426063,3642574,"Adéla Hesová",8,"Clara"
426063,3834146,"Milena Konstantinova",9,"Louise"
426063,1673490,"Stacy Thunes",10,"Head Nurse"
426063,545294,"Gregory Gudgeon",11,"Hartmann"
426063,25670,"Robert Russell",12,"First Clerk"
426063,25732,"Curtis Matthew",13,"Second Clerk"
426063,31639,"Claudiu Trandafir",14,"Innkeeper"
1396558,1370761,"Sari Arambulo",0,"Abbie Bladecut"
1396558,47296,"Jeffrey Dean Morgan",1,"Butch Slater"
1396558,21029,"Billy Burke",2,"Roger Bladecut"
1396558,1954100,"Chet Siegel",3,"Shirlene"
1396558,2673269,"David Littleton",4,"Mark"
1396558,1470396,"Matt Hopkins",5,"Mackenzie"
1396558,2137584,"Eddie Leavy",6,"Glenn"
1396558,1877932,"Molly Brown",7,"Sam Crane"
1396558,4922434,"Sage Spielman",8,"Laverne"
1396558,5158691,"Lizzy Cenicola",9,"Daisy"
1396558,2185093,"Angel Theory",10,"Izzy"
1396558,2913133,"Margot Anderson-Song",11,"Patty"
1396558,2221653,"Taylor Watson Seupel",12,"Billy"
1396558,3136095,"Mickey Breitenstein",13,"Stunt Bladecut"
1396558,3235021,"Jeff Riddle",14,"Fry Cook"
1067833,1396523,"Lourdes Mansilla",0,""
1067833,1731993,"Ezequiel Rodríguez",1,""
1067833,2706442,"Virginia Lombardo",2,""
1067833,3383067,"Natalia Grinberg",3,""
1067833,1694299,"Alexia Moyano",4,""
1067833,937762,"Martín Borisenko",5,""
1067833,3020188,"Sebastián Sinnott",6,""
1067833,3228323,"Denise Barbara",7,""
850439,1345495,"Odessa Young",0,"Eva"
850439,1081875,"Joe Cole",1,"Daniel"
850439,82711,"Siobhan Finneran",2,"Helga"
850439,3075,"Rory McCann",3,"Ragnar"
850439,1474032,"Turlough Convery",4,"Hakon"
850439,2240655,"Lewis Gribben",5,"Jonas"
850439,39661,"Francis Magee",6,"Skuli"
850439,1349275,"Mícheál Óg Lane",7,"Aron"
850439,4032467,"Andrean Sigurgeirsson",8,"Axed Sailor / Draugur"
850439,4799311,"Arnar Gray",9,"Dead Boy"
850439,2176252,"Guillermo Uria",10,"Shipwreck Survivor"
1352874,2843103,"Hannaj Bang Bendz",0,"Sara"
1352874,1524860,"Dean Kilbey",1,"Mungo"
1352874,1759040,"Nicholas Anscombe",2,"Father Stewart"
1352874,1128296,"Tom Carter",3,"Doctor Byrne"
1352874,2822929,"Darren Le Fevre",4,"Thorvald Ironside"
1352874,3824438,"Alex Walton",5,"Fergus"
1352874,4002568,"Julie Martis",6,"Elsa"
990204,86320,"Sean Cameron Michael",0,"Ronald"
990204,2328189,"Donna Cormack Thomson",1,"Alex"
990204,137463,"Joe Vaz",2,"Chef"
990204,4703090,"Lloyd Martinez Newkirk",3,"Wors"
990204,2349840,"Shuraigh Meyer",4,"Pap"
990204,100893,"Jonathan Pienaar",5,"Society"
990204,4131022,"Sidwell Ralitsoele",6,"Slade"
990204,1288410,"Ryan Kruger",7,"Reggie / Sockle / Offley"
990204,2440158,"Gary Green",8,"2-Bit"
990204,107550,"Warrick Grier",9,"Mayor Mostert"
990204,1360630,"Andrew Roux",10,"Officer Maggot"
990204,107525,"Colin Moss",11,"Group Leader"
990204,1385276,"Carel Nel",12,"Geep"
990204,1826099,"Suraya-Rose Santos",13,"Rat King/ Female News Anchor"
990204,1876329,"Tuks Tad Lungu",14,"Clover"
1020414,3965802,"Megan Placito",0,"Wendy Darling"
1020414,2478464,"Martin Portlock",1,"Peter Pan"
1020414,4040585,"Kit Green",2,"Tinker Bell"
1020414,4041888,"Peter DeSouza-Feighoney",3,"Michael Darling"
1020414,1466858,"Teresa Banham",4,"Mary Darling"
1020414,4063150,"Ardy Yusuf",5,"Joey"
1020414,3225965,"Olumide Olorunfemi",6,"Tiger Lily"
1020414,3336602,"Campbell Wallace",7,"John Darling"
1020414,118617,"Nicholas Woodeson",8,"Steven"
1020414,3205360,"Charity Kase",9,"James Hook/Clown"
1020414,5116484,"Kevin Badu",10,"Miles"
1020414,4258420,"Belinda Fenty",11,"Mel"
1020414,4608504,"Lucas Allermann",12,"Young James Hook"
1020414,8309,"Kierston Wareing",13,"Roxanne ""Roxy"" Hook"
1020414,4608502,"Mason Stanley Gold",14,"Curly"
710295,984629,"Christopher Abbott",0,"Blake"
710295,936970,"Julia Garner",1,"Charlotte"
710295,3844059,"Matilda Firth",2,"Ginger"
710295,65727,"Sam Jaeger",3,"Grady"
710295,1416517,"Ben Prendergast",4,"Grady Wolf"
710295,5008708,"Zac Chandler",5,"Young Blake"
710295,1275904,"Benedict Hardie",6,"Derek"
710295,966556,"Milo Cawthorne",7,"Man"
710295,2128,"Leigh Whannell",8,"Dan (voice)"
710295,2161870,"Rob MacBride",9,"SFPD (uncredited)"
710295,1238824,"Lucy Bowden",10,"Journalist (uncredited)"
710295,3074608,"James Ketteridge",11,"Tyler (uncredited)"
1140535,3775598,"Callina Liang",0,"Chloe"
1140535,140,"Lucy Liu",1,"Rebekah"
1140535,1293892,"Chris Sullivan",2,"Chris"
1140535,4416903,"Eddy Maday",3,"Tyler"
1140535,4174615,"West Mulholland",4,"Ryan"
1140535,2371446,"Julia Fox",5,"Cece"
1140535,17737,"Lucas Papaelias",6,"Carl"
1140535,2097513,"Natalie Woolams-Torres",7,"Lisa"
1140535,2710832,"Benny Elledge",8,"Contractor"
1140535,2200290,"Daniel Danielson",9,"Painter"
1140535,5163618,"Jared Wiseman",10,"Painter"
1140535,75609,"Robert M. Jimenez",11,"Painter"
1140535,5404843,"Nathaly Sabino",12,"Nadia (uncredited)"
1140535,5404847,"Abigale Coakley",13,"Simone (uncredited)"
1140535,1884,"Steven Soderbergh",14,"The Presence (Uncredited)"
1084199,1981044,"Sophie Thatcher",0,"Iris"
1084199,1030513,"Jack Quaid",1,"Josh"
1084199,1371509,"Lukas Gage",2,"Patrick"
1084199,2073513,"Megan Suri",3,"Kat"
1084199,210172,"Harvey Guillén",4,"Eli"
1084199,36669,"Rupert Friend",5,"Sergey"
1084199,1998733,"Jaboukie Young-White",6,"Teddy"
1084199,1152011,"Matthew J. McCarthy",7,"Sid"
1084199,212776,"Marc Menchaca",8,"Deputy Hendrix"
1084199,3303063,"Woody Fu",9,"Mateo"
1084199,1561797,"Ashley Lambert",10,"Josh's Car (voice)"
1388808,21318,"Scout Taylor-Compton",0,"Cassidy Branham"
1388808,3037,"Richard Dreyfuss",1,"Seamus"
1388808,56778,"Stuart Townsend",2,"Daemon Benz"
1388808,288,"Jon Seda",3,"Jordan Devane"
1388808,236839,"AnnaMaria Demara",4,"Nancy Campbell"
1388808,1622021,"Tom O'Connell",5,"Chason"
1388808,1817757,"Callum McGowan",6,"Gregg Branham"
1388808,2749400,"Lorena Sarria",7,"Itsara"
1388808,955264,"Ron Smoorenburg",8,"Chucky"
1388808,3911984,"Tofan Pirani",9,"Apache"
1388808,5062776,"Quinn P Hensley",10,"Young Cassidy"
1388808,5062777,"Maverick Kang Jr.",11,"Pierre"
1205229,3623134,"Gabriella Kosmidis",0,"Gracie (voice)"
1205229,35029,"David Harbour",1,"Dan (voice)"
1205229,1196525,"Pierre Simpson",2,"Xavier / Bill (voice)"
1205229,178068,"Paul Sun-Hyung Lee",3,"Felix (voice)"
1205229,78576,"Scott Thompson",4,"Ash (voice)"
1205229,5215961,"Christina Nova",5,"Poot (voice)"
1205229,2228369,"Heather Loreto",6,"Frida / Security Guard (voice)"
1205229,1224735,"Bryn McAuley",7,"Bunny Zero / Mutant / Radio Announcer (voice)"
1205229,1226189,"Carolyn Scott",8,"Gramma Abigale / Zoo Announcer (voice)"
1205229,1452903,"Kyle Derek",9,"Fred (voice)"
1205229,118814,"Rob Tinkler",10,"Maynard / Mutant / Radio Announcer (voice)"
1205229,2386389,"Joshua Graham",11,"Hank (voice)"
1205229,1395501,"Scott Farley",12,"Antelope (voice)"
1205229,4329857,"Briana-Lynn Brieiro",13,"(voice)"
1205229,62246,"Amy Matysio",14,"(voice)"
1026542,236302,"Dylan Sprayberry",0,"Hutch"
1026542,1791619,"Lia McHugh",1,"Laura Mills"
1026542,2600646,"Anthony Turpel",2,"Bradley"
1026542,204191,"Aramis Knight",3,"Jay Jay"
1026542,1483660,"Alexia Ioannides",4,"Alice"
1026542,225694,"Oliver Cooper",5,"Moe"
1026542,1493218,"Cyrus Arnold",6,"August / Beans"
1026542,536271,"Michole Briana White",7,"Dr. Barrett"
1026542,8666,"Sal Lopez",8,"Bud"
1026542,994016,"Khylin Rhambo",9,"Kelvin"
1026542,1448173,"Jorge-Luis Pallo",10,"Manos"
1026542,3018269,"Bries Vannon",11,"David"
1026542,4239101,"Haley Pilz",12,"Sadie"
1026542,1965841,"Bradley Pilz",13,"Hardware Store Clerk"
1224993,74421,"Song Hye-kyo",0,"Sister Giunia"
1224993,2067860,"Jeon Yeo-bin",1,"Sister Michela"
1224993,1299479,"Lee Jin-uk",2,"Father Paolo"
1224993,2704194,"Moon Woo-jin",3,"Choi Hee-joon"
1224993,83637,"Huh Joon-ho",4,"Father Andreas"
1224993,2003804,"Kim Guk-hee",5,"Hyo-won"
1224993,2805080,"Shin Jae-whi",6,"Ae-dong"
1224993,83014,"Gang Dong-won",7,"Choi Joon-ho"
1224993,3684067,"Han Dong-hee",8,"Nurse"
1224993,17125,"Park Jeong-hak",9,"Dam-eon"
1224993,1190567,"Jeon Su-ji",10,"Hee-joon's Mother"
1224993,118657,"Park Ji-il",11,"Bishop"
1224993,3479105,"Yuna",12,"Young Michela"
1224993,2151474,"Choi Yu-ri",13,"Young Michela's Roommate"
1224993,2344102,"Oh Man-seok",14,"Professor Sin"
1407861,1977981,"Athena Strates",0,"Kyle"
1407861,2291424,"Madalena Aragão",1,"Alice"
1407861,1577369,"Elisha Applebaum",2,"Malika"
1407861,1749222,"Mohammed Mansaray",3,"Sam"
1407861,3885642,"Tayla Kovacevic-Ebong",4,"Dom"
1407861,1900200,"Andonis Anthony",5,"Frank"
1407861,3602420,"Sarah Priddy",6,"Maude"
1407861,2434290,"Isabelle Bonfrer",7,"Zoe"
1407861,5141928,"Flynn Barnard",8,"Jamie"
1407861,2101948,"David Newman",9,"Rufus"
1407861,4433643,"Evan Sokol",10,"Clarence"
1407861,6138487,"Ian Curtis",11,"DEA Squad Leader"
1407861,1576156,"Jamie Wilson",12,"Meth Lab Superior"
1407861,6138493,"Jelrich Jayro Tarun",13,"DEA Agent #1"
1407861,3342028,"Sheila Francisco",14,"College Lecturer"
1302916,542870,"Olivia Holt",0,"Ally McCabe"
1302916,2174509,"Mason Gooding",1,"Jay Simmonds"
1302916,113224,"Michaela Watkins",2,"Crystal Cane"
1302916,50398,"Devon Sawa",3,"Detective Zeke Hobbs"
1302916,22123,"Jordana Brewster",4,"Detective Jeanine Shaw"
1302916,1542878,"Gigi Zumbado",5,"Monica"
1302916,1305610,"Yoson An",6,"David"
1302916,1427225,"Alexander Walker",7,"Patrick"
1302916,4871424,"Lauren O'Hara",8,"Adeline"
1302916,54485,"Latham Gaines",9,"Nico"
1302916,5359254,"Alex McColl",10,"Stunt Double HEK"
1302916,3479809,"Amy Workman",11,"Reporter"
1302916,1778684,"Karlton Laing",12,"Security Guard"
1302916,2477872,"Kali Kopae",13,"Reporter"
1302916,3196779,"Madeleine McCarthy",14,"Panicked Teen"
1297454,1802763,"Katya Martín",0,"Cassie"
1297454,1519711,"Megan Lawless",1,"Nina"
1297454,1440057,"Allison Paige",2,"Dawn"
1297454,3748858,"Tim Gabriel",3,"Micah"
1297454,1485427,"Sharon Gardner",4,"Angela"
1297454,4331153,"Cooper Devaney",5,"Jeremy"
1297454,61703,"Ron Yuan",6,"Reese"
1297454,73035,"Paul Johansson",7,"Dr. V"
1312833,1433186,"Jeremy Ninaber",0,"Bhodie"
1312833,3290768,"Kristen Kaster",1,"Avalon"
1312833,1433191,"Matthew Ninaber",2,"William"
1312833,2531837,"Kristen MacCulloch",3,"Malenor"
1312833,300511,"Sasha Ormond",4,"Isem"
1312833,4810986,"Raechel Fisher",5,"Lilith"
1312833,4810987,"Ariel Gerard",6,"Hope"
1312833,3661585,"Jeremy Dueck",7,"Priest"
1312833,4810990,"Sadie Jantzi",8,"Young Avalon"
729713,4570,"Emily Hampshire",0,"Meredith"
729713,469462,"François Arnaud",1,"Jared"
729713,1721268,"Christian Convery",2,"Alex"
729713,182955,"Erika Rosenbaum",3,"Katherine"
729713,1015568,"Tristan D. Lalla",4,"Rob"
729713,1122326,"Mariah Inger",5,"Dr. Simons"
729713,1261373,"Cat Lemieux",6,"Betty"
1124620,587020,"Theo James",0,"Hal / Bill"
1124620,61134,"Tatiana Maslany",1,"Lois"
1124620,1721268,"Christian Convery",2,"Young Hal / Young Bill"
1124620,3257962,"Colin O'Brien",3,"Petey"
1124620,36801,"Adam Scott",4,"Captain Petey Shelborn"
1124620,109,"Elijah Wood",5,"Ted"
1124620,1196041,"Rohan Campbell",6,"Thrasher / Ricky"
1124620,1392149,"Sarah Levy",7,"Aunt Ida"
1124620,90609,"Osgood Perkins",8,"Uncle Chip"
1124620,2448913,"Nicco Del Rio",9,"Rookie Priest"
1124620,3600916,"Zia Newton",10,"Dwayne"
1124620,3807559,"Kingston Chan",11,"Lt. Pepper"
1124620,79343,"Laura Mennell",12,"Petey's Mom"
1124620,4329904,"Corin Clark",13,"Diving Woman"
1124620,1947828,"Tess Degenstein",14,"Barbara"
1393382,1400936,"Steven Murphy",0,"Popeye (Johnny)"
1393382,5060875,"Emily Mogilner",1,"Tara"
1393382,3729399,"Connor Powles",2,"Dylan"
1393382,3320202,"Danielle Ronald",3,"Donna"
1393382,4435695,"Bruno Cryan",4,"Nick"
1393382,4265828,"Atlanta Moreno",5,"Sky"
1393382,5060873,"Karolina Ugrenyuk",6,"Kathy"
1393382,5264236,"Fyn Phoenixx",7,"Max 'Beanie'"
1393382,4926168,"Kyle Jordan",8,"Alan"
1393382,3489245,"Eva Ray",9,"Cherry"
1393382,3254592,"Danielle Scott",10,"Mia"
1393382,4138362,"Amanda Jane York",11,"Lora"
1393382,216099,"Oliver Mason",12,"George"
1393382,2498240,"Kathi deCouto",13,"Jane"
1393382,5508867,"Paul Frost",14,"Fisherman"
1287842,1827498,"Blu Hunt",0,"Alex"
1287842,1734178,"Ben Smith-Petersen",1,"Kyle"
1287842,1061132,"John Karna",2,"Chris"
1287842,1477060,"Katherine Hughes",3,"Cara"
1287842,2144985,"Joey Millin",4,"Mark"
1287842,1406626,"Brennan Mejia",5,"Paul"
1287842,3746999,"Aerial Washington",6,"Sarah"
1287842,3045152,"Josh Marble",7,"Danny"
1287842,4704140,"Emily Joy Lemus",8,"Barista"
1287842,4348750,"Sally Sum",9,"Date girl"
1217585,21029,"Billy Burke",0,"Neil Morris"
1217585,1031261,"Alyshia Ochse",1,"Abby Morris"
1217585,66741,"Taylor Handley",2,"John Gibson"
1217585,17688,"Raoul Max Trujillo",3,"Chief Mike Cortez"
1217585,2578372,"Jessica Frances Dukes",4,""
1217585,2924721,"Dani Oliveros",5,""
1217585,3264041,"Kylr Coffman",6,""
1236471,74442,"Jaime Winstone",0,"Comedy"
1236471,1496259,"Brad Moore",1,"Daniel"
1236471,1102367,"Chiara D'Anna",2,"Tragedy"
1236471,5208022,"Gledisa Arthur",3,"Imogen"
1236471,3587737,"Lila Lasso",4,"Young Tragedy"
1236471,3044122,"Richard Cotton",5,"Phil"
1236471,5443197,"Tamsin Dean",6,"Lydia"
1236471,5443199,"Marina Lazaris",7,"Julie"
1233199,2539573,"Choi Han",0,"Father Park (voice)"
1233199,1762594,"Nam Doh-hyeong",1,"Hyeon-am (voice)"
1233199,2720928,"Jung Yoo-jung",2,"Jun-hoo (voice)"
1233199,3244117,"Kim Yeon-woo",3,"Seung-hee (voice)"
1233199,4703146,"Hong Seung-hyo",4,"Monk Jang (voice)"
1233199,2732098,"Hwang Chang-yung",5,"Master Seo (voice)"
1233199,4490530,"Kim Min-ju",6,""
1233199,2128187,"Pyo Yeong-jae",7,""
1405742,1937555,"Trey Holland",0,"Dunn"
1405742,65827,"Keith David",1,"Mr. Bobshank"
1405742,21125,"Richard Kind",2,"Chip"
1405742,178926,"Michael McDonald",3,"David Pepperdine"
1405742,1228290,"Romina D'Ugo",4,"Ed"
1405742,1412526,"Casey Deidrick",5,"Rip"
1405742,3958162,"Trevor Newlin",6,"Chip (Demon Form)"
1405742,4676617,"Vanessa Vander Pluym",7,"Daphne"
1405742,1582312,"Kevin Fonteyne",8,"Dovan"
1405742,5060348,"Monet Weir",9,"2B"
1405742,1855182,"Johanna Yukiko Haneda",10,"Woman"
324544,63,"Milla Jovovich",0,"Gray Alys"
324544,543530,"Dave Bautista",1,"Boyce"
324544,66147,"Arly Jover",2,"The Enforcer"
324544,3883680,"Amara Okereke",3,"The Queen"
324544,30087,"Fraser James",4,"The Patriarch"
324544,3215867,"Simon Lööf",5,"Jerais"
324544,1152753,"Deirdre Mullins",6,"Mara"
324544,136642,"Sebastian Stankiewicz",7,"Ross"
324544,2506184,"Tue Lunding",8,"The Hammer"
324544,3790469,"Jacek Dzisiewicz",9,"The Overlord"
324544,232205,"Eveline Hall",10,"Old Woman"
324544,3883682,"Kamila Klamut",11,"Midwife"
324544,2371292,"Jan Kowalewski",12,"Young Monk"
324544,4372614,"Tomasz Cymerman",13,"Outrider Monk"
324544,5730208,"Amir Azimov",14,"Lead Werewolf Hunters"
1440641,23790,"Dominic Keating",0,"Steve Blythe"
1440641,1226615,"Jane Hajduk",1,"Deb Blythe"
1440641,3215546,"Courtney Fulk",2,"Jenny Blythe"
1440641,5315478,"Neirin Winter",3,"Marshall Blythe"
1440641,1515294,"Lisa Cole",4,"Linda Williams"
1440641,75755,"Anthony Jensen",5,"Joe Williams"
1440641,4869169,"Landon Jacob Lee",6,"Greg Williams"
1440641,3592226,"Aria Surrec",7,"Charlie Ritchie"
1440641,1288768,"Zack Gold",8,"Jim Ritchie"
1440641,3872932,"Saskia Norman",9,"Grace Ritchie"
1440641,114876,"Patrick Labyorteaux",10,"Walter Roberts"
1288998,2880085,"Agustin Olcese",0,"Miguel"
1288998,1016570,"Mario Alarcón",1,"Moro"
1288998,141571,"Carlos Portaluppi",2,"Carancho"
1288998,2363617,"Santiago Rios",3,"Alsina"
1288998,1498749,"Jorge Lorenzo",4,"Baviera"
1288998,1769529,"Agustín Pardella",5,"Hugo"
1288998,4280767,"Ezequiel Pache",6,"Quique"
1288998,3700533,"Valeria San Martin",7,"Paula"
1288998,2300951,"Paula Silva",8,"Irene"
1288998,2207076,"Gustavo Pardi",9,"Dante"
1288998,2159512,"María Eugenia Rigón",10,"Diana"
1288998,4404890,"Justina Ceballos",11,"Érica"
1288998,3513421,"Gustavo Bayley",12,"Eduardo"
1288998,1812387,"Bruno Giacobbe",13,"Hombre Quemado"
1288998,5124141,"Germán Cáceres",14,"Jesucristo"
1200801,205307,"Lucy Hale",0,"Eva Vaugh"
1200801,1334653,"Jedidiah Goodacre",1,"Kyle"
1200801,1279279,"Virginia Gardner",2,"Kelly"
1200801,1700415,"RJ Fetherstonhaugh",3,"Jake"
1200801,33292,"Brooke Nevin",4,"Valerie"
1200801,3535405,"Brendan Morgan",5,"Mitch"
1200801,2765502,"Samer Salem",6,"Norman"
1200801,569210,"Bethany Brown",7,"Robin"
1200801,2059180,"JayR Tinaco",8,"Anthony"
1200801,2313864,"Edem Nyamadi",9,"Brad"
1200801,2909353,"Laura Yenga",10,"Winnie"
1200801,4398395,"Pete MacLeod",11,"Finance Scam Date"
1200801,1593373,"Kyle Mosonyi",12,"Daddy Dom"
1200801,2426284,"Jessimae Peluso",13,"Molly"
1200801,3983803,"Sequoia Wiseman",14,"Tara"
1191815,2431166,"Filippo Scotti",0,"Lui"
1191815,47754,"Rita Tushingham",1,"Flora"
1191815,133217,"Roberto De Francesco",2,"Emilio Zagatto"
1191815,1562285,"Armando De Ceccon",3,"Glauco Zagotto"
1191815,6405,"Chiara Caselli",4,"Doris"
1191815,128250,"Massimo Bonetti",5,"Il presidente della Corte d'Assise"
1191815,2756747,"Morena Gentile",6,"Arianna"
1191815,4322085,"Mildred Gustafsson",7,"Barbara"
1191815,1922410,"Romano Reggiani",8,"P.M."
1191815,84262,"Robert Madison",9,"Maggiore Capland"
1191815,1913202,"Patrizio Pelizzi",10,"Giudice della Corte d'Assise"
1191815,232661,"Cesare Cremonini",11,"Ugo Oste"
1191815,120107,"Andrea Roncato",12,"Maresciallo dei Carabinieri"
1191815,128247,"Nicola Nocella",13,"Frate"
1191815,4438949,"Holly Irgen",14,"Giudice popolare"
1419229,25445,"Matt Devere",0,"Cassius"
1419229,5136860,"Luca Papp",1,"Abigail"
1419229,1509613,"Nikolett Barabas",2,"Megan"
1419229,1508585,"Declan Hannigan",3,"David"
1419229,1342746,"Alexis Latham",4,"Norton"
1419229,4617051,"Julian Krenn",5,"Roderick"
1419229,2503031,"Roderick Hill",6,"George"
1419229,3804308,"Anders Grundberg",7,"Luke"
1419229,2410153,"Ágota Dunai",8,"Roderick's Girlfriend"
1419229,1635844,"Katia Bokor",9,"Midwife Josie"
1419229,2758719,"Harry Szovik",10,"John"
1419229,2892343,"Robert Jackson",11,"Traveler #1"
1419229,5629578,"Kati Krenn",12,"young Abigail"
1419229,5629585,"Aniek Jacobs",13,"Emma"
1419229,5629587,"Márk Palla",14,"Alpha"
1284120,2890913,"Lea Myren",0,"Elvira"
1284120,63769,"Ane Dahl Torp",1,"Rebekka"
1284120,1384976,"Thea Sofie Loch Næss",2,"Agnes"
1284120,3126191,"Flo Fagerli",3,"Alma"
1284120,3676023,"Isac Calmroth",4,"Prince Julian"
1284120,2984635,"Malte Gårdinger",5,"Isak"
1284120,114580,"Ralph Carlsson",6,"Otto"
1284120,213487,"Cecilia Forss",7,"Sophie von Kronenberg"
1284120,968176,"Katarzyna Herman",8,"Madam Vanja"
1284120,526011,"Adam Lundgren",9,"Dr. Esthétique"
1284120,3556645,"Willy Ramnek Petri",10,"Frederik von Bluckfish"
1284120,95703,"Kyrre Hellum",11,"Jan"
1284120,1951765,"Isac Aspberg",12,"Finsmakeren"
1284120,2447492,"Albin Weidenbladh",13,"Alteteren"
1284120,5004997,"Oksana Czerkasyna",14,"Kokk"
1212742,12074,"John Lithgow",0,"Dave Crealy"
1212742,118,"Geoffrey Rush",1,"Stefan Mortensen"
1212742,41784,"Nathaniel Lees",2,"Sonny Ausage"
1212742,1100393,"Maaka Pohatu",3,"Dr. Neels"
1212742,2184729,"Tom Sainsbury",4,"Carer Mike"
1212742,7255,"Ian Mune",5,"Howie Wicker"
1212742,2074404,"Ginette McDonald",6,"Sally Pile"
1212742,1237030,"Holly Shanahan",7,"Madeline Shepard"
1212742,29082,"Bruce Phillips",8,"Peter Llewyn"
1212742,1542446,"Yvette Parsons",9,"Carer Tania"
1212742,1492307,"Irene Wood",10,"Olive Shaw"
1212742,2511773,"Hannah Lynch",11,"Carer Joy"
1212742,76836,"Paolo Rotondo",12,"Psychologist"
1212742,7250,"George Henare",13,"Tony Garfield"
1212742,5338721,"Nikki MacDonnell",14,"Court Mother"
955897,1257753,"Paloma Kwiatkowski",0,"Lily"
955897,934173,"David Mazouz",1,"Jared"
955897,112557,"Camille Sullivan",2,"Zinnia"
955897,33527,"Adam Beach",3,"Cam"
955897,10825,"Donal Logue",4,"Dad"
955897,223126,"Megan Charpentier",5,"Mary Rose"
955897,140182,"Matthew MacCaull",6,"Ollie"
955897,62910,"Sarah Lind",7,"Mom"
955897,58804,"Gabrielle Rose",8,"Librarian"
955897,100372,"Derek Hamilton",9,"Sunken Eyed Man"
955897,3272175,"Remy Marthaller",10,"Kid Lily"
955897,3259949,"Rubi Tupper",11,"Kid Zinnia"
955897,62912,"Hrothgar Mathews",12,"George the Bartender"
955897,2911856,"Knox Hamilton",13,""
955897,3287127,"Morgana Wylie",14,"Ms. Otery"
937393,17245,"Ben McKenzie",0,"Jack Reynolds"
937393,81682,"Bojana Novaković",1,"Hannah Reynolds"
937393,2359018,"Sawyer Jones",2,"Kyle Reynolds"
937393,2388600,"Malcolm Fuller",3,"Steve Reynolds"
937393,65198,"Kane Kosugi",4,"Ryan Aoki"
937393,1580404,"Royce Johnson",5,"Derrick"
937393,2305430,"David Gibson",6,"Jack's Father"
937393,1000658,"David Lavine",7,"Forensic Expert"
937393,1915018,"Ethan Herschenfeld",8,"Judge Richard Resnick"
937393,2595333,"Asha Etchison",9,"Reporter"
937393,1028998,"Rebecca Nelson",10,"Jack's Mother"
937393,1679245,"Zack Eisaku Niizato",11,"Doctor"
937393,94442,"Jeff Applegate",12,"Col. William Bradley"
937393,1128492,"James Adam Lim",13,"Police Officer #2"
937393,5289370,"Miyu Yokota",14,"Sakura"
1385169,4214431,"Hannah Baxter-Eve",0,"Evalina"
1385169,2719906,"Joss Carter",1,"Rumpelstiltskin"
1385169,101923,"Adrian Bouchet",2,"Sir Lothar"
1385169,4710145,"Colin Malone",3,"The King"
1385169,4303757,"Evyn George",4,"The Witch"
1385169,1693441,"Ayvianna Snow",5,"The Succubus"
1385169,3208465,"Jennifer Lim",6,"Sister of the Stones"
1385169,2906405,"Annabella Rich",7,"Servant Girl"
1385169,2480911,"Sarah Jane Duncan",8,"Queen Aritrea"
1385169,5049384,"James Dance",9,"Lord Tregar"
1385169,3351765,"Chris Mills",10,"Jakob"
1094836,3948263,"Morley Nelson",0,"The Man/Dan"
1094836,5457066,"Nicole Nelson",1,"The Woman"
1094836,5457067,"Jack Nelson",2,"Jack"
1094836,5457068,"Brooke Nelson",3,"Brooke"
1094836,59715,"Peter O'Meara",4,"Brett Carson"
1094836,2219791,"Brett Zimmerman",5,"Donny"
1094836,2705482,"Courtney Blythe Turk",6,"Melanie"
1094836,2063995,"Hayley LeBlanc",7,"Gabriel"
1094836,3494525,"Joy Dolo",8,"Sheriff Joan Bryght"
1094836,2282400,"Christos Kalabogias",9,"Hunter Nickolaud"
1094836,5457078,"Allison Crandall",10,"The Wife"
1286663,1663195,"Kelly Marie Tran",0,"Valerie 'Vy' Nguyen"
1286663,1157292,"Miles Robbins",1,"Robbie"
1286663,143432,"Kieu Chinh",2,"Aunt Thuy"
1286663,2079778,"Toan Le",3,"Sang Nguyen"
1286663,3315248,"Callie Johnson",4,"Crystal"
1286663,5302155,"Sabrina Davi",5,"Chi Nguyen"
1286663,2688092,"Stanley White Jr.",6,"Sanshi (performer)"
1286663,5302158,"Phu Quoc",7,"Sanshi (voice)"
1286663,1439204,"Scott Takeda",8,"Dr. Chen"
1286663,2469481,"Samantha Coppola",9,"Ashley"
1286663,5302161,"Chelsea Parsons",10,"Rachel"
1286663,1288768,"Zack Gold",11,"Mason"
1286663,5302162,"Justin Piaoan",12,"Young Sang"
1286663,2096300,"Milton Saul",13,"Security Guard"
1286663,3892442,"Yera Constable",14,"Janine"
850920,1636739,"Brandon Flynn",0,"Josh"
850920,1466581,"Nik Dodani",1,"Rohan"
850920,1248,"Brian Cox",2,"Frank"
850920,36190,"Edie Falco",3,"Sharon"
850920,14406,"Lisa Kudrow",4,"Liddy"
850920,14329,"Dean Norris",5,"Cliff"
850920,1212270,"Vivian Bang",6,"Sara"
850920,7489,"Parker Posey",7,"Brenda"
850920,1456324,"Kate Avallone",8,"Donna"
850920,5302178,"Elle Kaye",9,"Zombie Donna"
850920,5132523,"Chloe Sciore",10,"Allie"
850920,3644007,"Keith R. Beck",11,"Zombie Jamie"
850920,2021440,"Johnny Hawe",12,"Jamie"
850920,5337858,"McKhelen Alcindor",13,"Dancer (uncredited)"
850920,5337859,"Evonne Archer",14,"Wedding Guest (uncredited)"
1202479,2195140,"Ayo Edebiri",0,"Ariel Ecton"
1202479,6949,"John Malkovich",1,"Alfred Moretti"
1202479,3196,"Juliette Lewis",2,"Clara Armstrong"
1202479,152416,"Murray Bartlett",3,"Stan Sullivan"
1202479,1928381,"Melissa Chambers",4,"Bianca Tyson"
1202479,25147,"Tony Hale",5,"Soledad Yusef"
1202479,3096097,"Stephanie Suganami",6,"Emily Katz"
1202479,156605,"Mark Sivertsen",7,"Bill Lotto"
1202479,1654001,"Amber Midthunder",8,"Belle"
1202479,1112417,"Tatanka Means",9,"Najee"
1202479,4431448,"Aspen Martinez",10,"Maude"
1202479,2097834,"Peter Diseth",11,"Jorg"
1202479,2588672,"Tamera Tomakili",12,"Rachel Malick"
1202479,5311575,"Rose Marley Meizlesh",13,"Levelist #1"
1202479,2505545,"Jasper Keen",14,"Lee"
1013482,1372369,"Samara Weaving",0,"Sofia Minor"
1013482,60960,"Ray Nicholson",1,"Paul Duerson"
1013482,1774398,"Jimmie Fails",2,"DeVante Rhodes"
1013482,58115,"Eric Dane",3,"Bell"
1013482,1674769,"Alba Baptista",4,"Penny"
1013482,77622,"Catherine Lough Haggquist",5,"Eleanor"
1013482,1301187,"Patrick Cox",6,"J. H. Calhoun"
1013482,27112,"Terence Kelly",7,"Lutzner"
1013482,3475064,"Matthew Del Bel Belluz",8,"Officer Carter"
1013482,2708654,"Yasmeen Kelders",9,"Abby"
1013482,1680899,"April Cameron",10,"Kaylor"
1013482,1426774,"David Jacox",11,"Waylon"
1013482,198615,"Chris Shields",12,"Officer Parker"
1153714,22226,"Paul Rudd",0,"Elliot"
1153714,974169,"Jenna Ortega",1,"Ridley"
1153714,93491,"Will Poulter",2,"Shepard"
1153714,20766,"Richard E. Grant",3,"Odell"
1153714,4939,"Téa Leoni",4,"Belinda"
1153714,1375002,"Sunita Mani",5,"Dr. Bhatia"
1153714,4025,"Steve Park",6,"Dr. Song"
1153714,1180346,"Anthony Carrigan",7,"Griff"
1153714,47730,"Jessica Hynes",8,"Shaw"
1153714,74487,"David Pasquesi",9,"Pilot"
1153714,5286611,"Denise Delgado",10,"Ridley's Mom"
1153714,49824,"Kathryn Erbe",11,"Tapestry Video Narrator (voice)"
1153714,1700678,"Nicholas Wittman",12,"Mercenary #1"
1153714,5286612,"Max Draskoczi",13,"Mercenary #2"
1153714,1554490,"Narantsogt Tsogtsaikhan",14,"Mercenary #3"
1443260,1657121,"Ethan Taylor",0,"Leo"
1443260,1890542,"Leona Clarke",1,"Lexi"
1443260,1438982,"Simon Davies",2,"Aiden"
1443260,1662821,"Michaela Longden",3,"Freya"
1443260,1364365,"Luke James",4,"Sam"
1443260,3897015,"Maximillian Cherry",5,"Young Robin"
1443260,5345044,"Lucas Edwards",6,"Young Aiden"
1443260,2977460,"Gareth Tidball",7,"Robin's Mother"
1443260,2992695,"Victor Mellors",8,"Detective Proctor"
1443260,2992685,"Mollie Hindle-Pérez",9,"Detective Farmer"
1443260,5524439,"Nadia Adjibade",10,"Wedding Host"
1375762,5017250,"Niamh Parrington",0,"Cylinda"
1375762,3884574,"Brendan Nelson",1,"Caster Oyl"
1375762,5885713,"Amy Mackie",2,"Olive Oyl"
1375762,5547530,"Ross Dillon",3,"Trent"
1375762,5547531,"Leona Roberts",4,"Lizzy"
1375762,5547534,"Joel McDade",5,"Stevie"
1375762,5220739,"Yu Heng Li",6,"Monique"
1375762,4962274,"Murdo Gilfeather Adams",7,"Skits"
1375762,5547540,"Seb Lord",8,"Spike"
1375762,2813989,"Stephen Corrall",9,"Lt. Lang"
1375762,1564558,"Paul Dewdney",10,"Homeless George"
1375762,3560928,"David Hallows",11,"Old Man Popeye"
1375762,3155351,"Tony Greer",12,"Monster Popeye"
1375762,4016415,"Ryan Kerr",13,"Monster Popeye Voice (voice)"
1375762,5017246,"Paul Stephen Mann",14,"Detective Zanaletto"
1353117,2349355,"Michele Morrone",0,"Mek"
1353117,5528,"William Moseley",1,"Jake"
1353117,1259367,"Urassaya Sperbund",2,"Prang"
1353117,1564775,"Alexander",3,"Chan"
1353117,3172263,"Ting Sue",4,"Cutter Girl"
1353117,1937075,"Tia Taveepanichpan",5,"Teenager Girl"
1353117,5384887,"Akeira Hadden",6,"Loo Lookkaew"
1353117,5384890,"Dominik Zoeker",7,"Eka-Pak-Lek"
1353117,3639563,"Bloom Varin",8,"Wichien"
1353117,5384891,"Ittiphol Pholsong",9,"Arat"
1353117,3262894,"Tonon Wongboon",10,"Young Wichien"
1353117,5252575,"Suphach Tawsagun",11,"Young Chan"
1225572,1880016,"David Howard Thornton",0,"Steamboat Willie"
1225572,4479440,"Allison Pittel",1,"Selena"
1225572,3731720,"Amy Schumacher",2,"Amber"
1225572,1863450,"Jesse Posey",3,"Pete"
1225572,54856,"Jarlath Conroy",4,"Barry"
1225572,5348341,"Julia Schroeder",5,"Dominique"
1225572,62840,"Brian Scolaro",6,"Captain Clark"
1225572,3790695,"Kailey Hyman",7,"Cindi"
1225572,2343351,"Rumi C. Jean-Louis",8,"Matteo"
1225572,1295524,"Poonam Basu",9,"Jazzy"
1225572,1763142,"Stephanie Bates",10,"Bella"
1225572,5348344,"Allie Seibold",11,"Rory"
1225572,2265349,"Savannah Whitten",12,"Ariana"
1225572,3364923,"Jarod Lindsey",13,"Moses"
1225572,1297165,"Jesse Kove",14,"Lieutenant Diaz"
1210938,1530733,"Ryu Jun-yeol",0,"Sung Min-chan"
1210938,1254975,"Shin Hyun-been",1,"Lee Yeon-hui"
1210938,2097710,"Shin Min-jae",2,"Kwon Yang-rae"
1210938,2987023,"Han Ji-hyeon",3,"Lee Yeon-ju"
1210938,2278760,"Do Yeong-seo",4,"Shin A-yeong"
1210938,3042453,"Kim Do-young",5,"Lee Nak-seong"
1210938,3305495,"Moon Joo-yeon",6,"Lee Si-yeong"
1210938,5174444,"Bae Yoon-gyu",7,"So Eun-gyu"
1210938,3724280,"Oh Chi-woon",8,"Violent Crimes Captain"
1210938,2807917,"Woo Kang-min",9,"Violent Crimes Unit Chief"
1210938,2771569,"Jeon Woon-jong",10,"Detective 1"
1210938,4300690,"Lee Han-sol",11,"Detective 2"
1210938,3608517,"Joo In-young",12,"A-yeong's Mother"
1210938,2378992,"Kim Moon-hak",13,"A-yeong's Father"
1210938,2485848,"Choi Gwang-il",14,"Jung Guk-hwan"
1083968,137905,"Bill Skarsgård",0,"Eddie Barrish"
1083968,4173,"Anthony Hopkins",1,"William"
1083968,3361846,"Ashley Cartwright",2,"Sarah"
1083968,67979,"Michael Eklund",3,"Karl"
1083968,2528675,"Navid Charkhi",4,"Butter"
1083968,5265180,"Sofia Tesema",5,"Lipstick Woman"
1083968,4931035,"Emma Kombe",6,"Little Girl"
1083968,1362816,"Gabrielle Walsh",7,"Amy (Voice)"
931349,1222992,"Eiza González",0,"Riya"
931349,84497,"Aaron Paul",1,"Brion"
931349,113732,"Iko Uwais",2,"Adhi"
931349,167025,"Kate Elliott",3,"Clarke"
931349,1397346,"Beulah Koale",4,"Kevin"
931349,1056739,"Flying Lotus",5,"Davis"
1388366,3777662,"Sean Michael Conway",0,"Dexter"
1388366,5076855,"Elena Juliano",1,"Olivia"
1388366,2371465,"Jason Robert Stephens",2,"The Sailor Man"
1388366,3805862,"Mabel Thomas",3,"Katie"
1388366,4055871,"Marie-Louise Boisnier",4,"Lisa"
1388366,106079,"Jeff Thomas",5,"Seth"
1388366,4910699,"Steven McCormack",6,"Joey"
1388366,5076857,"Clayton Turner",7,"Jesse"
1388366,5076856,"Paul Konye",8,"Terry"
1388366,972445,"Angela Relucio",9,"Margot"
1388366,1287055,"Rich Lounello",10,"Lex"
1388366,2680806,"Scott Swope",11,"Angus"
1388366,98421,"Sarah Nicklin",12,"Adrienne"
1388366,5076854,"Joel Frometa",13,"Miguel"
1388366,3484345,"Christian Elan Ortiz",14,"Vincent"
1227003,225411,"Mark O'Brien",0,"Mason Harper"
1227003,117431,"Shaun Johnston",1,"Angus Harper"
1227003,1400939,"Jacqueline Byers",2,"Tanis Green"
1227003,1451899,"Josh Cruddas",3,"Lucifer"
1227003,11828,"Adrian Hough",4,"Beau"
1227003,189001,"David Haysom",5,"Stan Nelson"
1227003,4042208,"Emily James",6,"Gale"
1227003,2807126,"Alexis McKenna",7,"Young Tanis"
1227003,4588207,"Sofia Skates",8,"Angela Ramírez"
1227003,5545468,"Cara Azevedo",9,"Police Constable (uncredited)"
1227003,1868316,"Reamonn Joshee",10,"Store Clerk"
1227003,2741172,"Jade V. Robinson",11,"Officer Nancy Lester"
1227003,129056,"Barbara Gates Wilson",12,"Elma"
1227003,4065838,"Taylor Nodrick",13,"Mortician (uncredited)"
1244944,1853909,"Danielle Deadwyler",0,"Ramona"
1244944,60199,"Okwui Okpokwasili",1,"Woman"
1244944,2170322,"Peyton Jackson",2,"Taylor"
1244944,4697723,"Estella Kahiha",3,"Annie"
1244944,62649,"Russell Hornsby",4,"David"
1244944,5477215,"Chad Pitter",5,"Taylor (adult) (uncredited)"
1103731,97585,"Talia Zucker",0,"Layla / New Layla / Original Layla"
1103731,219960,"Ashley Zukerman",1,"Jack"
1103731,5037589,"Daniel Ciurte",2,"Young Toby"
1103731,2589856,"Will Howarth",3,"Brady"
1103731,5037579,"Stephanie Arezzi",4,"Other Layla"
1103731,1675394,"Hayley McCarthy",5,"School Receptionist (voice)"
1103731,1760971,"Luke Anthony",6,"Toby"
1103731,4321498,"Kate Ure",7,"Hospital Colleague"
1103731,5037593,"Hamish Young",8,"Driver"
1426297,567742,"Paula Brasca",0,"Alison"
1426297,3065840,"Damián Del Castillo",1,""
1426297,4321298,"Marta Quarleri",2,"Lorraine"
1426297,5167953,"Milagros Ribet",3,""
1426297,3381701,"Catalina Motto",4,"Emily"
1355126,1380224,"Ersya Aurelia",0,"Endah"
1355126,2096040,"Arbani Yasiz",1,"Fadhil"
1355126,2120859,"Erika Carlina",2,"Naning"
1355126,3490117,"Bukie Mansyur",3,"Hendra"
1355126,4372965,"Wavi Zihan",4,"Wati"
1355126,2999181,"Benidictus Siregar",5,"Franky / Mulyono"
1355126,2306135,"Arif Alfiansyah",6,"Dwi"
1355126,4224795,"Yono Bakrie",7,"Rano"
1355126,1716632,"Sadana Agung",8,"Karno"
1355126,2517472,"Vonny Anggraini",9,"Marni"
1355126,3227689,"Azela Putri",10,"Rani"
1355126,2057248,"Dewi Pakis",11,"Mbah Jinah"
1355126,1604482,"Budi Ros",12,"Mbah Samin"
1355126,5021178,"Gilang Devialdy",13,"Eko"
1355126,2520520,"Hayati Azis",14,"Nyi Wilengi"
1448938,1866918,"Nicole Sun",0,"Emma"
1448938,1860832,"Ken Kirby",1,"Chris"
1448938,108919,"Chris Riggi",2,"The Strange Man"
1448938,5306139,"Tim Stanton",3,"Barrs"
1448938,2082355,"Chris Eckert",4,"Randy"
1448938,1531017,"Chris Dougherty",5,"Patrick"
1448938,1802827,"John Pope",6,"Russ"
1448938,210756,"Miles Szanto",7,"Terry"
1448938,29795,"Jack Plotnick",8,"Sheriff Jim"
1448938,2144867,"Elko Weaver",9,"Officer Conrad"
999243,1442069,"Finn Wolfhard",0,"Chris"
999243,2682376,"Billy Bryk",1,"Bobby"
999243,2099497,"Fred Hechinger",2,"Jason Hochberg"
999243,1473432,"Abby Quinn",3,"Claire"
999243,3662305,"Krista Nazaire",4,"Shannon"
999243,2329335,"Daniel Gravelle",5,"Ari"
999243,3279593,"Pardis Saremi",6,"Demi"
999243,1386502,"Julia Lalonde",7,"Noelle"
999243,2563029,"Matthew Finlan",8,"Ezra"
999243,2710333,"D'Pharaoh Woon-A-Tai",9,"Mike"
999243,2676077,"Julia Doyle",10,"Miley"
999243,270400,"Susan Coyne",11,"Maggie Hochberg"
999243,1355795,"Rosebud Baker",12,"Kathy"
999243,115974,"Adam Pally",13,"John"
970947,1925,"Vincent Cassel",0,"Karsh Relikh"
970947,9824,"Diane Kruger",1,"Becca Relikh / Terry Gelernt / Hunny"
970947,529,"Guy Pearce",2,"Maury Entrekin"
970947,65345,"Sandrine Holt",3,"Soo-Min Szabo"
970947,108895,"Elizabeth Saunders",4,"Gray Foner"
970947,105299,"Jennifer Dale",5,"Myrna Shovlin"
970947,2443175,"Eric Weinthal",6,"Dr. Hofstra"
970947,1793739,"Jeff Yung",7,"Dr. Rory Zhao"
970947,55584,"Ingvar E. Sigurðsson",8,"Elvar"
970947,1123417,"Vieslav Krystyan",9,"Karoly Szabo"
970947,3700267,"Matt Willis",10,"Muscle"
970947,4121995,"Steve Switzman",11,"Dr. Jerry Eckler"
970947,80034,"Victoria Fodor",12,"Restaurant Hostess"
970947,4602758,"Jill Niedoba",13,"Private Plane Hostess"
1322623,37027,"Lew Temple",0,"Ed Kemper Jr."
1322623,3307731,"Brandon Kirk",1,"Ed Kemper"
1322623,98473,"Cassandra Gava",2,"Maude Kemper"
1322623,97621,"Brinke Stevens",3,"Sally Hallett"
1322623,62715,"Robert Miano",4,"Fr. Arness"
1322623,204068,"Rico E. Anderson",5,"Huey P. Newton"
1322623,42535,"Elina Madison",6,"Hen"
1322623,104189,"Silvia Spross",7,"Dr. Fillmore"
1322623,1009221,"Katie Silverman",8,"Mary Ann Pesce"
1322623,941433,"Susan Priver",9,"Clarnell Stage"
1205225,1163298,"Rae Olivier",0,"Brina"
1205225,2171642,"Daniel Annone",1,"Ethan"
1205225,2555035,"Jarrod Beck",2,"Danny"
1205225,2416452,"Marquita Goings",3,"Lin"
1205225,4388470,"Morgan Robertson",4,"Sarah"
1205225,2300625,"Percy Bell",5,"Jeremy"
1205225,4388475,"Doug Steier",6,"Shop Owner"
1444376,5052399,"Daycha Konarlo",0,"Musa (segment ""The Wrath of Djinn"")"
1444376,4313178,"Ruethaiphat Phatthananapaphangkorn",1,"Mariam (segment ""The Wrath of Djinn"")"
1444376,5364267,"Alina M. Chang",2,"Celine (segment ""The Wrath of Djinn"")"
1444376,127844,"Chalad Na Songkhla",3,"Sarif (segment ""The Wrath of Djinn"")"
1444376,3597508,"Auttakorn Boonpeng",4,"Karim (segment ""The Wrath of Djinn"")"
1444376,2279092,"Poompat Iam-samang",5,"Chakrit (segment ""Miracle"")"
1444376,1327163,"Latthgarmon Pinrojnkeerathi",6,"Panadda (segment ""Miracle"")"
1444376,3280596,"Khwanruedi Klomklom",7,"Pran (segment ""Miracle"")"
1444376,4558594,"Dusit Witooteerasan",8,"Kajorn (segment ""Miracle"")"
1444376,4672515,"Napaphach Boonwongtum",9,"Nata (segment ""Miracle"")"
1444376,2729190,"Becky Armstrong",10,"Pun (segment ""Never Rest in Peace"")"
1444376,5288234,"Ninna Ninnara",11,"Pon (segment ""Never Rest in Peace"")"
1444376,5089552,"Akadech Jaroonsot",12,"Aon (segment ""Never Rest in Peace"")"
1444376,5749108,"Udom Muenmuad",13,"Song (segment ""Never Rest in Peace"")"
1444376,1180488,"Panjai Sirisuwan",14,"Ghost (segment ""Never Rest in Peace"")"
1134048,1310521,"Pierson Fodé",0,"Kaszwar"
1134048,21246,"Corbin Bernsen",1,"Roy"
1134048,1909343,"Giorgia Whigham",2,"Rachel"
1134048,109740,"Alysia Reiner",3,"Mom"
1134048,56253,"Paul Soter",4,"Collins"
1134048,1771746,"Miyako",5,"May"
1134048,1795058,"Kue Lawrence",6,"Morgan"
1134048,1367241,"Amanda Clayton",7,"Deputy Maxwell"
1134048,1825497,"Sutton Johnston",8,"CJ"
1134048,2502431,"Jordyn Raya James",9,"Caroline"
1134048,3108898,"Kai Cech",10,"Pilar"
1134048,3955319,"Max Malas",11,"Dirk"
1134048,3675229,"Winston Vengapally",12,"Raj"
1134048,2185197,"Maxwell Whittington-Cooper",13,"Franklin"
1134048,2605247,"Geoffrey James",14,"Avery"
1391047,1640347,"Alexandra Masangkay",0,"Flores"
1391047,1179338,"Loreto Mauleón",1,"Olivia"
1391047,51943,"Óscar Casas",2,"Arlo"
1391047,1096449,"Aitor Luna",3,"Ander"
1391047,2272490,"Luna Fulgencio",4,"Mera"
1391047,17099,"Junio Valverde",5,"Patel"
1391047,2020243,"Cristóbal Pinto",6,"Bashir"
1233413,135651,"Michael B. Jordan",0,"Smoke / Stack"
1233413,130640,"Hailee Steinfeld",1,"Mary"
1233413,4688032,"Miles Caton",2,"Sammie Moore"
1233413,85065,"Jack O'Connell",3,"Remmick"
1233413,134774,"Wunmi Mosaku",4,"Annie"
1233413,2455272,"Jayme Lawson",5,"Pearline"
1233413,334,"Omar Benson Miller",6,"Cornbread"
1233413,18792,"Delroy Lindo",7,"Delta Slim"
1233413,1321015,"Li Jun Li",8,"Grace Chow"
1233413,3495960,"Yao",9,"Bo Chow"
1233413,1345418,"Lola Kirke",10,"Joan"
1233413,1805225,"Peter Dreimanis",11,"Bert"
1233413,53399,"Buddy Guy",12,"Old Sammie"
1233413,1985,"Saul Williams",13,"Jedidiah"
1233413,1650191,"Andrene Ward-Hammond",14,"Ruthie"
1205656,10882,"Rosamund Pike",0,"Maddie / Kind Woman (voice)"
1205656,29528,"Matthew Rhys",1,"Frank / Husband (voice)"
1205656,2740516,"Megan McDonnell",2,"Alice (voice)"
1205656,1256162,"Tadhg Murphy",3,"Police Operator (voice)"
1205656,538385,"Stephen Jones",4,"Male Detective"
1205656,96674,"Paul Tylak",5,"Police Officer"
1145221,45827,"Ashley Greene",0,"Cynthia Winstone"
1145221,1378867,"Ellie O'Brien",1,"Jordan Winstone"
1145221,11023,"Shawn Ashmore",2,"Randall Harris"
1145221,85614,"Juno Rinaldi",3,"Agatha Baker"
1145221,2936546,"Brooklyn Marshall",4,"Creature"
1145221,145264,"Mark Taylor",5,"John Otis"
1145221,3491511,"Shayelin Martin",6,"Riley Harris"
1145221,2320,"Julian Richings",7,"Dr. Ronald Whittaker"
1145221,44176,"Dov Tiefenbach",8,"Larry"
1145221,2045061,"Scott Baker",9,"Officer Prescott"
1145221,4120741,"Eadie Murphy",10,"Young Jordan"
1145221,5509984,"Christina Beth Hughes",11,"Samantha Harris"
1145221,2221049,"Liise Keeling",12,"Rotting Woman"
1145221,52512,"Laurie Murdoch",13,"Fred"
1145221,1746696,"Greg Schneider",14,"Interrogation Officer #1"
1278950,221018,"Dan Stevens",0,"Father Joseph Steiger"
1278950,1371456,"Abigail Cowen",1,"Emma Schmidt"
1278950,1158,"Al Pacino",2,"Father Theophilus Riesinger"
1278950,26996,"Patricia Heaton",3,"Mother Superior"
1278950,45827,"Ashley Greene",4,"Sister Rose"
1278950,58791,"Patrick Fabian",5,"Bishop Edwards"
1278950,2198258,"María Camila Giraldo",6,"Sister Camila"
1278950,956385,"Meadow Williams",7,"Sister Sarah"
1278950,1031591,"Enrico Natale",8,"Dr. Fabian"
1278950,52885,"Ritchie Montgomery",9,"Chester"
1278950,1411664,"Liann Pattison",10,"Sister Antonella"
1278950,4625102,"Courtney Rae Allen",11,"Sister Mary Joseph"
1278950,3218081,"Emily Brinks",12,"Betty"
1232546,3307906,"Ella Rubin",0,"Clover"
1232546,2342988,"Michael Cimino",1,"Max"
1232546,1972166,"Odessa A'zion",2,"Nina"
1232546,2983147,"Ji-young Yoo",3,"Megan"
1232546,2286570,"Belmont Cameli",4,"Abe"
1232546,992366,"Maia Mitchell",5,"Melanie"
1232546,53,"Peter Stormare",6,"Dr. Hill"
1232546,3515824,"Tibor Szauerwein",7,"Psycho"
1232546,1302131,"Lotta Losten",8,"Reporter"
1232546,3270774,"Mariann Hermányi",9,"Glore Witch"
1232546,1775164,"Willem van der Vegt",10,"Pleading Man"
1232546,5092748,"Zsófia Temesvári",11,"Melanie Wendigo"
1232546,5092741,"Ádám Bot",12,"Wendigo"
1232546,3521888,"Ádám Kocsis",13,"Wendigo"
1232546,5398340,"Adrienn Mész",14,"Wendigo"
1282980,2421922,"Elizabeth Vermilyea",0,"Maria"
1282980,2939302,"Kathryn Miller",1,"Isabel"
1282980,4047944,"Joe Falcone",2,"Chuck"
1282980,5723271,"Diomire Keane",3,"Helen Foster"
1282980,3433656,"Darin F. Earl II",4,"Luke"
1282980,3933127,"Monica Fleurette",5,"Bonnie"
1282980,1521804,"Lorenzo Beronilla",6,"Larry"
1282980,1539505,"Joe Bandelli",7,"Julian"
1282980,4986750,"Leyah Rose",8,"Molly"
1282980,5742246,"Claudia Langmaid",9,"Mother"
1282980,127070,"Brian Anthony Wilson",10,"Terrance"
1282980,3358859,"Ray Acevedo",11,"Carl"
1282980,1722856,"Mike Sutton",12,"Thomas"
1282980,3061263,"Madeleine Garcia",13,"Ashley"
1282980,4372661,"Lyndsey Bentham",14,"Olivia"
1189735,1434162,"Clare Monnelly",0,"Shoo"
1189735,1907071,"Bríd Ní Neachtain",1,"Peig"
1189735,2185019,"Alexandra Bustryzhickaya",2,"Mila"
1189735,84647,"Olga Wehrly",3,"Deirdre"
1189735,3728221,"Grace Collender",4,"Young Peig"
1189735,1349275,"Mícheál Óg Lane",5,"Daithí"
1189735,1239728,"Tara Breathnach",6,"The Mother"
1189735,3377767,"Jim Cunningham",7,"Seán"
1189735,1533772,"Peadar Cox",8,"Bus Driver"
1189735,4941312,"Liv O'Donoghue",9,"Receptionist"
1189735,54001,"Dorothy Duffy",10,"Méabh"
1189735,17778,"Charlotte Bradley",11,"Majella"
1189735,1373498,"Clare Barrett",12,"Éilis"
1189735,1885350,"Marcus Lamb",13,"Doctor"
1162858,1789278,"Olivia Macklin",0,"Robin"
1162858,1737253,"Dylan McTee",1,"Daniel"
1162858,3367036,"Avangeline Friedlander",2,"Kathelia"
1162858,2138,"Shawnee Smith",3,"Lizzie"
1162858,2448670,"Lily D. Moore",4,"Fiona"
1162858,201270,"Morgana Shaw",5,"Dr. Neil"
1162858,558291,"Denise Lee",6,"Evelyn"
1162858,5401288,"Laurence Pete",7,"Joe"
1162858,1355655,"Aly Mawji",8,"Dr. Kumar"
1162858,3335918,"Indiana Arnold",9,"Boy"
1162858,2753370,"Morgan Boss-Maltais",10,"Young Wife"
1162858,4089395,"Jessica Culaciati",11,"Beth"
1162858,2549373,"Colin Haag Jr.",12,"Pool Party Guest"
1162858,5540698,"Elijah Johnson-Thiam",13,"Kathelia's Father"
1162858,2025638,"Phuong Kubacki",14,"Agent"
1327445,99508,"Jorge A. Jimenez",0,"Federico"
1327445,2191327,"Alejandra Herrera",1,"Berenice"
1327445,1549908,"Andrés Delgado",2,"Jesús"
1327445,2153290,"Renata Vaca",3,"Aurora"
1327445,1299682,"Hoze Meléndez",4,"Carlos"
1327445,5403601,"Daniela Momo",5,"Alicia"
1327445,1439163,"José Antonio Becerril",6,"Pedro"
1327445,4525341,"Anna Díaz",7,"Ester"
1327445,1196866,"Waldo Facco",8,"Luis"
1327445,5403602,"Bibiana Godínez",9,"Karen"
1327445,1498048,"Agustín Cornejo",10,"Alex"
1327445,5403603,"Perla Alejo",11,"Calavera"
1327445,3032131,"Ruby Vizcarra",12,"Miringua"
1327445,1309506,"Myriam Bravo",13,"Estela"
1327445,1486120,"Mercedes Hernández",14,"Abuela"
793387,1024395,"Don Lee",0,"Ba-woo"
793387,1471054,"Seohyun",1,"Sharon"
793387,557133,"David Lee",2,"Kim Gun"
793387,1206963,"Gyeong Su-jin",3,"Jung-won"
793387,1418762,"Jung Zi-so",4,"Eun-seo"
793387,2485848,"Choi Gwang-il",5,"Father Marco"
793387,1968440,"Song Yo-sep",6,"Middle-Aged Man"
793387,3443107,"Park Ok-chool",7,"Auntie"
793387,1295418,"Han Gi-joong",8,"Chief of Police"
793387,3592710,"Lee Da-il",9,"Mysterious Man"
793387,6267368,"Jo Hye-yeon",10,"Female Guest"
793387,1495746,"Yoon Ji-won",11,"Su-jin"
793387,2830111,"Jeon Se-won",12,"Female Patient"
793387,4035663,"Nam Gwon-a",13,"Landlady"
793387,2378960,"Park Ki-seon",14,"Landlord"
1297028,1486208,"Emeraude Toubia",0,"Rosario"
1297028,10963,"José Zúñiga",1,"Oscar Fuentes"
1297028,83854,"David Dastmalchian",2,"Joe"
1297028,85142,"Paul Ben-Victor",3,"Marty"
1297028,1059848,"Diana Lein",4,"Elena / Kobayende"
1297028,2864883,"Emilia Faucher",5,"Young Rosario"
1297028,3127566,"Constanza Guitérrez",6,"Griselda"
1297028,104467,"Nick Ballard",7,"Alex"
1297028,1030235,"Guillermo García",8,"Miguel"
1297028,1251531,"Indhira Serrano",9,"Lupe"
1297028,1837637,"Luna Baxter",10,"Harlow"
1297028,5557068,"Isabella Hoyos",11,"Medic #2"
1297028,2458945,"Juan Camilo Salgado",12,"Dickhead"
1297028,5008913,"Don Gellver",13,"Elderly Man"
1297028,5557069,"Daniel Abubakar Asema",14,"Medic #1"
1409850,1542677,"Sanae Loutsis",0,"Snow White"
1409850,932696,"Chelsea Edmundson",1,"Evil Queen"
1409850,1059766,"Meredith Binder",2,"Evil Witch Queen"
1409850,3319026,"Tristan Nokes",3,"Prince Florizel"
1409850,5180124,"Ali Chapman",4,"Arsta"
1409850,5539749,"Michael De Santo II",5,"Grimwald"
1409850,5379566,"Jeremy Hallam",6,"Dozer"
1409850,4833724,"Dillon Moore",7,"Sunny"
1409850,3597062,"Eric Pope",8,"Tiny"
1409850,3189835,"Colin Miller",9,"Beau"
1409850,4549610,"Risa Mei",10,"Pollen"
1409850,3913400,"Holland Stull",11,"Yvonne"
1409850,4456918,"Hailey Saintfield",12,"Inga"
1409850,5244030,"Lydia Pearl Pentz",13,"Sofia"
1409850,4730775,"Milo Mechem-Miller",14,"Wilhelm Grimm"
1276038,399681,"David Yow",0,"Harold Palladino"
1276038,21633,"Kai Lennox",1,"Alex Clark"
1276038,62910,"Sarah Lind",2,"Sam Clark"
1276038,232016,"Zachary Ray Sherman",3,"Renny"
1276038,1868661,"Ashley B. Smith",4,"Susie Q"
1276038,1231532,"Rob Zabrecky",5,"The Director"
1276038,91039,"S.A. Griffin",6,"Detective Simon"
1276038,1347388,"Bill J. Stevens",7,"Gus Jessop"
1276038,1667611,"Alexandra Ryan",8,"Marianne"
1276038,191118,"William Bookston",9,"Motel Clerk"
1232933,1345419,"Hermione Corfield",0,"Clara Bennett"
1232933,1531206,"Jake Ryan",1,"Dylan 'Bull' Maddock"
1232933,1281967,"Josh McConville",2,"Janusz Wojcik"
1232933,108946,"Kevin Dee",3,"Dwight Lewis"
1232933,56347,"Clayton Watson",4,"Bob Drummond"
1232933,110516,"Sam Parsonson",5,"Frank Sturgess"
1232933,2516831,"Jacob Junior Nayinggul",6,"Jimmy Barriakada"
1232933,107474,"Arthur Angel",7,"Ernie Morgan"
1232933,2479415,"Maximillian Johnson",8,"Shaun Cullen"
1232933,3142835,"Will Fletcher",9,"Sgt Potter"
1232933,1707879,"Tom Beaurepaire",10,"Paul Whitemore"
713364,1183993,"Katie Douglas",0,"Quinn Maybrook"
713364,1857464,"Carson MacCormac",1,"Cole Hill"
713364,79072,"Kevin Durand",2,"Mayor Arthur Hill"
713364,3719836,"Dylan McEwan",3,"Tyler Anderson"
713364,56262,"Aaron Abrams",4,"Dr. Glenn Maybrook"
713364,4627642,"Alexandre Martin Deakin",5,"Matt"
713364,3523596,"Vincent Muller",6,"Rust Vance"
713364,39125,"Will Sasso",7,"Sheriff Dunne"
713364,1780951,"Cassandra Potenza",8,"Janet Murray"
713364,2425167,"Verity Marks",9,"Ronnie Queen"
713364,2815366,"Ayo Solanke",10,"Tucker Lee"
713364,64298,"Catherine Wreford",11,"Crystal Hill"
713364,1525509,"Daina Leitold",12,"Trudy"
713364,1356237,"Jean-Jacques Javier",13,"Otis"
713364,5113380,"Noah Craig",14,"DJ"
1468417,1554519,"Lauren Esposito",0,"Jessica"
1468417,1510633,"Julian Curtis",1,"Thomas"
1468417,2618427,"Shannon Ryan",2,"Elyse"
1468417,4685713,"Soren Jensen",3,"Father Torquemada"
1468417,2851905,"Mitchell Slater",4,"Matt"
1468417,4762082,"Yasmin Langlois",5,"Monique"
1468417,2197914,"Anthony Ciccotosto",6,"Marcus"
1468417,82997,"Mathew Pritchard",7,"Scott"
1468417,1872417,"Clyde Boraine",8,"Caleb"
1468417,6440077,"James Dean",9,"James"
1468417,6436259,"Agung Bagus",10,"Liam"
1468417,6340336,"Juliana Begue",11,"Kate"
1468417,6440084,"Anthony Lindsay",12,"Jon"
1443894,1186659,"Lily Sullivan",0,"Rory"
1443894,208296,"Callan Mulvey",1,"Logan"
1443894,12206,"Richard Roxburgh",2,"Otto"
1443894,5286088,"Lance Giles",3,"Noah"
1443894,2386170,"Bree Peters",4,"Scout"
1443894,1365,"Lawrence Makoare",5,"Brooks"
1443894,152566,"Dean O'Gorman",6,"Lockie"
1443894,5286102,"Bonnie Filer",7,"Matty"
1443894,3915556,"Travis Luke",8,"Connor"
1443894,5286104,"Zack McCracken",9,"Christine"
1443894,1048610,"Luke Hawker",10,"Howler #1"
1443894,1767299,"Andre Gwilliam",11,"Howler #2"
1443894,5286109,"Freddy Okyere",12,"Howler #3"
1443894,5286110,"Jodie Glinster",13,"Howler #4"
1443894,4846823,"Marie Dorin",14,"Howler #5"
1214140,1129267,"Dean Fujioka",0,"Saito"
1214140,1745556,"Callum Woodhouse",1,"Bronson"
1214140,1113263,"Alan Maxson",2,"Creature"
1214140,5589226,"Kazushi Kato",3,"Hell Ship Commander"
1214140,5589227,"Teruhiko Kameoka",4,"Hell Ship Soldier #1"
1214140,5589228,"Yorihiro Nagai",5,"Hell Ship Soldier #2"
1214140,230860,"Naoki Kawano",6,"Hell Ship Soldier #3"
1214140,5589229,"James Edgar Langdong",7,"US Navy Officer"
1214140,1490324,"Kouji Miyoshi",8,"Japanese NCO"
1214140,5589230,"Kenji S Jahja",9,"Japanese Soldier #1"
1214140,2798042,"Hiroaki Kato",10,"Japanese Soldier #2"
1214140,2970550,"Lucky Moniaga",11,"Orang Melayu"
1353333,3629485,"Natasha Tosini",0,"Blair"
1353333,4889017,"Shayli Reagan",1,"Sarah"
1353333,1913029,"Keith Eyles",2,"Stu Jackson"
1353333,4395204,"Lauren Leppard",3,"Mimi"
1353333,2830098,"Jay Robertson",4,"Mouse"
1353333,2498240,"Kathi deCouto",5,"Connie"
1353333,4265828,"Atlanta Moreno",6,"Phoenix"
1353333,3752684,"Victor Rios",7,"Simon"
1353333,1438978,"Joseph Emms",8,"Nigel Jackson"
1353333,5445704,"Naomi Forbes",9,"Lily"
1353333,3265469,"Andrew Charles",10,"Neil"
1353333,4282802,"Iveta Drulyte",11,"Helen"
1353333,5366144,"Sam Rowlands",12,"Policeman"
574475,3480304,"Kaitlyn Santa Juana",0,"Stefani Reyes"
574475,1547148,"Teo Briones",1,"Charlie Reyes"
574475,58724,"Rya Kihlstedt",2,"Darlene Campbell"
574475,144852,"Richard Harmon",3,"Erik"
574475,1482198,"Owen Patrick Joyner",4,"Bobby"
574475,1441215,"Anna Lore",5,"Julia"
574475,62919,"Alex Zahara",6,"Uncle Howard"
574475,45428,"April Telek",7,"Aunt Brenda"
574475,1376128,"Tinpo Lee",8,"Marty Reyes"
574475,19384,"Tony Todd",9,"William John Bludworth"
574475,1469128,"Brec Bassinger",10,"Iris (1960's)"
574475,58804,"Gabrielle Rose",11,"Iris (Present Day)"
574475,83186,"Max Lloyd-Jones",12,"Paul Campbell"
574475,2051988,"Brenna Llewellyn",13,"Val"
574475,1512170,"Natasha Burnett",14,"Evie - Sky View Female Singer"
1303055,54633,"Grace Caroline Currey",0,"Violet"
1303055,1279279,"Virginia Gardner",1,"Thalia"
1303055,1470305,"Riele Downs",2,"Queen"
1303055,1903427,"Zak Steiner",3,"Collins"
1303055,177214,"Page Kennedy",4,"Big Farmer Jay"
1303055,1072271,"Joey Bragg",5,"Vince Ventura"
1303055,55673,"Troy Gentile",6,"Mason Kelly"
1303055,17265,"Hayden Panettiere",7,"Hayden Hearst"
1303055,76021,"Griff Furst",8,"Director"
1303055,166457,"Elle Downs",9,"Suzie"
1303055,1874211,"Lourdes Chávez",10,"Maria"
1303055,5448481,"Javier Melgar Santoveña",11,"Hector"
1303055,2327665,"Issac Flores",12,"Marco"
1303055,2709088,"Marisa Arias",13,"Madison"
1095700,5047,"Veronica Cartwright",0,"Olivia"
1095700,1213398,"Michael Steger",1,"Tom"
1095700,1090686,"Drew Moerlein",2,"Ben"
1095700,3968852,"Kayleigh Anne Ruller",3,"Tracy"
1095700,2028014,"T.C. Carter",4,"Jacob"
1095700,114045,"Janet López",5,"Alice Page"
1095700,1988376,"Madelyn Dundon",6,"Dale"
1095700,80000,"Bill Sorice",7,"Albert"
1095700,1201763,"Heather Drew",8,"Reporter"
1095700,1947051,"Ralph Ayala",9,"Detective Diaz"
1095700,3935822,"Robertson Michaud",10,"Police Officer"
1095700,2477036,"Michael Bakkensen",11,"Detective Burke"
1095700,4809760,"Nicola Jeanette Silber",12,"Penny"
1095700,2545064,"Heather Drew",13,"Reporter"
1095700,5538013,"Benjamin Breadmore",14,"Officer Jones"
1151031,1840063,"Billy Barratt",0,"Andy"
1151031,39658,"Sally Hawkins",1,"Laura"
1151031,3253214,"Mischa Heywood",2,"Cathy"
1151031,4741316,"Jonah Wren Phillips",3,"Oliver"
1151031,216979,"Stephen Phillips",4,"Phil"
1151031,1560405,"Sally-Anne Upton",5,"Wendy"
1151031,4741323,"Sora Wong",6,"Piper"
1151031,5012628,"Kathryn Adams",7,"Anna"
1151031,4222366,"Brian Godfrey",8,"Ivan"
1151031,1811482,"Brendan Bacon",9,"Anton"
1151031,1445877,"Olga Miller",10,"Macia"
1151031,5428687,"Nicola Tiele",11,"Berta"
1151031,3648553,"Frances Cassar",12,"Katrina"
1151031,4566852,"Asha O'Connell",13,"Naomi"
1151031,5428700,"Arianny Ross",14,"Kimmy"
1001414,2182738,"India Fowler",0,"Lori Granger"
1001414,2971462,"Suzanna Son",1,"Megan Rogers"
1001414,1529436,"Fina Strazza",2,"Tiffany Falconer"
1001414,77795,"Katherine Waterston",3,"Nancy Falconer"
1001414,3127,"Lili Taylor",4,"VP Dolores Brekenridge"
1001414,21594,"Chris Klein",5,"Dan Falconer"
1001414,1767250,"Ariana Greenblatt",6,"Christy Renault"
1001414,2525701,"David Iacono",7,"Tyler Torres"
1001414,171726,"Darrin Baker",8,"Principal Wayland"
1001414,3307906,"Ella Rubin",9,"Melissa"
1001414,2485409,"Rebecca Ablack",10,"Debbie"
1001414,3219676,"Ilan O'Driscoll",11,"Linda"
1001414,2320797,"Ryan Rosery",12,"Chad"
1001414,2896379,"Damian Romeo",13,"Judd"
1001414,2310615,"Dakota Taylor",14,"Bobby"
1136387,1588878,"Matthieu Sampeur",0,"Anx"
1136387,1715060,"Dan Cohen",1,"Militaire 2"
1136387,72121,"Lika Minamoto",2,"Setsuko"
1136387,3026850,"Toni d'Antonio",3,"M. Mouaki"
1136387,1645932,"Edith Proust",4,"Cass"
1136387,5551388,"Camille Deveyrinas",5,"Anx (19 ans)"
1136387,5551391,"Cyril Benoît",6,"Militaire 1"
1136387,5551403,"Lauriane Chesnel",7,"Militaire 3"
1136387,4450793,"Théa De Boeck",8,"La petite fille"
1136387,5551411,"Patricia Willerval",9,"La mère d'Anx"
1136387,4469588,"Vassili Schemann",10,"La mère d'Anx"
1136387,5551413,"Ibrahim Bakirov",11,"Homme fusionné avec la roche"
1136387,5551407,"Agnès Godet",12,"Suzanne Van der Voort (voice)"
1136387,2480869,"Jano Holster",13,"M. Mouaki (voice)"
1136387,5551414,"Joel Filin",14,"M. Van der Voort (voice)"
1352774,4054348,"Alina Desmond",0,"Kate"
1352774,3438693,"Alex Butler",1,"Piglet"
1352774,4889017,"Shayli Reagan",2,"Susie"
1352774,3564432,"Lauren Staerck",3,"Alex"
1352774,4461887,"Valery Danko",4,"Judith"
1352774,4925905,"Alina Varakuta",5,"Dianne"
1352774,4925918,"Jeremy Vinogradov",6,"Mr. Hogarth"
1352774,4925916,"Rory Forder",7,"Bret"
1352774,1603793,"Jamie Langlands",8,"Gage"
1352774,4925917,"Tais Sholvie",9,"Courtney"
1352774,3489245,"Eva Ray",10,"Riley"
1352774,4547295,"Tyler Winchcombe",11,"Officer Burke"
1352774,4698502,"Max Arlott",12,"Security Guard"
1352774,5263929,"Jack Monohan",13,"Bruce"
1338972,1376711,"Marshall Williams",0,"Scott Williams"
1338972,210454,"Alex Essoe",1,"Ashley Williams"
1338972,144852,"Richard Harmon",2,"Lars"
1338972,1776153,"Jordan Claire Robbins",3,"Gwen"
1338972,1201386,"Matt Hamilton",4,"Charlie"
1338972,2051988,"Brenna Llewellyn",5,"Monica"
1338972,2907087,"Shanelle Connell",6,"Katherine"
1338972,74748,"Randy Couture",7,"Hunter"
1338972,1376357,"Teresa Laverty",8,"Loraine Williams"
1338972,2773947,"Grant Vlahovic",9,"Drew Williams"
1338972,4303129,"Chance Orion Wood",10,"Young Hunter"
1338972,2547055,"Stephanie Izsak",11,"Jean"
1338972,189948,"Michael Ryan",12,"Bill"
1338972,2911100,"Nathan Parrott",13,"Teen Hunter"
1338972,1356646,"Charles Jarman",14,"Tracker"
1519622,5688881,"Justin Biltonen",0,"Detective Wayne Paler"
1519622,1485327,"Carter Burch",1,"Cody"
1519622,2997447,"Corduroy Chapman",2,"Jogger"
1519622,5688907,"Vincent Coghlan",3,"Meth Man 2"
1519622,4287275,"Andrew Evans",4,"Sacrifice"
1519622,3498933,"Emree Franklin",5,"Selena"
1519622,5587965,"Dave Hurt",6,"Jason"
1519622,5689015,"John Lamb",7,"Creepy Old Man"
1519622,1396177,"Andrea Lee",8,"Emily Covington"
1519622,4287268,"Gianna Lutz",9,"Piper"
1519622,5689026,"Benjammin Mac",10,"Meth Man 1"
1519622,1250680,"Neal McCoy",11,"Detective Womak"
1519622,3187574,"Swayde McCoy",12,"Devin"
1519622,1583466,"Chynna Marie Walker",13,"Mallory"
1285965,1499908,"Hassie Harrison",0,"Zephyr"
1285965,224181,"Jai Courtney",1,"Bruce Tucker"
1285965,3428893,"Josh Heuston",2,"Moses Markley"
1285965,1240306,"Rob Carlton",3,"Dave"
1285965,1813177,"Ella Newton",4,"Heather"
1285965,4554565,"Liam Greinke",5,"Greg"
1285965,5443978,"Ali Basoka",6,"Little Girl Lexi"
1285965,1407316,"Mike Goldman",7,"Cop"
1285965,5702490,"Carla Haynes",8,"Lexi's Young Mum"
1285965,5443981,"Dylan Eastland",9,"Store Cashier"
1285965,1840497,"Jon Quested",10,"Senior Constable Green"
1285965,4492428,"James Munn",11,"Surfer 1"
1285965,5443982,"Ryland Pearson-McManus",12,"Surfer 2"
1285965,5443976,"Giorgia Stawaruk",13,"Eva Groenen"
1285965,3052201,"Nathan Gordon",14,"SLSC Life Guard"
568770,3675179,"Gia Hunter",0,"Caroline"
568770,2301683,"Jack Gouldbourne",1,"Michael"
568770,56732,"Fernanda Romero",2,"Sister Esperanza"
568770,143447,"Alice Coulthard",3,"May"
568770,78006,"Roger Cudney",4,"Bishop"
568770,101933,"Edmund Dehn",5,"Father Robert"
568770,1114250,"Isabel Aerenlund",6,"Mother of Michael"
568770,6017166,"Darren Clarke",7,"Professor Desmond"
568770,1318700,"Pilar Ixquic Mata",8,"Miss Angie"
568770,1104751,"Charlotte Hunter",9,"Jules"
568770,2917520,"Gabriel Bonilla",10,"Don"
568770,5466742,"Lelia Yvetta",11,"Marnie"
568770,3077000,"Steven Destello",12,"Doctor"
568770,4233187,"Dave Collins",13,"Psychologist"
568770,6017183,"Michael Miller",14,"Doctor Preston"
1229910,1125581,"Chloe Pirrie",0,"Kay"
1229910,1373713,"Jeff Gladstone",1,"Morgan"
1229910,198540,"Jason Deline",2,"Caleb"
1229910,4520420,"Ali Rusu-Tahir",3,"Sasha"
1229910,3225871,"Kamantha Naidoo",4,"Sarah"
1229910,4794774,"Jenna Hill",5,"Betty"
1229910,1820716,"Pam Kearns",6,"Starla Northstar"
1229910,1875046,"Jane Stanton",7,"Maggie"
1229910,2816981,"Sara Southey",8,"Avery Graham"
1229910,4857921,"Jennifer Copping",9,"Drunk (The Amazing Gigi)"
1229910,4675592,"Moses Wamukoya",10,"Food Truck Server"
1229910,4857925,"Sarah Hayward",11,"Jackie"
1229910,63568,"Patti Allan",12,"Sally"
1229910,2556895,"Christina Lewall",13,"Johnette Delaney"
1229910,2673043,"Ardy Ramezani",14,"Bruce"
1493425,4479427,"Bix Krieger",0,"Darcy"
1493425,4287559,"Shelby Wright",1,"Astrid"
1493425,60650,"Michael Paré",2,"Astrid's Father"
1493425,3237219,"Kylie Roseanne",3,"Fiona"
1493425,1936485,"Kayla Fields",4,"Olivia"
1493425,3742231,"Daniel Ballard",5,"Fred"
1493425,3294736,"Sara Kamine",6,"Kayo"
1493425,3697390,"Adam Slemon",7,"Detective Mills"
1493425,1907429,"Rhonda Bankston",8,"Shirley"
1493425,5175976,"Theo Rosenfeld",9,"Brad"
1493425,4517789,"Scott Mazzapica",10,"Charlie"
1493425,4914458,"Colin Kane",11,"Party Guest"
1419027,3962210,"Korranid Laosubinprasoet",0,"Jin"
1419027,2214732,"Ladapa Thongkham",1,"Bussaba"
1419027,2771757,"Veerinsara Tangkitsuvanich",2,"Hong"
1419027,3919883,"Nuttawatt Thanathaveeprasert",3,"Gunn"
1419027,2709656,"Tarisa Preechatangkit",4,"Orn"
1419027,5195273,"Ramita Rattanapakdee",5,"Yah"
1419027,1560844,"Ongart Cheamcharoenpornkul",6,"Shaman"
1419027,552845,"Watchara Tangkaprasert",7,"Bussaba's Father"
1419027,2861586,"Kumron Jivachat",8,"Coach"
1419027,4205087,"Patchanok Iamsa-Ard",9,"Dormitory Cleaner"
1419027,4888457,"Tassanee Ruangjam",10,"Yah's Mother"
1419027,2090073,"Tanyawan Kumpai",11,"Bussaba Gang"
1419027,5651418,"Thanaporn Suknongprong",12,"Bussaba Gang"
1419027,2435947,"Natnaree Sriapirath",13,"Bully Gang"
1419027,1274364,"Chanchanok Russameeviriya",14,"Bully Gang"
1404791,87637,"Masami Nagasawa",0,"Yoshie Suzuki"
1404791,1112526,"Koji Seto",1,"Tadahiko Suzuki"
1404791,587661,"Tetsushi Tanaka",2,"Kanda"
1404791,5196238,"Aoi Ikemura",3,"Mai Suzuki"
1404791,66153,"Naomi Nishida",4,"Ryoko Takeuchi"
1404791,233522,"Hiroki Konno",5,"Terashima"
1404791,5196239,"Totoka Honda",6,"Mei Suzuki"
1404791,1119732,"Tōru Shinagawa",7,"Muneharu Ikeya"
1404791,1039220,"Ken Yasuda",8,"Yamamoto"
1404791,119244,"Jun Fubuki",9,"Toshiko Suzuki"
1404791,131192,"Hirotaro Honda",10,""
1404791,1388729,"Kintarô Hara",11,"Monk"
1081208,2069640,"Donovan Colan",0,"Cameron Weaver"
1081208,168610,"Kathleen Munroe",1,""
1081208,557840,"Kristen Holden-Ried",2,""
1081208,116487,"Stuart Hughes",3,"Art Sinclair"
1081208,3667726,"Asher Grayson",4,""
1081208,3210817,"Aidan Kalechstein",5,""
1081208,55614,"Dylan Taylor",6,"Mike Weaver"
1081208,3210817,"Aidan Kalechstein",7,"Officer Culp"
1081208,61661,"Patrice Goodman",8,"Officer Culp"
1081208,1570331,"Morgan Bedard",9,"Matthew Fraser"
1081208,1025076,"Clare Coulter",10,"Hannah Murphy"
1081208,4996590,"Amy Jean Cross",11,"Waitress"
1081208,2317792,"Andrea Grant",12,"Evelyn McTavish"
1081208,2123596,"Ian Ho",13,"Ben"
1081208,5003845,"Helene Lohan Cameron",14,"Librarian"
1100988,27428,"Aaron Taylor-Johnson",0,"Jamie"
1100988,5107934,"Alfie Williams",1,"Spike"
1100988,5469,"Ralph Fiennes",2,"Dr. Kelson"
1100988,1388593,"Jodie Comer",3,"Isla"
1100988,85065,"Jack O'Connell",4,"Sir Jimmy Crystal"
1100988,1344320,"Chi Lewis-Parry",5,"Samson"
1100988,997644,"Edvin Ryding",6,"Erik Sundqvist"
1100988,6970,"Christopher Fulford",7,"Sam"
1100988,134699,"Stella Gonet",8,"Jenny"
1100988,1585961,"Kim Allan",9,"Jimmy's Mother"
1100988,1694984,"Sandy Batchelor",10,"Jimmy’s Father"
1100988,1747159,"Geoffrey Newland",11,"Anthony"
1100988,1762444,"Joe Blakemore",12,"Dave"
1100988,3122023,"Celi Crossland",13,"Pregnant Infected"
1100988,4502181,"Robert Rhodes",14,"Jimmy Jimmy"
1389158,55061,"Kajol",0,"Ambika"
1389158,85676,"Ronit Roy",1,"Joydev"
1389158,86033,"Indraneil Sengupta",2,"Shuvankar"
1389158,1482568,"Jitin Gulati",3,"Shekhar"
1389158,5529992,"Kherin Sharma",4,"Shweta"
1389158,1047717,"Gopal Singh",5,"Bikash"
1389158,101823,"Dibyendu Bhattacharya",6,"Bimal"
1389158,2281325,"Aashit Chatterjee",7,""
1389158,4490512,"Vibha Rani",8,""
1389158,3302572,"Yaaneea Bhardwaj",9,""
1328956,58019,"Ethan Embry",0,"Ren Accord"
1328956,1321015,"Li Jun Li",1,"Alma"
1328956,282835,"Mather Zickel",2,""
1328956,1349102,"Jeremie Harris",3,""
1328956,1123267,"Alexandra Doke",4,""
1328956,1221712,"Kevin Allison",5,""
1328956,4764412,"Lukas Jann",6,""
1328956,1252505,"Dana Millican",7,""
1328956,1639345,"Beth Malone",8,""
1194963,1716008,"Lee Sun-bin",0,"Joo-young"
1194963,1256347,"Kim Min-seok",1,"Gi-hun"
1194963,2431103,"Jeon Ik-ryoung",2,"Jeong-in"
1194963,2239782,"Ryu Kyung-soo",3,"Park Geun-bae"
1194963,3652323,"Han Su-ah",4,"Joo-hee"
1194963,3138793,"Baek Joo-hee",5,"Head of the Women's Association"
1194963,1420868,"Kim Gyeong-ryong",6,"Security Guard"
1194963,2499503,"Han Chul-woo",7,"Detective"
1194963,4154923,"Choi Eun-kyoung",8,"Management Director"
1194963,5744623,"Ji Sung-eun",9,"Ex-Head"
1194963,5024049,"Song Woo-rim",10,"Detective"
1194963,4156722,"Ahn Seok-hyun",11,"Yeon-woo"
1473666,4365001,"Terrence Carey",0,"Luke"
1473666,2637988,"Claire McFadden",1,"Kelsey"
1473666,2922500,"Paige Bourne",2,"Elyse"
1473666,3843786,"Jesse Kendall",3,"Andy"
1473666,1946959,"Charin Alvarez",4,"Tammy"
1473666,3968428,"Magdalena Conway",5,"Rachel"
1473666,5643048,"Lili Galluzzo",6,"Gabi"
1473666,554395,"T.J. Jagodowski",7,"Steve"
1473666,3645778,"Kai Young",8,"Mother"
1473666,1504962,"Armand Grant",9,"Slimy Luke"
1362052,886,"William Fichtner",0,"Conner"
1362052,1522345,"Jocelyn Hudon",1,"Dana Watkins"
1362052,15412,"David Clennon",2,"Kurt"
1362052,4493277,"Christina Kirkman",3,"Emily"
1362052,22297,"Kyle Gass",4,"Bill"
1362052,1701886,"Brette Harrington",5,"Self"
1362052,1403120,"Hazel Findlay",6,"Self"
1362052,5513456,"Marc Hills",7,"Sean"
1362052,2014318,"Rachel Finninger",8,"Kristen"
1362052,1845010,"Nicholas Baroudi",9,"Colton"
1362052,1278380,"Jolene Kay",10,"Kerrie"
1362052,2721055,"Adrian Ballinger",11,"Charles"
1362052,3742715,"Elise Greene",12,"Jessie"
1362052,107800,"Alex Honnold",13,"Self"
1362052,117429,"Wayne Charles Baker",14,"Guyustees"
1319951,1853909,"Danielle Deadwyler",0,"Hailey Freeman"
1319951,2431619,"Kataem O'Connor",1,"Emanuel Freeman"
1319951,154647,"Michael Greyeyes",2,"Galen"
1319951,2187027,"Milcania Diaz-Rojas",3,"Dawn"
1319951,2959945,"Leenah Robinson",4,"Raine"
1319951,1879411,"Jaeda LeBlanc",5,"Danis Freeman"
1319951,4885328,"Haile Amare",6,"Cookie"
1319951,108895,"Elizabeth Saunders",7,"Augusta Taylor"
1319951,181247,"Tyrone Benskin",8,"Felix Freeman"
1319951,1436519,"Mimi Côté",9,"Skinny Masked Drifter"
1319951,5350179,"Jacob Gabriel",10,"Little Emanuel"
1319951,190961,"Patrick Garrow",11,"Lewis The Man With Glasses"
1319951,5350182,"Zeegwon Shilling",12,"Taylor Teen #1"
1319951,3209971,"Ava Weiss",13,"Taylor Teen #2"
1319951,2860564,"Tyson Kirk",14,"Taylor Teen #3"
1199869,1842860,"Whitney Peak",0,"Anna"
1199869,1856875,"Golda Rosheuvel",1,"Patti"
1199869,1512452,"Finn Bennett",2,"Shawn"
1199869,4353574,"Laken Giles",3,"Julie Cross"
1199869,3978,"S. Epatha Merkerson",4,"May"
1199869,2897868,"Carson Minniear",5,"Conner"
1199869,1115731,"Wynn Reichert",6,"Host"
1199869,1945262,"Ben Bladon",7,"Sandman"
1199869,3566330,"Oliver J Green",8,"Vincent"
1199869,5604431,"Zariah Boyles",9,"Young Anna"
1199869,5604433,"Jessica A'Zora",10,"Anna's Mom"
1199869,5585619,"Michika McClinton",11,"Young May"
1199869,5604434,"Natalie Cline",12,"Young Patti"
1199869,4353571,"Elisa Victoria",13,"Cashier"
1103437,70904,"Michelle Dockery",0,"Clara"
1103437,1533987,"Zoe Colletti",1,"Mary"
1103437,2514306,"Andrew Liner",2,"Ben"
1103437,2940842,"Dean Scott Vazquez",3,"Jeffy"
1103437,3351370,"Regan Aliyah",4,"Vicky"
1103437,2739545,"Joshuah Melnick",5,"Seth"
1103437,2429700,"Emma Meisel",6,"Crystal"
1103437,4808,"Giancarlo Esposito",7,"Fitz"
1103437,2264378,"Vernon Davis",8,"Hank"
1103437,5173309,"Lilit Grigoryev",9,"Lily"
1103437,2350637,"Jessica Osbourne",10,"Clerk"
1103437,5173292,"Samantha Erikson",11,"Female Bus Driver"
1103437,285900,"Jeff Allen",12,"Bus Driver (uncredited)"
1103437,2573555,"Algin Mendez",13,"Store Clerk (uncredited)"
1103437,5173310,"Javier Sernas",14,"Bus Passenger (uncredited)"
1504635,1821947,"Angela Cole",0,"Gia Shah"
1504635,1268071,"Ashton Leigh",1,"Charlotte Harlow"
1504635,2169484,"Johnny Ramey",2,"Jareth Danzo"
1504635,174331,"Steve Hanks",3,"Leo Reverend"
1504635,5576915,"Hector Becerra",4,"Teller"
1504635,5576916,"Alessandra Sanda",5,"Daisy"
1504635,1899557,"Michelle Ng Mini",6,"Paulina Lee"
1504635,1453542,"Michael Shaun Sandy",7,"Batton"
1504635,5370531,"Jesse Aponte",8,"Luther"
1504635,1268072,"Joseph Aviel",9,"Captain Oscar"
1504635,2483993,"Rob Eubanks",10,"Silas"
1504635,2227056,"Stéphane Fiorenza",11,"Harper"
1504635,3774031,"Kevin Kedgley",12,"Enforcer"
1504635,5145291,"Stephen Lamar Lewis",13,"Dalton"
1504635,3625427,"Alessandra Liu",14,"Campell"
1429744,1256327,"Prin Suparat",0,"Singh"
1429744,1339299,"Nuttanicha Dungwattanawanich",1,"Rin"
1429744,5316782,"Wanvayla Boonnithipaisit",2,"Buddy"
1429744,565526,"Johnny Anfone",3,"Vasu"
1429744,1344041,"Pimmada Boriruksuppakorn",4,"Mink"
1429744,1259454,"Jason Young",5,"Kim"
1429744,2242205,"Suphachai Saepong",6,"Joke"
1429744,4385945,"Duangporn Oapirat",7,"Ann"
1429744,1089110,"Keerati Sivakua",8,"Purich"
1429744,4214872,"Yok Sirimat",9,"Dr. Prang"
1429744,4884162,"Toungatt Amornwong",10,"Mr. Pawin - Hospital Director"
1429744,4997797,"Chaiwat Chartsuriyakiat",11,"Pitak"
1429744,4040967,"Taofa Maneeprasopchok",12,"Boy"
1429744,1027753,"Namo Tongkumnerd",13,"Poom"
1429744,1336314,"Aroon Wanasbodeewong",14,"Yang"
1314452,18182,"Olga Kurylenko",0,"Alice"
1314452,3784066,"Jean Schatz",1,"The Beast"
1314452,5503551,"Lola Bonaventure",2,"Alice, 17 Years Old"
1314452,1653124,"Jacqueline Ghaye",3,"Elena, 64 Years Old"
1314452,5304657,"Sasha Nugent",4,"Boy with Mask"
1314452,1179888,"Philip Schurer",5,"Charlie"
1314452,5503554,"Ange Nawasadio",6,"Tyrell"
1314452,1467524,"Julie Maes",7,"Julie"
1314452,3811652,"Milton Riche",8,"Lewis"
1314452,1146743,"Anne-Pascale Clairembourg",9,"Elena, 43 Years Old"
1314452,5304657,"Sasha Nugent",10,""
1241624,2790041,"Joo Hyun-young",0,"Da-kyung"
1241624,1572347,"Jeon Bae-soo",1,"Station Manager"
1241624,2490953,"Choi Bo-min",2,"Woo-jin"
1241624,3138717,"Kim Ji-in",3,"Hye-jin"
1241624,2694913,"Kim Woo-kyum",4,"Han-ryang"
1241624,4046946,"Jung Han-bit",5,"Choi Ri-na"
1241624,2380710,"Kim Na-yeon",6,"Lee Min-ju"
1241624,2992836,"Im Cheol-soo",7,"Detective"
1241624,2273915,"Hyun Bong-sik",8,"Detective"
1511789,1385097,"Sean Cronin",0,"Admiral Smee"
1511789,3652524,"Ewen Weatherburn",1,"Ymirskald"
1511789,3904823,"Cameron Ashplant",2,"Private Turley"
1511789,3175058,"Richard Rowden",3,"Captain James Hook"
1511789,4198814,"Destiny Viva",4,"Akila Blackweather"
1511789,3402180,"Brandon Ashplant",5,"Private Mullins"
1511789,79151,"Dean Marshall",6,"Benoit Le Pelley"
1511789,3402183,"Dave Hyett",7,"Edgar Worley"
1511789,5633681,"John Craggs",8,"King George II"
1511789,5735242,"Harrison Earl",9,"British Soldier #1"
1452176,39389,"Titus Welliver",0,"Abraham"
1452176,78804,"Jocelin Donahue",1,"Mina"
1452176,3013234,"Brady Hepner",2,"Max"
1452176,2476450,"Judah Mackey",3,"Rudy"
1452176,1313564,"Aurora Perrineau",4,"Elsie"
1452176,2710310,"Corteon Moore",5,"Eddie"
1452176,1270111,"Jonathan Howard",6,"Arthur Holmwood"
1452176,94304,"Larry Cedar",7,"Priest"
1452176,5498721,"Paul Wong",8,"Survey Captain"
1452176,2837548,"Fayna Sanchez",9,"Ada"
1452176,1455749,"Nick Epper",10,"Henry"
1049942,228969,"Roxanne McKee",0,"Xana"
1049942,1813743,"Tom Mulheron",1,"Benji"
1049942,4273572,"Adrian Relph",2,"Michael"
1049942,216988,"Nicola Wright",3,"Mary"
1049942,2371816,"Alex Cooke",4,"Simon"
1049942,4478489,"Ewan Borthwick",5,"Eddie"
1049942,4478487,"Big Tobz",6,"Tyler"
1049942,4478468,"Joseph Greenwood",7,"Harrison"
1049942,234991,"Russell Geoffrey Banks",8,"Andrew"
1049942,1802960,"Samira Mighty",9,"Harriet"
1049942,3863184,"Catherine Adams",10,"Jo"
1049942,4478490,"Luke Cavendish",11,"Joshua"
1049942,4136021,"David Ambler",12,"Rob"
1242011,54697,"Dave Franco",0,"Tim"
1242011,88029,"Alison Brie",1,"Millie"
1242011,62752,"Damon Herriman",2,"Jamie"
1242011,1871887,"Mia Morrissey",3,"Cath"
1242011,2746473,"Karl Richmond",4,"Jordy"
1242011,2926221,"Jack Kenny",5,"Luke"
1242011,2300917,"Francesca Waters",6,"Carol"
1242011,1094511,"Aljin Abella",7,"Doctor Mendoza"
1242011,1976084,"Sarah Lang",8,"Keri"
1242011,5210260,"Rob Brown",9,"Chaplin"
1242011,5407883,"Ellora Iris",10,"Anna"
1242011,5210256,"Charlie Lees",11,"Groom 1"
1242011,5210254,"MJ Dorning",12,"Groom 2"
1242011,3068632,"Tom Considine",13,"Millie's Father"
1242011,3048530,"Melanie Beddie",14,"Millie's Mother"
1339166,221840,"Sara Canning",0,"Candice"
1339166,19154,"Daniel Gillies",1,"Joel"
1339166,1538879,"Jett Klyne",2,"Elliot"
1339166,4905413,"Lisandro Morales",3,"Shaman"
1339166,1152662,"Alejandro Fajardo",4,"Father Meyer"
1339166,2710974,"Segundo Fuérez",5,"Atok"
1339166,4905414,"Dylan Tacuri",6,"Raul"
1083433,2420169,"Chase Sui Wonders",0,"Ava Brucks"
1083433,1642789,"Madelyn Cline",1,"Danica Richards"
1083433,1599391,"Jonah Hauer-King",2,"Milo Griffin"
1083433,3052321,"Tyriq Withers",3,"Teddy Spencer"
1083433,2286541,"Sarah Pidgeon",4,"Stevie Ward"
1083433,33259,"Jennifer Love Hewitt",5,"Julie James"
1083433,33260,"Freddie Prinze Jr.",6,"Ray Bronson"
1083433,11863,"Sarah Michelle Gellar",7,"Helen Shivers"
1083433,20215,"Billy Campbell",8,"Grant Spencer"
1083433,33285,"Brandy Norwood",9,"Karla Wilson"
1083433,4408050,"Gabbriette",10,"Tyler Trevino"
1083433,6069,"Austin Nichols",11,"Pastor Judah Gillespie"
1083433,75952,"Nick Farnell",12,"Chief Roberts"
1083433,1895097,"Joshua Orpin",13,"Wyatt"
1083433,1371799,"Georgia Flood",14,"Hannah Decker"
1321491,4744779,"Meg Clarke",0,"Grace Jennings"
1321491,1226685,"Leighton Cardno",1,"Mr. Green"
1321491,4944811,"Gautier de Fontaine",2,"David Jennings"
1321491,3528253,"Tony Hughes",3,"Uncle Rex"
1321491,1787979,"Di Smith",4,"Mother"
1321491,4944807,"Rasmus Toyra",5,"Cultist"
1321491,2829072,"Lawrence Ola",6,"Backpacker"
1321491,3766690,"Raphael Sikic",7,"Cultist"
1321491,4944809,"Paul Dowson",8,"Mortician"
1321491,2324315,"Vicki Gard",9,"The Organiser"
1321491,2661202,"Taylor Buoro",10,"Backpacker"
1321491,4768485,"Adrian D'Arcy",11,"Priest"
1321491,2877616,"Randall Hua",12,"Backpacker"
1321491,4010060,"David Charlie",13,"Cultist"
1321491,4944812,"Connor Evarts",14,"Junkie"
1026222,98285,"Bella Thorne",0,"Clare Bleecker"
1026222,11864,"Ryan Phillippe",1,"Detective Timmons"
1026222,28412,"Rebecca De Mornay",2,"Arlene 'Gigi' Newberry"
1026222,11805,"Frank Whaley",3,"Mailman Bob"
1026222,94146,"Bart Johnson",4,"Joe Morton / Randall Morton"
1026222,2743359,"Dylan Flashner",5,"Wade Bradon"
1026222,2209233,"Jan Luis Castellanos",6,"Truman Quirk"
1026222,226344,"Joel Michaely",7,"Cole Edwards"
1026222,1490445,"Erica Dasher",8,"Amity Liston"
1026222,75340,"Todd Bridges",9,"Corky"
1026222,1922617,"Joy Rovaris",10,"Juliana LeBlanc"
1026222,3741000,"Erin Eva Butcher",11,"Chloe Newberry"
1026222,5535168,"Dvt Jalili",12,""
1285728,1331143,"Marissa Anita",0,"Milla / Grace"
1285728,1309048,"Dion Wiyoko",1,"Jonathan Gunawan"
1285728,1716658,"Gisella Anastasia",2,"Erika"
1285728,1124163,"Widyawati Sophiaan",3,"Liliana"
1285728,5036572,"Mima Shafa",4,"Angel"
1285728,2087907,"Sari Koeswoyo",5,"Irah"
1285728,2240606,"Maya Hasan",6,"Novi"
1285728,3198899,"Hatta Rahandy",7,"Hatta"
1285728,3820390,"Alexa Jeslyn Hendrawan",8,"Little Grace #1"
1285728,5525311,"Jasmine Laura Arendsen",9,"Little Grace #2"
1285728,5525312,"Caitlyn Sevlin",10,"Little Erika"
1285728,2138500,"Kiki Narendra",11,"Mr. Nugros"
1285728,1352094,"Aida Nurmala",12,"Mrs. Nugros"
1285728,1625348,"Melissa Karim",13,"Lina"
1285728,5525304,"Feli Sumayku",14,"Yuli"
1481608,2315652,"Zelda Adams",0,"Mickey"
1481608,1384575,"Toby Poser",1,"Solveig"
1481608,1391986,"John Adams",2,"Jake"
1481608,2315662,"Lulu Adams",3,"Ruthie at Reception"
1481608,4647809,"Trey Lindsay",4,"Oncologist"
1481608,5958648,"Noble Wilson-Eiden",5,"Harry"
1481608,5958650,"Jessica Beveridge",6,"Midwife"
1481608,5958658,"Sofia Macaluso",7,"Village Birth Mother"
1481608,5958663,"Heath Macaluso",8,"Village Patriarch"
1481608,5958665,"Nikki Macaluso",9,"Village Grandmother"
1481608,3443164,"Judy Rosen",10,"Village Elder 1"
1481608,5958668,"Violet Adams",11,"Village Sister"
1481608,5958669,"John Gerald Adams",12,"Village Brother"
1481608,3454590,"John Adams Sr.",13,"Village Priest"
1481608,5958672,"Patricia Adams",14,"Village Elder 2"
926606,1427948,"Pete Davidson",0,"Max"
926606,5589,"John Glover",1,"Lou"
926606,2081439,"Mugga",2,"Juno"
926606,1765420,"Adam Cantor",3,"Les"
926606,27545,"Bruce Altman",4,"Doc Sabian"
926606,1217637,"Denise Burse",5,"Sadie"
926606,94435,"Stuart Rudin",6,"Screaming Man"
926606,29445,"Ethan Phillips",7,"Ethan"
926606,42491,"Nathalie Schmidt",8,"Ellie"
926606,36554,"Mary Beth Peil",9,"Norma"
926606,26039,"Victor Williams",10,"Couper"
926606,2329457,"Marilee Talkington",11,"Gretchen / Faceless Woman"
926606,14984,"Jessica Hecht",12,"Sylvia"
926606,1088605,"Michael Donaldson",13,"Homeless Man"
926606,5653884,"Cali DeMonaco",14,"Tessa"
1513656,5565599,"Shaneel Gautham",0,"Ravi Anna"
1513656,4315537,"JP Tuminad",1,"Ashoka"
1513656,4155575,"Sandhya Arakere",2,"Bhanu"
1513656,5565603,"Prakash K Thuminadu",3,"Chandranna"
1513656,3026625,"Deepak Rai Panaje",4,"Satishanna"
1513656,3026618,"Mime  Ramdas",5,"Yadhu Anna"
1513656,5279383,"Pushparaj Bollar",6,"Bhaava"
1513656,3026619,"Arjun Kaje",7,"Prasad"
1513656,1906560,"Raj B Shetty",8,"Karunakar Guruji"
1513656,5761465,"Tanishka Shetty",9,"Chaithra"
1479495,1878065,"Dakota Gorman",0,"Lena Orchard"
1479495,1178637,"Todd Terry",1,"Clive ""C.S."" Peters"
1479495,1756597,"James Austin Johnson",2,"Jasper Deville"
1479495,4561307,"Liz Atwater",3,"Ollie Peters"
1479495,2589577,"Jordan Mullins",4,"Officer Crump"
1362514,3638397,"Kris Collins",0,"Kris"
1362514,4465308,"Celina Myers",1,"Celina"
1362514,1160046,"Jason-Christopher Mayer",2,"Jay"
1362514,5466107,"Barb Thomas",3,"Lilith"
1362514,5466108,"Carrie Kidd",4,"Clerk"
1362514,5530978,"Boy Chandra Kusuma",5,"Bryan"
1241470,94864,"Max Martini",0,"Kelly"
1241470,1492326,"Brianna Hildebrand",1,"Ravi"
1241470,1094385,"LaMonica Garrett",2,"Rhodie"
1241470,124304,"Michael Irby",3,"Reyes"
1241470,2713,"Linda Hamilton",4,"Anya"
1241470,2688092,"Stanley White Jr.",5,"Scars"
1241470,1956527,"Tyler Galpin",6,"Donny"
1241470,1328185,"Linds Edwards",7,"Nash"
1241470,1825157,"Dawson Towery",8,"Bull"
1241470,2668253,"David B. Meadows",9,"Gibbs"
1241470,1394012,"Jaren Mitchell",10,"Jax"
1241470,4708959,"Derrick D. Edmond",11,"Street Soldier"
1241470,2407386,"Jonny Bullard",12,"Puppeteer"
1241470,6156591,"Alice Duchier",13,"Additional Voices"
1241470,6156592,"Aubin Duchier",14,"Additional Voices"
1476740,2458589,"Cassandra Naud",0,"CW"
1476740,59181,"Emily Tennant",1,"Madison"
1476740,1335315,"Georgina Campbell",2,"Charlotte"
1476740,4980097,"Lisa Delamar",3,"Diane"
1476740,1518194,"Jonathan Whitesell",4,"Jacob"
1476740,2015400,"Veronica Long",5,"Ariana"
1476740,1098664,"Dylan Playfair",6,"Cameron"
1476740,101016,"Osric Chau",7,"Quentin"
1476740,4389221,"Liam James Collins",8,"Chad"
1476740,3912555,"Lewis Raymond Taylor",9,"Harry"
1476740,1725007,"Nalani Wakita",10,"Penelope"
1476740,1906754,"Andrew Barber",11,"Garrett"
1476740,6173609,"Paulo Saraiva",12,"Georgie"
1476740,5946635,"Marie Josée",13,"Boutique Store Owner"
1476740,5946636,"Isabelle Perrodeau",14,"Beatrice"
1218493,17271,"Brandon Routh",0,"Hank"
1218493,1394686,"Malina Weissman",1,"Grace"
1218493,2588012,"Harrison Cone",2,"Dylan"
1218493,4625201,"Taia Sophia",3,"Heather"
1218493,3074140,"Zeke Jones",4,"Griffin"
1218493,8211,"Mena Suvari",5,"Staci"
1218493,3417013,"Peter Wong",6,"Ted"
1218493,3030425,"Jack Seavor McDonald",7,"Tristan"
1218493,4704358,"Diya Rao",8,"Jazzlyn"
1218493,20495,"Jeff Fahey",9,"Andy"
1218493,928347,"Mariann Gavelo",10,"Sofia"
1218493,83105,"Debra Wilson",11,"Dr. Prentice"
1218493,2752229,"Aaron Valentine",12,"Jason"
1218493,983604,"Cory Hart",13,"Coach Reilly"
1218493,1648954,"Vic Stagliano",14,"Coach Stone"
986206,1131215,"Sadie Katz",0,"Pepper"
986206,1265254,"Christian Howard",1,"Michael Connor"
986206,2091809,"Mike Ferguson",2,"Adian"
986206,1203710,"Katarina Leigh Waters",3,"Werewolf"
986206,2993340,"Jazlyn Nicolette Sward",4,"Laura"
986206,1821951,"Alex Rinehart",5,"Hope"
986206,232564,"Shannon Ritch",6,"Vampire"
986206,1506829,"Baker Chase Powell",7,"Marcus"
986206,3717610,"Abigail Spear",8,"Trudy"
986206,61883,"Tank Jones",9,"Bryan"
986206,935932,"Carl Crew",10,"Lucas"
986206,2815700,"Michael Cervantes",11,"Maitre D'"
986206,3033029,"Nick Waters",12,"SteveO"
986206,214950,"Sonny King",13,"Father"
986206,1042471,"Ronnie Connell",14,"Pianist"
1246049,572541,"Caleb Landry Jones",0,"Vlad / Dracula"
1246049,2491204,"Zoë Bleu Sidel",1,"Elisabeta / Mina"
1246049,27319,"Christoph Waltz",2,"Priest"
1246049,1589101,"Matilda De Angelis",3,"Maria"
1246049,2802762,"Ewens Abid",4,"Jonathan Harker"
1246049,17896,"Guillaume de Tonquédec",5,"Dumont"
1246049,1723616,"David Shields",6,"Henry Spencer"
1246049,2015321,"Bertrand-Xavier Corbi",7,"Captain Targol"
1246049,3119212,"Raphael Luce",8,"Clerk Simon"
1246049,2374883,"Liviu Bora",9,"Army Captain (19th)"
1246049,262960,"Anne Kessler",10,"Old Lady"
1246049,2582233,"Romain Levi",11,"Captain Wernus"
1246049,1906597,"Jassem Mougari",12,"Sultan Mehmed II"
1246049,3483785,"Thalia Besson",13,"Isabelle de Touraine"
1246049,3738,"Haymon Maria Buttinger",14,"Cardinal"
1018852,1651362,"Julia Butters",0,"Lily Brass"
1018852,1277188,"Jacob Tremblay",1,"Sam Brass"
1018852,7060,"Martin Freeman",2,"Malcolm Brass"
1018852,221809,"Taylor Schilling",3,"Ida May"
1018852,32887,"Christopher Heyerdahl",4,"Fredrik P Jensen"
1018852,1144353,"Kyle Breitkopf",5,"Arvin"
1018852,1025076,"Clare Coulter",6,"Agnis"
1018852,2825841,"Adam Moryto",7,"Henry"
1018852,2730806,"Will Coombs",8,"Studs"
1018852,5583394,"Gavin Rodger",9,"George"
1018852,185127,"Martin Julien",10,"The Priest"
1018852,5583393,"Patricia Phillips",11,"Lois"
1018852,3576183,"Vincent Volpe",12,"Smallest Boy #2"
1408208,33515,"Kazunari Ninomiya",0,"Lost Man"
1408208,3576845,"Yamato Kochi",1,"Walking Man"
1408208,5428351,"Naru Asanuma",2,"The Boy"
1408208,3661042,"Kotone Hanase",3,"High School Student"
1408208,1287268,"Nana Komatsu",4,"Lost Man's Partner"
1408208,1393397,"Hirota Otsuka",5,"Screaming Man on Train"
1408208,5995070,"Tara Nakashima",6,"Mother on Train"
1408208,5995080,"Reo Soda",7,"Child"
1408208,5995086,"Mikio Ueda",8,"Man on Train"
1408208,1732608,"HIKAKIN",9,"Passerby"
1078605,936970,"Julia Garner",0,"Justine"
1078605,16851,"Josh Brolin",1,"Archer"
1078605,71375,"Alden Ehrenreich",2,"Paul"
1078605,148992,"Austin Abrams",3,"James"
1078605,30082,"Benedict Wong",4,"Marcus"
1078605,23882,"Amy Madigan",5,"Gladys"
1078605,2407997,"Cary Christopher",6,"Alex"
1078605,18271,"Toby Huss",7,"Captain Ed"
1078605,1105322,"Whitmer Thomas",8,"Alex's Dad"
1078605,2438324,"Callie Schuttera",9,"Alex's Mom"
1078605,83873,"June Diane Raphael",10,"Donna"
1078605,2476129,"Scarlett Sher",11,"Narrator (voice)"
1078605,1084721,"Jason Turner",12,"Counselor"
1078605,3143736,"Anny Jules",13,"Parent #1"
1078605,2463892,"Ali Burch",14,"Parent #2"
1354700,1875636,"YERI",0,"Ja-young"
1354700,3226942,"Lee Chan-hyeong",1,"Dong-joon"
1354700,3003974,"Suh Dong-hyun",2,"Gi-ho"
1354700,3678365,"Oh So-hyun",3,"Ye-eun"
1354700,3964677,"Kim Eun-bi",4,"Mi-yeon"
1354700,2361037,"Park Seo-yeon",5,"Seo-woo"
1251717,501,"Dakota Fanning",0,"Polly"
1251717,72309,"Kathryn Hunter",1,"The Woman"
1251717,1980,"Mary McCormack",2,"Mother"
1251717,52478,"Rachel Blanchard",3,"Lainie"
1251717,1352921,"Devyn Nekoda",4,"Tara"
1251717,155283,"Klea Scott",5,"Neighbor Woman"
1251717,3543561,"Emily Mitchell",6,"Aly"
1251717,1854796,"Bauston Camilleri",7,"Father"
1251717,1409501,"Drew Moore",8,"Mark"
1251717,71889,"Michael Abbott Jr.",9,"Voice of Polly’s Father (voice)"
1569947,4501573,"Jo Krayer",0,"Tom"
1569947,5777732,"Liz Soutar",1,"Cyndy"
1569947,5777729,"Holly Higbee",2,"Andi"
1569947,6389028,"Brooklyn Ross",3,"Noah"
1569947,1358946,"Dani Thompson",4,"Sara"
1569947,2560622,"Mark Topping",5,"Reverend Fuller"
1569947,3595681,"Melody Smith",6,"Abigail Fuller"
1514364,72440,"Brendan Fehr",0,"Charlie"
1514364,35552,"Majandra Delfino",1,"Amy"
1514364,17688,"Raoul Max Trujillo",2,"Dr. Lovato"
1514364,78890,"Keith Jardine",3,"David Stijanski"
1514364,1105706,"Tait Fletcher",4,"Fry Cook"
1514364,1131590,"Michelle Waterson-Gomez",5,"Sophie"
1514364,1094319,"Matthew Page",6,"Sam"
1514364,105271,"Donald Cerrone",7,"Officer Smith"
1514364,1151637,"Lora Martinez-Cunningham",8,"Dr Beth Stephens"
1514364,1670754,"Ryan Jason Cook",9,"Dwayne"
1514364,4150726,"Carly Lepard",10,"liv"
1514364,2834300,"Maurice Greene",11,"Officer Greene"
1514364,2196984,"Ron Weisberg",12,"Reporter"
1514364,2569927,"Joshua Caleb Horton",13,"Dak"
1514364,1194993,"Juliet Lopez",14,"Faye"
1422052,555249,"Ross Marquand",0,"Sean"
1422052,33397,"Sarah Bolger",1,"Andrea"
1422052,1444795,"Susan Wilder",2,"Aunt Robin"
1422052,175583,"Charlene Amoia",3,"Laurie"
1422052,1198967,"Dan O'Brien",4,"Christian"
1422052,1232689,"Brandon Scott",5,"Dr. Witten"
1422052,87186,"Alexandra Barreto",6,"Patricia"
1422052,1450772,"Aisha Kabia",7,"Dr. Lilliard"
1422052,984377,"Peter Cilella",8,"Dad"
1422052,1844380,"Clare Cooney",9,"Dr. Sturgill"
1422052,2299770,"Emily Pendergast",10,"Kimmie"
1422052,2389123,"Martin Garcia",11,"Chuck"
1422052,98392,"Parvesh Cheena",12,"Principal Kakkar"
1422052,1331185,"Andre Hyland",13,"Franco"
1422052,2837709,"Ramiz Monsef",14,"Nurse"
1400499,13249,"Miho Kanno",0,"Seno Chihiro"
1400499,1509675,"Eiji Akaso",1,"Ozawa Yusei"
1400499,1910723,"Atom Shukugawa",2,"Sayama Takeshi"
1400499,3885752,"Kyo Sato",3,"Nagano Haruka"
1400499,4165871,"Nose Rin",4,"Meguro Yuji"
1400499,1534224,"Keisaku Kimura",5,"Tanemura Eisaku"
1400499,3307479,"Atsuki Yamada",6,"Takami Ryo"
1400499,71644,"Rio Kanno",7,"Morota Miya"
1400499,2790780,"Yuko Fukui",8,"Omori Hideko"
1400499,1793654,"Chika Kuboyama",9,"Sasayama Chie"
1330443,82282,"Peter Zizzo",0,"Det. Joe Kirby"
1330443,2542775,"Terri Apple",1,"Det. Alexis 'Lexi' Taylor"
1330443,56979,"Andrew Lauer",2,"Jared Kelly"
1330443,2348963,"Matthew Peschio",3,"Victor Shamaz"
1330443,1096804,"Allen Marsh",4,"Jonas Eckhard"
1330443,154472,"Roy Abramsohn",5,"Prof. Warren Gilette"
1330443,2591160,"Janna Cardia",6,"Kacie Porter"
1330443,2994390,"Christina Hélène Braa",7,"Lizzy"
1330443,1399055,"Jessee J. Clarkson",8,"Mr. Shiny"
1330443,147898,"Nicole Dionne",9,"Sonia Lafone"
1330443,3167004,"Leslie Koch Foumberg",10,"Crime Scene Detective"
1330443,110881,"Jenee Gill",11,"News Interviewee"
1330443,98951,"Garon Grigsby",12,"Anchor 1 (2011)"
1330443,1515294,"Lisa Cole",13,"Anchor 2 (2011)"
1330443,3757098,"Matthew M. Garcia",14,"Saroj Mallick"
1236204,1357037,"Alice Kremelberg",0,"Wren Collins"
1236204,87070,"Michael Chernus",1,"Paul"
1236204,132220,"Owen Campbell",2,"Quentin"
1236204,172156,"Patch Darragh",3,"Dr. Brennan"
1236204,45396,"Ross Partridge",4,"Deputy"
1236204,1689329,"Juani Feliz",5,"Maya Lopez"
1236204,163597,"Kale Browne",6,"Magnus Brewer"
1236204,1287658,"Jennifer Lafleur",7,"Rosalie"
1236204,209503,"Henny Russell",8,"Carolyn"
1236204,2983699,"Callie Beaulieu",9,"Jean"
1236204,4500835,"Elsa Parent",10,"Little Girl"
1236204,4381470,"Hannah Fae Wyatt",11,"Nurse (uncredited)"
1188423,20373,"Arielle Kebbel",0,"Elena"
1188423,51995,"Theo Rossi",1,"Garrison"
1188423,51683,"Jake McLaughlin",2,"Neil Bardo"
1188423,2249,"Clyde Kusatsu",3,"Ken Tanaka"
1188423,1305610,"Yoson An",4,"Jian"
1188423,1227098,"Miki Ishikawa",5,"Naomi"
1188423,111710,"Kavi Raz",6,"Ronith Nanda"
1188423,1614437,"Danni Wang",7,"Xifeng"
1188423,3912028,"Art Newkirk",8,"Officer M. Boykins"
1188423,2897868,"Carson Minniear",9,"Wiley Bardo"
1188423,1497467,"Vince Foster",10,"Andrew Uchida"
1188423,111887,"Megan Blake",11,"Nurse Kelly"
1188423,168679,"Michael Harding",12,"Carl"
1188423,218605,"Bonnie Johnson",13,"Lynn"
1188423,4309595,"Savannah Belcher",14,"ER Dr. Jordan"
1528660,5619973,"Jenn Osborne",0,"Detective Madison Wells"
1528660,5619976,"Cleve Langdale",1,"Edward Brown"
1528660,5619977,"Aaron Blomberg",2,"Jim Wheeler"
1528660,4461113,"Daniel S. Carlan",3,""
1528660,5628960,"Maya Adler",4,"Grace Brown"
1528660,1479292,"David Tiefen",5,""
1528660,5628962,"Dezarie Robinson",6,"Detective Layla Jackson"
1528660,5628963,"Jonathan E. Simmons",7,"News Reporter"
1528660,2088707,"Ronald Blanton",8,"Jeff"
1528660,5257301,"Amber Allen",9,"Waitress"
1528660,3817432,"Bronsonn Taylor",10,"Police Chief Marcus"
1528660,4407720,"Dorothy Hadley Joly",11,"Senior Doctor"
1528660,5628964,"Donte Muse",12,"Detective Jack Parker"
1318691,4305033,"Diego Montejo",0,"Nico Mortimer"
1318691,3003304,"Iratxe Emparan",1,"Gabi"
1318691,2848850,"Adrián Checa",2,"Marc"
1318691,1757603,"Bruna González",3,"Sofía"
1318691,4837948,"Melani García",4,"Raquel"
1318691,114460,"Alexandra Jiménez",5,"Marisa Mortimer"
1318691,932050,"Víctor Clavijo",6,"Sebastián Mortimer"
1318691,1400178,"Pepe Lorente",7,"Pol"
1318691,1602,"Fele Martínez",8,""
1318691,19907,"Belén Rueda",9,""
1107325,1597855,"Madison Iseman",0,"Emily"
1107325,2240796,"Aaron Dominguez",1,"Christian"
1107325,2637828,"Mel Jarnson",2,"Brooke"
1107325,49918,"Charlie Tahan",3,"Richie"
1107325,1939554,"Antonia Desplat",4,"Naga Soth"
1107325,83356,"Jamie Campbell Bower",5,"Alexander Babtiste"
1107325,58012,"David La Haye",6,"Bishop Grogan"
1107325,3052257,"Victoria Lenhardt",7,"Sierra"
1107325,5391964,"Jamal Azémar",8,"Zack"
1107325,5391972,"Riley Russell",9,"Jackie"
1107325,1852431,"Kade Vu",10,"Kane"
1107325,3694940,"Renee Herbert",11,"Asha 1"
1107325,3694941,"Elisha Herbert",12,"Asha 2"
1107325,2634629,"Francesco Filice",13,"Jessie"
1107325,549662,"Simon Anthony",14,"William Douchet"
1355271,1194699,"Joe Begos",0,"Jimmy Lang"
1355271,1186713,"Matt Mercer",1,"Stiggs Randolph"
1355271,785,"James Russo",2,"John Redgrave"
1355271,2259152,"Riley Dandy",3,"Lexi (voice)"
1355271,1194701,"Josh Ethier",4,"Theo Thatcher"
1355271,1422664,"Alistair Legrand",5,"Astronaut"
1355271,141673,"Jason Eisener",6,"Alien Abductee and Expert"
1355271,6430540,"Dean Evans",7,"Alien Abductee and Expert"
1355271,1447987,"Jim Kunz",8,"Astronaut/ Alien Abductee and Expert"
1355271,6430545,"Nicholas McCarthy",9,"Astronaut"
1355271,63449,"Josh Miller",10,"Alien Vocals (voice)"
1355271,1337329,"Stephen Scarlata",11,"Alien Abductee and Expert"
1355271,6430547,"Adam Stillwell",12,"Astronaut"
1355271,2019453,"Jen Yamato",13,"Alien Abductee and Expert"
1563506,22108,"Skeet Ulrich",0,"Elvis"
1563506,1677331,"Ashley Moore",1,"Angela"
1563506,51995,"Theo Rossi",2,"Nick"
1563506,4174,"Claire Forlani",3,"Gracie"
1563506,11155,"Thomas Jane",4,"Whitney"
1563506,90498,"Devon Bostick",5,"Luke"
1563506,1569551,"Jeffrey Alan Solomon",6,"Joseph"
1563506,557599,"Rebecca Gibel",7,"Tammy"
1563506,3310723,"Samantha Gordon",8,"Carolyn"
1563506,1765668,"Thomas Kee",9,"Sheriff Bill"
1563506,2816216,"Ellen Colton",10,"Aunt Lily"
1563506,4329587,"Kevin Daigneault",11,"Joseph's Gunslinger Hank"
1563506,4660195,"Jim Patton",12,"Frank Woolsey"
1563506,4368832,"Jaime Jose Hernandez",13,"Tom"
1563506,5214728,"Elle Shaheen",14,"Betty"
1284460,4606127,"Mélissa Boros",0,"Alpha"
1284460,81051,"Tahar Rahim",1,"Amin"
1284460,229932,"Golshifteh Farahani",2,"Mother"
1284460,2201315,"Emma Mackey",3,"Nurse"
1284460,583853,"Finnegan Oldfield",4,"English Teacher"
1284460,3127864,"Louai El Amrousy",5,"Adrien"
1284460,5036399,"Ambrine Trigo Ouaked",6,"Young Alpha"
1284460,5697819,"Zohra Benbetka",7,"Grandmother"
1284460,180962,"Fadila Belkebla",8,"Alpha's Aunt 1"
1284460,5760773,"Sofia Nait",9,"Alpha's Aunt 2"
1284460,5760774,"Bahia Badji",10,"Alpha's Aunt 3"
1284460,2287229,"Marc Riso",11,"Benny"
1284460,1608090,"Jean-Charles Clichet",12,"PE Teacher"
1284460,41031,"François Rollin",13,"Principal"
1284460,3537450,"Driver",14,"Security Officer"
1257009,133212,"Ryan Kwanten",0,"Baker"
1257009,74423,"Tricia Helfer",1,"Sofia"
1257009,1453100,"Nick Wechsler",2,"Eli"
1257009,12799,"Jeremy Piven",3,"Colonel Jericho"
1257009,1207282,"Anthony Ingruber",4,"Keyes"
1257009,1203030,"Aaron Glenane",5,"Logan"
1257009,2643797,"Carlos Sanson Jr.",6,"Leon"
1257009,3014804,"Albert Mwangi",7,"Miller"
1257009,4364248,"Adolphus Waylee",8,"Xavier"
1257009,2570861,"M.J. Kokolis",9,"Sergei"
1257009,3996888,"Ben Corlett",10,"Nikita"
1257009,4079346,"Ana Thu Nguyen",11,"Con Nhen"
1257009,213070,"Marcus Johnson",12,"Ibex"
1257009,555945,"Henry Nixon",13,"Bishop"
1257009,1893676,"Ryan Panizza",14,"Tolstoy"
1244953,1001657,"Sophie Turner",0,"Lauren"
1244953,113563,"Rhys Coiro",1,"Darren"
1244953,20215,"Billy Campbell",2,"Peter"
1244953,68278,"Peter Mensah",3,"Kroft"
1244953,1560185,"Forrest Goodluck",4,"Merg"
1244953,1735641,"Gianni Paolo",5,"Marcus"
1244953,2153290,"Renata Vaca",6,"Grace"
1244953,18980,"Katey Sagal",7,"Loretta"
1244953,4835573,"Milton Darnell Smith",8,"Officer Carroll"
1244953,5237879,"Victor Oliveira",9,"Officer Jamison"
1244953,3197130,"Kariana Karhu",10,"Young Lauren"
1244953,5697710,"Cal Butler",11,"Dr. Murphy (Vet)"
1244953,81410,"Katie Barberi",12,"Ashley"
1244953,4807841,"Diego Guzmán",13,"Dylan"
1244953,3625614,"Donagh Gordon",14,"Apartment Manager"
1244531,1323881,"Mark Coles Smith",0,"Leo"
1244531,4918082,"Joel Nankervis",1,"Will"
1244531,1721096,"Sam Delich",2,"Des Kelly"
1244531,2479415,"Maximillian Johnson",3,"Stan"
1244531,3684983,"Lee Tiger Halley",4,"Teddy"
1244531,110516,"Sam Parsonson",5,"Thompson"
1244531,2159487,"Tristan McKinnon",6,"Bobby"
1244531,4078263,"Aswan Reid",7,"Archie"
1244531,83283,"Masa Yamaguchi",8,"Commander Tetsuo Harada"
1244531,1707878,"Lauren Grimson",9,"Hazel"
1244531,2787731,"Laura Brogan Browne",10,"Susan"
1244531,59116,"Steve Le Marquand",11,"Sergeant"
1244531,5936107,"Jay Gallagher",12,"Corporal #1"
1244531,2192371,"John Sparke",13,"Corporal #2"
1244531,1320563,"Matthew Scully",14,"Lone Soldier"
1202306,2421922,"Elizabeth Vermilyea",0,"Vanessa Shepherd"
1202306,3197758,"Searra Sawka",1,"Alicia Cavalini"
1202306,1722856,"Mike Sutton",2,"Father David"
1202306,1539505,"Joe Bandelli",3,"Hell House LLC Clown & Carnival Clowns"
1202306,3170815,"Cayla Berejikian",4,"Catherine Carmichael"
1202306,4289659,"Victoria Andrunik",5,"Margaret Carmichael"
1202306,4289658,"Gideon Berger",6,"Patrick Carmichael"
1202306,3755112,"Bridget Rose Perrotta",7,"Margot Bentley"
1202306,4289657,"Destiny Leilani Brown",8,"Rebecca Vickers"
1202306,3225230,"Nicholas Stoesser",9,"Max"
1202306,4187373,"Emily Fan",10,"Crystal"
1202306,4289661,"Michael Caprioli",11,"Donald"
1202306,4464110,"Felicia Curry",12,"Doctor Farrell"
1202306,3587521,"Kenneth Andrew",13,"Troy"
1202306,5023150,"Matthew Dalton Lynch",14,"Tom"
1169210,1720041,"Isabella Gómez",0,"Liana Rojas"
1169210,1679770,"Lindsay LaVanchy",1,"Hazel Miller"
1169210,3343796,"Shireen Lai",2,"Nadine Yang"
1169210,2141746,"Maxwell Hamilton",3,"Peter Adler"
1169210,4232799,"Gabriella Rivera",4,"Sophia Rojas"
1169210,1677346,"Jack Sochet",5,"Jack Bernard"
1419390,3628341,"Hitu Kanodia",0,"Atharv"
1419390,2102764,"Hiten Kumar",1,"Rajnath / Pratap"
1419390,2106881,"Janki Bodiwala",2,"Aarya"
1419390,1172531,"Monal Gajjar",3,"Rashmika"
1419390,1822830,"Chetan Daiya",4,"SP Keshav"
1419390,3101586,"Prem Gadhvi",5,"Bhavesh"
1419390,3322620,"Kalpana Gagdekar",6,"Gayatri Madam"
1419390,2369782,"Pratik Rathod",7,"Pratap's Dupe"
1419390,5767217,"Manin Trivedi",8,"News Anchor"
1419390,5767218,"Prapti Mehta",9,"Anaya"
1419390,5767219,"Vishwa Rawal",10,"Vidya"
1419390,5767220,"Khevna Vaishya",11,"Vaishali"
1419390,2554378,"Bhavya Sirohi",12,"Ruchi"
1419390,5767221,"Anushka Dighe",13,"Vidhi"
1419390,4698416,"Urvashi Golter",14,"Kanan"
1376237,1420278,"James Oliver Wheatley",0,""
1376237,3688787,"Fotini Papatheodorou",1,""
1376237,317860,"Anthony Barclay",2,""
1376237,1595250,"Colin Mace",3,""
1376237,5021223,"Skye Little Wing Dimova-Saw",4,""
1376237,2167336,"Priya Blackburn",5,""
1376237,1866128,"Noush Skaugen",6,""
1376237,2037930,"Katrin Vankova",7,""
1376237,102657,"Jonas Talkington",8,""
1376237,2999288,"Martin Radoev",9,""
1376237,5765543,"Martin Zannato",10,""
1376237,1300643,"Raymond Steers",11,""
1376237,2719110,"Donald McNair",12,""
1289893,1440577,"Chloë Levine",0,"Gemma"
1289893,1011103,"Will Peltz",1,"Noah"
1289893,169244,"Peter Vack",2,"Hunter"
1289893,1243099,"Grace Van Dien",3,"Dakota"
1289893,1382574,"Clarissa Thibeaux",4,"Olivia"
1289893,1565513,"Draya Michele",5,"Max"
1289893,51670,"Johnathon Schaech",6,"Brooks"
1289893,1602205,"Gillian White",7,"Dr. Katherine Shaffer"
1289893,1773168,"Steve Eifert",8,"Gemma's Dad"
1289893,3018269,"Bries Vannon",9,"Pale Creature"
1530127,2557436,"Meghan Carrasquillo",0,"Melissa"
1530127,3059432,"Trent Culkin",1,"Ethan"
1530127,2350595,"John Marrs",2,"Dale"
1530127,5626106,"Mitch Tellez",3,"Skeeter"
1530127,4648968,"Robert Clark",4,"Buck"
1530127,1230886,"Jim Round",5,"Captain Edgewood"
1530127,4613664,"Braden McCawley",6,"Billy"
1530127,4649319,"Cara Leoni",7,"Conley"
1530127,5626124,"Ryan Ellerbe",8,"Roy"
1038392,17178,"Patrick Wilson",0,"Ed Warren"
1038392,21657,"Vera Farmiga",1,"Lorraine Warren"
1038392,3011652,"Mia Tomlinson",2,"Judy Warren"
1038392,1452045,"Ben Hardy",3,"Tony Spera"
1038392,1355139,"Rebecca Calder",4,"Janet Smurl"
1038392,3839198,"Tilly Walker",5,"Carin Smurl"
1038392,51120,"Elliot Cowan",6,"Jack Smurl"
1038392,979807,"Shannon Kook",7,"Drew Thomas"
1038392,80619,"Steve Coulter",8,"Father Gordon"
1038392,3042998,"Kíla Lord Cassidy",9,"Heather Smurl"
1038392,1725276,"Beau Gadsdon",10,"Dawn Smurl"
1038392,4805160,"Molly Cartwright",11,"Shannon Smurl"
1038392,1477865,"Leigh Jones",12,"Abner"
1038392,222906,"John Brotherton",13,"Brad Hamilton"
1038392,17476,"Peter Wight",14,"Grandpa Smurl"
1451398,1062343,"Kanna Hashimoto",0,"Asuka Morisaki"
1451398,2293954,"Gordon Maeda",1,"Takahiro Ise"
1451398,3132499,"Kaito Sakurai",2,"Rikuto Ichinose"
1451398,3595261,"Seira Anzai",3,"Hayakawa Misaki"
1451398,233521,"Fuku Suzuki",4,"Tanabe Yamato"
1451398,3585075,"Marin Honda",5,"Arisa Kinoshita"
1451398,6000614,"Takeaki Yoshida",6,"Sameda Wataru"
1451398,2014560,"Fuju Kamio",7,"Atsushi Kiyomiya"
1451398,2194388,"Kotaro Daigo",8,"Shota Uranishi"
1451398,72764,"Yoshino Kimura",9,"Haruka"
1451398,3975573,"Hohomi Nasu",10,"Mirei Saeki"
1451398,3851332,"Kogiku",11,""
1451398,6512763,"Tosu Suzuha",12,"Young Asuka"
1451398,6512765,"Nobuhiro Masaki",13,"Young Takahiro"
604079,2764542,"Cooper Hoffman",0,"Raymond Garraty #47"
604079,2761308,"David Jonsson",1,"Peter McVries #23"
604079,1446466,"Garrett Wareing",2,"Billy Stebbins #38"
604079,3033265,"Ben Wang",3,"Hank Olson #46"
604079,2362672,"Tut Nyuot",4,"Arthur Baker #6"
604079,1440574,"Charlie Plummer",5,"Gary Barkovitch #5"
604079,3395594,"Jordan Gonzalez",6,"Richard Harkness #49"
604079,3238101,"Joshua Odjick",7,"Collie Parker #48"
604079,2,"Mark Hamill",8,"The Major"
604079,2054851,"Roman Griffin Davis",9,"Curly #7"
604079,20750,"Judy Greer",10,"Mrs. Ginnie Garraty"
604079,52419,"Josh Hamilton",11,"Mr. William Garraty"
604079,4602237,"Noah de Mel",12,"Ewing #1"
604079,5313193,"Daymon Wrightly",13,"Rank #19"
604079,1882285,"Jack Giffin",14,"Ronald #45"
1193824,76788,"Dev Patel",0,"Darcy Davenport"
1193824,2648396,"Rosy McEwen",1,"Daphne Davenport"
1193824,1303071,"Jade Croot",2,"The Child"
1193824,5324721,"Nicholas Sampson",3,"The Shadow"
957121,1154054,"Corey Hawkins",0,"Charles Blakey"
957121,5293,"Willem Dafoe",1,"Anniston Bennett"
957121,1425924,"Anna Diop",2,"Narciss Gully"
957121,2559238,"Jonathan Ajayi",3,"Ricky Winkler"
957121,1192778,"Gershwyn Eustache Jnr",4,"Clarence Mayhew"
957121,80472,"Pamela Nomvete",5,"Irene Littleneck"
957121,1595457,"Tamara Lawrance",6,"Bethany"
957121,1228665,"Brian Bovell",7,"Brent Blakey"
957121,4138912,"Lizzie Lomas",8,"Extine Blandford"
957121,119893,"Mark Arnold",9,"Wilson Ryder"
957121,1500880,"Kayla Meikle",10,"Lainie"
957121,5725589,"Tim Dewberry",11,"Delivery Man"
957121,5725590,"Bret Jones",12,"John Paterson"
957121,5725591,"Josiah Leonardo Kabeya",13,"Young Charles"
957121,3839176,"Miah Hasselbaink",14,"Athalia"
1519168,2735738,"Michael Sheffield",0,"The Jester"
1519168,5593265,"Kaitlyn Trentham",1,"Max"
1519168,1904469,"Dingani Beza",2,"Willie"
1519168,5593263,"Hassen Kacem",3,"Logan"
1519168,2786862,"Jessica Ambuehl",4,"Mom"
1519168,5611097,"Charles Mckee",5,"Diner Patron"
1519168,5656535,"Patrick Loree",6,"Darren"
1499885,4895164,"Mario González Martí",0,"Robbie"
1499885,5511313,"Lizzie Gómez",1,"Amy"
1499885,3708154,"Matias Miranda",2,"Jeff"
1499885,5511314,"Tainá Lipinski",3,"Stacy"
1499885,5511315,"Bianca Vacchetta",4,"Jena"
1499885,5511316,"Lucia Baez",5,"Healer"
986097,3052321,"Tyriq Withers",0,"Cam"
986097,9562,"Marlon Wayans",1,"Isaiah"
986097,2371446,"Julia Fox",2,"Elsie"
986097,132856,"Tim Heidecker",3,"Tom"
986097,142516,"Jim Jefferies",4,"Marco"
986097,2834300,"Maurice Greene",5,"Malek / Horned Fanatic"
986097,1211750,"Indira G. Wilson",6,"Yvette"
986097,5537435,"Geron McKinley",7,"Drew"
986097,3062156,"Heather Lynn Harris",8,"Jasmine"
986097,3246783,"Don Benjamin",9,"Cam Sr."
986097,3638612,"Guapdad 4000",10,"Murph"
986097,5135707,"Austin Pulliam",11,"Young Cam"
986097,5733301,"Ethan Michael Airey",12,"Young Drew"
986097,1730175,"Richard Lippert",13,"Saviors Owner"
986097,1454845,"Naomi Grossman",14,"Marjorie"
1544122,4714029,"N’kone Mametja",0,"Nova"
1544122,4267075,"Deoudoné Pretorius",1,"Harper"
1544122,1459810,"Daniel Janks",2,"Adrian Greenwood"
1544122,146752,"Darron Meyer",3,"Benny"
1544122,5680366,"Gia Capouya",4,"Milly"
1544122,4229670,"Damien Wantenaar",5,"Grady"
1544122,2123157,"Robyn Scott",6,"Susan"
1544122,2036411,"Nikita Faber",7,"Emma"
1544122,4775257,"Ancois Human",8,"Self - Head of Film & TV"
1544122,204108,"Alex McGregor",9,"Rookie Kate"
1544122,137463,"Joe Vaz",10,"Trucker"
1373445,5067483,"Samantha Cochran",0,"Lacie (segment ""Coochie Coochie Coo"")"
1373445,2984038,"Natalia Montgomery Fernandez",1,"Kaleigh (segment ""Coochie Coochie Coo"")"
1373445,2342467,"Elena Musser",2,"The Mommy (segment ""Coochie Coochie Coo"")"
1373445,1137844,"Adam Carr",3,"Diaper Man (segment ""Coochie Coochie Coo"")"
1373445,5683112,"Charlotte Mae Curtis",4,"The Cheerleader (segment ""Coochie Coochie Coo"")"
1373445,5683111,"Charlie Gehrt",5,"Kid #1 (segment ""Coochie Coochie Coo"")"
1373445,5728370,"Samuel Charles",6,"Kid #2 (segment ""Coochie Coochie Coo"")"
1373445,5728371,"Brayon Cutrer",7,"Kid #3 (segment ""Coochie Coochie Coo"")"
1373445,1531132,"Teo Planell",8,"Enric (segment ""Ut Supra Sic Infra"")"
1373445,2545932,"María Romanillos",9,"Vicky (segment ""Ut Supra Sic Infra"")"
1373445,141018,"Ismael Martínez",10,"Inspector (segment ""Ut Supra Sic Infra"")"
1373445,929712,"Sonia Almarcha",11,"Jueza (segment ""Ut Supra Sic Infra"")"
1373445,2846747,"Almudena Amor",12,"Abogada (segment ""Ut Supra Sic Infra"")"
1373445,5782805,"Néstor Aguilera",13,"Secretario Judicial (segment ""Ut Supra Sic Infra"")"
1373445,3154311,"Lawson Greyson",14,"Lauren (segment ""Fun Size"")"
1459725,1723053,"Caro Derkx",0,"Mirthe"
1459725,4497796,"Juliëtte van de Weerdt",1,"Jerrienne"
1459725,3104660,"Tommy Zonneveld",2,"Humphrey"
1459725,4175670,"Sem Ben Yakar",3,"Ishmael"
1459725,5534581,"Sweder de Sitter",4,"Jonathan"
1459725,3163661,"Chardonnay Rillen",5,"Donna"
1459725,4292748,"Derron Lurvink",6,"Jacco"
1459725,211005,"Bart Oomen",7,"Jonas"
1459725,2298726,"Emma Josten",8,"Nasha"
1010756,1592855,"Madelaine Petsch",0,"Maya"
1010756,1798797,"Froy Gutierrez",1,"Ryan"
1010756,222122,"Gabriel Basso",2,"Gregory"
1010756,1921268,"Ema Horvath",3,"Shelly / Pinup"
1010756,4067297,"Brooke Lena Johnson",4,"Nurse Danica"
1010756,3901,"Richard Brake",5,"Sheriff Rotter"
1010756,3188261,"Pedro Leandro",6,"Deputy Walters"
1010756,1076119,"Rachel Shenton",7,"Debbie"
1010756,4067293,"Florian Clare",8,"Chris Sampson"
1010756,1405269,"Janis Ahern",9,"Carol"
1010756,4067300,"Pablo Sandstrom",10,"Neil"
1010756,1453290,"JR Esposito",11,"Dr. Tate"
1010756,2615696,"Sara Freedland",12,"Annie"
1010756,1058080,"Ben Cartwright",13,"Rudy"
1010756,1278601,"Stevee Davies",14,"Dougie"
1086260,51072,"Kate Mara",0,"Sam Walker"
1086260,2975,"Laurence Fishburne",1,"General William Harris"
1086260,111016,"Gabriel Luna",2,"Mark"
1086260,29930,"Ivana Miličević",3,"Dr. Michelle Aiden"
1086260,5802388,"Scarlett Holmes",4,"Izzy"
1086260,60560,"Macy Gray",5,"Val"
1086260,2681182,"Reza Diako",6,"Ethan Marshall"
1086260,2068116,"Daniel Quirke",7,"Guard"
1086260,5015846,"Daiana Madeira",8,"Medical Specialist"
1086260,2974933,"Christine Abernathy",9,"Medical Assistant"
1086260,5846994,"Ezrael MacTire",10,"Young Harris"
1086260,5846996,"Erin Gill",11,"Young Sam"
1086260,5846997,"Gareth Battersby",12,"Squad Leader"
1086260,3215096,"Aidan O'Sullivan",13,"Private"
1086260,3752635,"Alex Conlon",14,"Troop Captain"
1235192,3272460,"Caitlin McWethy",0,"Jess"
1235192,5321687,"Rachel Ryu",1,"Kara"
1235192,2395462,"Emily Soppe",2,"Rose"
1235192,2967101,"Maggie Lou Rader",3,"Alice"
1235192,4683879,"A.J. Baldwin",4,"Dudette"
1235192,2589577,"Jordan Mullins",5,"The Rancher"
1235192,2688319,"Jim Azelvandre",6,"Mayor Joshua"
1235192,5321722,"Madison Murrah",7,"Susanna"
1410399,1197012,"Nadech Kugimiya",0,"Yak"
1410399,1560844,"Ongart Cheamcharoenpornkul",1,"Sergeant Paphan"
1410399,3415057,"Kajbhunditt Jaidee",2,"Yos"
1410399,4338889,"Peerakrit Phacharaboonyakiat",3,"Yod"
1410399,3947368,"Jelilcha Kapaun",4,"Yad"
1410399,3606315,"Nutthacha Padovan",5,"Yee"
1410399,3638742,"Manita Chobchuen",6,"Black Spirit"
1410399,1027750,"Paramej Noiam",7,"Hang"
1410399,1203876,"Arisara Wongchalee",8,"Boonyen"
1410399,3278336,"Duangjai Hiransri",9,"Grandmother"
1410399,3298853,"Chermawee Suwanpanuchoke",10,"Yakhin"
1410399,3282861,"Jakarin Puribhat",11,"Kongmu"
1410399,4096731,"Thippapha Phasiriratanakul",12,"Mie"
1410399,5108222,"Patsamon Suphandetphong",13,"Powa"
1410399,2263768,"Maylada Susri",14,"Nampetch"
1422096,6509814,"Indy",0,"Indy"
1422096,3739081,"Shane Jensen",1,"Todd"
1422096,4747687,"Arielle Friedman",2,"Vera"
1422096,31268,"Larry Fessenden",3,"Grandpa"
1422096,94435,"Stuart Rudin",4,"Richard"
1422096,3238178,"Anya Krawcheck",5,"Doctor"
1422096,5725666,"Hunter Goetz",6,"Weatherman / Narrator"
1422096,6083950,"Max",7,"Bandit"
787747,32798,"Elisabeth Moss",0,"Samantha Lake"
787747,11661,"Kate Hudson",1,"Zoe Shannon"
787747,1957145,"Kaia Gerber",2,"Chloe Benson"
787747,457386,"Arian Moayed",3,"Dr. Hubert"
787747,1741366,"Este Haim",4,"Lydia"
787747,19189,"Elizabeth Berkley",5,"Jenna Janero"
787747,1719000,"Leanne Suter",6,"TV Anchor"
787747,357551,"Amy Landecker",7,"Detective Flores"
787747,2320708,"Lionel Boyce",8,"Detective Abramson"
787747,3002062,"Ziwe",9,"Audrey"
787747,25884,"Mary Lynn Rajskub",10,"Casting Director"
787747,53117,"Dustin Milligan",11,"Devin"
787747,149829,"Brandon Keener",12,"Brett"
787747,3487699,"Zach Sowers",13,"Ken Doll"
787747,1181311,"Blake Lee",14,"Sebastian"
1386827,15033,"Justin Long",0,"Scott Stewart"
1386827,3214361,"Mila Harris",1,"Chloe Stewart"
1386827,943913,"Brittany Allen",2,"Julie"
1386827,7517,"Kate Bosworth",3,"Liv Stewart"
1386827,52020,"Norbert Leo Butz",4,"Trip"
1386827,5287221,"Kevin Glynn",5,"Tony"
1386827,968006,"Katherine McNamara",6,"Kat"
1386827,2090258,"Norma Nivia",7,"Sheila"
1386827,97913,"Judith O'Dea",8,"(archive footage)"
1386827,39213,"Keir O'Donnell",9,"Devon"
1330421,1167375,"Alex Roe",0,"Will"
1330421,593202,"Maddie Hasson",1,"Sage"
1330421,1252323,"Marco Pigossi",2,"Diego"
1330421,997379,"Andra Nechita",3,"Cin"
1330421,4888306,"Clayton Spencer",4,"Brett"
1330421,4390286,"Eliane Reis",5,"Angie"
937941,112557,"Camille Sullivan",0,"Mia"
937941,3468505,"Sarah Durn",1,"Riley"
937941,2839,"Brendan Sexton III",2,"Robert"
937941,87118,"Michael Beach",3,"Detective Burke"
937941,65827,"Keith David",4,"Morton Jacobson"
937941,11902,"Robin Bartlett",5,"Norma Miles"
937941,175630,"Charlie Talbert",6,"Wilson Miles"
937941,2536479,"Emily Bennett",7,"Janet"
937941,51300,"Derek Mears",8,"Tarion"
937941,1561419,"Mason Heidger",9,"Reactor #1"
937941,4355705,"Joe Quinn",10,"Reactor #2"
937941,2720700,"Mariah Burks",11,"Reactor #3"
937941,2504208,"C.L. Simpson",12,"Marilyn"
937941,5380534,"Sloane Burkett",13,"Young Riley"
937941,2111771,"Brenna Sherman",14,"Young Mia"
1554419,1847915,"Humberly González",0,"Paola"
1554419,4971237,"Shaeane Jimenez",1,"Maria"
1554419,2679439,"Dianne Simpson",2,"Lucille"
1554419,3266825,"Jacques Adriaanse",3,"Henry"
1554419,4749449,"Luke Volker",4,"Eli"
1554419,2036411,"Nikita Faber",5,"Natalie"
1554419,3277192,"Dean Goldblum",6,"Ryan"
1554419,152244,"Peter Butler",7,"Papa"
1554419,204108,"Alex McGregor",8,"Dr. Mantle"
1554419,1173055,"Cassiel Eatock-Winnik",9,"First Date Girl"
1554419,2276119,"Brett Williams",10,"Edgar"
1554419,2055667,"Michael Everson",11,"Matthew"
1554419,5206137,"Troydan Berg",12,"Adam"
1554419,5820868,"Nicole Nel",13,"Plastic Bag Girl"
1554419,5820870,"Katelyn Barnard",14,"No Eyes Girl"
1332316,2545559,"Jamie Costa",0,"Mark"
1332316,4414184,"Emalia",1,"Kate"
1332316,5266183,"Indianna Sparke",2,"Jessica"
1332316,3157506,"Brooke Marsden",3,"News Reporter"
1332316,1527566,"Jet Tranter",4,"Corporal West"
1332316,3574208,"Geoff Imrie",5,"Donald"
1535290,3831524,"Thitiya Jirapornsilp",0,"Ingkwan"
1535290,2771757,"Veerinsara Tangkitsuvanich",1,"Aim"
1535290,2758431,"Pisitpol Ekpongpisit",2,"Pin"
1535290,3551674,"Narinthorn Na Bangchang",3,"Mother Pritsana"
1535290,2931470,"Weeraya Zhang",4,"Maprang"
1535290,4593141,"Nutkitta Poonsukwattana",5,"Nuch"
1535290,5669730,"Sanutcha Janchoom",6,"Ploy"
1535290,1180488,"Panjai Sirisuwan",7,"Godmother Ghost"
1535290,5669731,"Punnalil Meteetranmaporn",8,"New Born Ingkwan"
1535290,5753622,"Pimnara Seethongprasert",9,"5 Year-Old Ingkwan"
1535290,5332085,"Vasawat Panyaratwong",10,"Ingkwan's Father"
1535290,2683341,"Darina Boonchu",11,"Ingkwan's Mother"
1535290,4598577,"Jampar Saenprom",12,"Shaman"
1535290,5084704,"Noraset Baramisetthawon",13,"Male Bandit"
1535290,4375751,"Ratha Raviraadulsan",14,"Female Bandit"
1526650,96958,"Tony Yang Yo-Ning",0,"Hsu-Chuan"
1526650,1529401,"Cecilia Choi",1,"Mu-Hua"
1526650,1671345,"Derek Chang",2,"Ah-Sheng"
1526650,2275124,"Tracy Chou",3,"Hsin"
1526650,1258442,"Puff Kuo",4,"Yen"
1526650,232780,"Chen Wei-min",5,"Chang"
1526650,2397971,"Li Kuan-yi",6,"Ah-Yi"
1526650,2821437,"Mountain Kao",7,"Boss"
1526650,1929225,"Lindsey Huang",8,"Master Li"
1526650,4969773,"Po Yen-hua",9,"Hsiao-Chao"
1526650,3277534,"Ron Chang",10,"Hsu Chi-Kuang"
1526650,5494602,"Chao Chung-jung",11,"Mr. Hsu"
1526650,3771357,"Chen Ya-hui",12,"Mrs. Hsu"
1526650,3737320,"Tseng Hao-tse",13,"Student"
1372260,17183,"Jackie Earle Haley",0,"The Host"
1372260,1770528,"Ella-Rae Smith",1,"Anita"
1372260,1729393,"Jamie Flatters",2,"James"
1372260,3068159,"David Angland",3,"Matthew"
1372260,2864637,"Joelle Rae",4,"Melissa"
1372260,3765443,"Tom Claxton",5,"Jake"
1372260,1505885,"Eve Austin",6,"Rebecca"
1372260,1039097,"Seth Michaels",7,"Eric"
1372260,2186815,"Sara Sometti Michaels",8,"Lisa"
1372260,78095,"Gerald Lepkowski",9,"Collin Piper"
1372260,6088161,"Courtney Mirelle",10,"Newscaster"
1372260,6088187,"Laura Perselli",11,"Barry’s wife"
1372260,6088190,"Roby Sometti",12,"Bailey Gregor"
1372260,6088192,"Marta Sometti",13,"Lisa Hubert"
1255674,2744,"Carmen Maura",0,"Alicia"
1255674,131867,"Daniel Hendler",1,"Pedro"
1255674,1205006,"Agustina Liendo",2,"Laura"
1255674,5055166,"Emma Cetrángolo",3,"Elena"
1255674,50928,"Germán de Silva",4,""
1255674,1728864,"Camila Peralta",5,"Victoria"
1255674,1117847,"Ezequiel Díaz",6,"Ramiro"
1255674,4330830,"Ana Belatti",7,"Mujer laguna 1"
1255674,5957190,"Mercedes Mendizábal",8,"Mujer laguna 2"
1255674,3511308,"Olivia Nuss",9,"Mujer laguna 3"
1255674,3035813,"Tamara Rocca",10,"Mujer laguna 4"
1255674,5957194,"Valentina Bordeau",11,"Mujer laguna 5"
1255674,5957196,"Arsalam Leiva",12,"Hombre monstruo 1"
1255674,5957197,"Lucas Yair Araujo",13,"Hombre monstruo 2"
1255674,3280622,"Johanna Chiefo",14,"Fernanda enfermera"
23202,1248,"Brian Cox",0,"Mr. Kreeg"
23202,89885,"Quinn Lord",1,"Sam / Peeping Tommy"
23202,10690,"Anna Paquin",2,"Laurie"
23202,19152,"Dylan Baker",3,"Steven"
23202,57451,"Leslie Bibb",4,"Emma"
23202,77223,"Tahmoh Penikett",5,"Henry"
23202,80760,"Rochelle Aytes",6,"Maria"
23202,74365,"Britt McKillip",7,"Macy"
23202,74609,"Moneca Delain",8,"Janet"
23202,52394,"Lauren Lee Smith",9,"Danielle"
23202,63992,"Brett Kelly",10,"Charlie"
23202,205204,"Jean-Luc Bilodeau",11,"Schrader"
23202,1224709,"Alberto Ghisi",12,"Chip"
23202,1113295,"James Willson",13,"Alex"
23202,189719,"Christine Willes",14,"Mrs. Henderson"
1536233,3700533,"Valeria San Martin",0,"Laura"
1536233,4404890,"Justina Ceballos",1,"Stacy"
1536233,4379372,"Daniela Flombaum",2,"Maureen"
1536233,5167954,"Giovanni Onetti",3,"Baby"
1536233,2880085,"Agustin Olcese",4,"Hunter"
1536233,1529794,"Nicolás Onetti",5,"Father"
1536233,5167953,"Milagros Ribet",6,"Mother"
1536233,1292730,"Carmela Zumbado",7,""
1323409,5168256,"Adonis Tanța",0,"The Director / Adonis"
1323409,60422,"Gabriel Spahiu",1,"Uncle Sandu"
1323409,3044670,"Oana Maria Zaharia",2,"Vampira"
1323409,1315264,"Alexandru Dabija",3,"The Real Dracula"
1323409,592227,"Șerban Pavlu",4,"Dracula Priest"
1323409,150574,"Lukas Miko",5,"Baron Wirth"
1323409,2080407,"Ilinca Manolache",6,"Nun"
1323409,5769336,"Andrada Balea",7,"Countess Ermina of Kollovrat"
1323409,3100076,"Doru Taloș",8,"Duminică"
1323409,5769338,"Alexandra Harapu",9,"Adina Gheorghe"
1323409,592234,"Nicodim Ungureanu",10,"Actor"
1323409,1833453,"Claudiu Dumitru",11,"Dracula Most Ferocious"
1323409,5168257,"Oana Mardare",12,"Actor"
1323409,1757075,"Eszter Tompa",13,"Actor"
1323409,4158673,"Cosmin Stănilă",14,"Actor"
1197137,2803710,"Mason Thames",0,"Finn"
1197137,1530558,"Madeleine McGraw",1,"Gwen"
1197137,569,"Ethan Hawke",2,"Grabber"
1197137,76961,"Demián Bichir",3,"Armando"
1197137,3586928,"Miguel Mora",4,"Ernesto"
1197137,4654,"Jeremy Davies",5,"Terrence"
1197137,3953574,"Arianna Rivas",6,"Mustang"
1197137,1545244,"Maev Beaty",7,"Barbara"
1197137,209537,"Graham Abbey",8,"Kenneth"
1197137,5296,"James Ransone",9,"Max"
1197137,1441215,"Anna Lore",10,"Hope"
1197137,3118207,"Simon Webster",11,"Felix"
1197137,5704432,"Shepherd Munroe",12,"Cal"
1197137,5704426,"Chase B. Robertson",13,"Spike"
1197137,5755676,"Dexter Bolduc",14,"New Kid"
1551003,5757880,"Bean Reid",0,"Sam"
1551003,5488104,"Adeline Lo",1,"Becka"
1551003,1428071,"Seth Isaac Johnson",2,"Finn"
1551003,27111,"Kevin McNulty",3,"Farmer Palmer"
1551003,1235460,"Bob Frazer",4,"Sheriff"
1551003,440439,"Matty Finochio",5,"Rusty"
1551003,1175501,"Kendra Anderson",6,"Cassie"
1551003,1903319,"Troy James",7,"Scarecrow"
1551003,2140706,"Dominic Mariche",8,"Teenager"
1551003,2802836,"Chase Petriw",9,"Trick or Treater #1"
1551003,2443549,"Vera Ann Frederickson",10,"Trick or Treater #2"
1062722,25072,"Oscar Isaac",0,"Victor Frankenstein"
1062722,2034418,"Jacob Elordi",1,"The Creature"
1062722,27319,"Christoph Waltz",2,"Harlander"
1062722,1137824,"Mia Goth",3,"Elizabeth / Claire Frankenstein"
1062722,3631223,"Felix Kammerer",4,"William Frankenstein"
1062722,4391,"Charles Dance",5,"Leopold Frankenstein"
1062722,11180,"David Bradley",6,"Blind Man"
1062722,71158,"Lars Mikkelsen",7,"Captain Anderson"
1062722,1721268,"Christian Convery",8,"Young Victor Frankenstein"
1062722,1018,"Nikolaj Lie Kaas",9,"Chief Officer Larsen"
1062722,131335,"Kyle Gatehouse",10,"Young Hunter"
1062722,88620,"Lauren Collins",11,"Hunter's Wife"
1062722,4277267,"Sofia Galasso",12,"Anna-Maria"
1062722,1444187,"Joachim Fjelstrup",13,"Dr. Udsen"
1062722,202032,"Ralph Ineson",14,"Professor Krempe"
1196364,1033157,"Ayushmann Khurrana",0,"Alok Goyal"
1196364,1752056,"Rashmika Mandanna",1,"Tadaka/Tarika"
1196364,85047,"Nawazuddin Siddiqui",2,"Yakshasan"
1196364,85033,"Paresh Rawal",3,"Ram Bajaj Goyal"
1196364,1197127,"Geeta Agrawal Sharma",4,"Sudha Goyal"
1196364,2268369,"Faisal Malik",5,"P K Yadav"
1196364,130115,"Alexx O'Nell",6,"Alexander"
1196364,4308463,"Rachit Singh",7,"Veeran"
1196364,2258854,"Ankit Mohan",8,"Jimmy"
1196364,2516400,"Vinod Suryavanshi",9,"Ambhu"
1196364,5769424,"Hritika Kanwar",10,"Tanya"
1196364,3176679,"Deepak Kalra",11,"Joy"
1196364,2037263,"Raj Premi",12,"Raktaksh"
1196364,1108119,"Varun Dhawan",13,"Bhaskar"
1196364,1708061,"Abhishek Banerjee",14,"Jana 'JD' Janardhan"
1306525,1259106,"Mikha Tambayong",0,"Kenes"
1306525,1541838,"Eva Celia",1,"Karina"
1306525,1795562,"Marthino Lio",2,"Bambang"
1306525,1259153,"Dimas Anggara",3,"Rudi"
1306525,4783292,"Varen Arianda Calief",4,"Raihan"
1306525,1799660,"Ardit Erwandha",5,"Rahman"
1306525,3877550,"Claresta Taufan",6,"Ningsih"
1306525,1202402,"Donny Damara",7,"Sadimin"
1306525,2138500,"Kiki Narendra",8,"Aris"
1306525,2517472,"Vonny Anggraini",9,"Mbok Sum"
1306525,2052704,"Hingka Moedra",10,"Pardi"
1306525,4495071,"Putri Permata",11,"Imah"
1306525,3472243,"Gendhis Maharani",12,"Suji"
1306525,1592070,"Karina Suwandi",13,"Grace"
1306525,2057255,"Willem Bevers",14,"Santoso"
1119090,3386069,"Mireya Mendoza",0,"Francisca Imelda / Frankelda (voice)"
1119090,3386070,"Arturo Mercado Jr.",1,"Herneval (voice)"
1119090,3386072,"Luis Leonardo Suarez",2,"Procustes (voice)"
1119090,2513025,"Gaby Cárdenas",3,"Reina Veritena (voice)"
1119090,4177020,"Beto Castillo",4,"Rey Ficturo (voice)"
1119090,5391645,"Magda Giner",5,"Abuela / Tololina (voice)"
1119090,4177017,"Carlos Segundo",6,"Ceimuth (voice)"
1119090,3491556,"Idzi Dutkiewicz",7,"Mitélitas (voice)"
1119090,2513025,"Gaby Cárdenas",8,"Veritena (voice)"
1119090,3563806,"Anahí Allue",9,"Totolina (canto) (voice)"
1119090,5391655,"Sergio Carranza",10,"El Coco (voice)"
1119090,1864457,"Laura Torres",11,"ChupaSangre (voice)"
1119090,2238462,"Karla Falcón",12,"Aluxastli (voice)"
1119090,3300828,"Roy Ambriz",13,"Dubium (voice)"
1119090,2209558,"Arturo Ambriz",14,"Timet (voice)"
1318435,2252989,"Katy O'Brian",0,"Dre"
1318435,3823459,"Jaquel Spivey",1,"Sam"
1318435,2631149,"Nina West",2,"Ginsey"
1318435,2739748,"Tómas Matos",3,"Nico"
1318435,1220768,"Quincy Dunn-Baker",4,"Barry"
1318435,11152,"Margaret Cho",5,"Pops"
1318435,1637781,"Jack Haven",6,"Kelsey"
1318435,212828,"Cheyenne Jackson",7,"Jimmy"
1318435,453,"Riki Lindhome",8,"Lizzy"
1318435,2059621,"Dominique Jackson",9,"Yasmine"
1318435,1787399,"Shaunette Renée Wilson",10,"Tiger"
1318435,1725576,"Becca Blackwell",11,"Twiz"
1318435,1538801,"Eve Lindley",12,"Jane"
1318435,11161,"Tom Savini",13,"Mayor"
1318435,111923,"Karan Brar",14,"Officer Trayvis"
1317877,2384805,"Alex Lee Williams",0,"Alex"
1317877,3294677,"Mallory Drumm",1,"Mallory"
1317877,5342708,"David Richard",2,"Dr. Armitage"
1317877,5342709,"Dainty Smith",3,"Dr. Snape"
1317877,5342710,"Kelly Williams",4,"Catherine Thorne"
1317877,2384807,"Jay Drakulic",5,"Host of Unresolved Mysteries"
1317877,5342713,"Sade Green",6,"Sleepwalker in Unresolved Mysteries"
1317877,5549844,"Brittany Drumm",7,"911 Operator"
1502943,557188,"Jessica Clement",0,"Deena"
1502943,77164,"Ryan Robbins",1,"Sheriff Rodney Arnold"
1502943,1524215,"Summer H. Howell",2,"Emily Golding"
1502943,42710,"Keegan Connor Tracy",3,"Elizabeth Talbot"
1502943,440439,"Matty Finochio",4,"Officer Butch Cassidy"
1502943,5699799,"Max Christensen",5,"Max Arnold"
1502943,2790071,"Ben Cockell",6,"Chad"
1502943,1843639,"David Feehan",7,"The Reaper"
1502943,5659616,"Bryn Samuel",8,"Willis Hanover"
1502943,2124409,"Savannah Miller",9,"Haddie"
1502943,3804280,"Susan Serrao",10,"Sheila"
1502943,4190988,"Huxley Fisher",11,"Mark"
1502943,3953420,"Isla Spencer",12,"Marina"
1502943,4663394,"Sofie Kane",13,"Dottie"
1502943,2433983,"Deborah Ferguson",14,"Mrs. Dunham"
1396869,1337270,"Pranav Mohanlal",0,"Rohan"
1396869,3557114,"Gibin Gopinath",1,"Madhusudhanan Potti"
1396869,3536286,"Swathi Das Prabhu",2,"Vinoy"
1396869,3127337,"Manohari Joy",3,"Madhu's Mother"
1396869,3046142,"Arun Ajikumar",4,"Kiran"
1396869,3616356,"Jaya Kurup",5,"Elsamma"
1396869,2553129,"Athulya Chandra",6,"Tessa"
1396869,4287748,"Sushmitha Bhat",7,"Kani"
1396869,591117,"Saiju Kurup",8,"George"
1396869,1715366,"Sreedhanya Thekkedath",9,"Kani's Mother"
1396869,4665911,"Madan Babu K.",10,"Kani's Father"
1396869,1296632,"Shine Tom Chacko",11,"Manu 'Philip Sebastian'"
1396869,2937386,"Anagha Ashok",12,"Kani's Friend"
1396869,4641136,"Ajith Somanadh",13,"Photostat Shop Owner"
1396869,3423121,"Saheer Mohammed",14,"Priest"
1196067,2667928,"Billie Boullet",0,"Willa"
1196067,114019,"Luke Evans",1,"Dad"
1196067,63,"Milla Jovovich",2,"Mom"
1196067,3214361,"Mila Harris",3,"Rosie"
1196067,5287221,"Kevin Glynn",4,"The Man"
1196067,3744336,"Steven Calvert",5,"Infected Soldier"
1196067,956385,"Meadow Williams",6,"Female Guard 1"
1196067,4746149,"Nadia Violet-Johnson",7,"Female Guard 2"
1196067,1273108,"Brian Devlin",8,"Older Man"
1196067,2412148,"Chris Finlayson",9,"Kodiak"
1196067,3623343,"Charis Agbonlahor",10,"Evac Soldier"
1196067,5891624,"Nathan Ward",11,"Hybrid"
1196067,4896386,"Laura Dee",12,"Evacuee"
772462,2092476,"Karla Rodríguez Coronado",0,"Carla"
772462,2626036,"Yankel Stevan",1,"Andrés"
772462,5477662,"Julia Maque",2,"Sam France"
772462,5780764,"Cesar Serrano Prado ""Parker""",3,"Espectro"
772462,2784005,"María Ulloa",4,"Luciana"
772462,4542565,"Miranda García",5,"Cuerpo"
772462,5780766,"Luz María Meza",6,"Sra. Sorni"
772462,4807833,"Fernanda Chicurel",7,"@YassminRivera"
772462,5780767,"Victoria Yamasaki",8,"@Dora.adorable"
772462,3615478,"Ximena García Lecuona",9,"Fantasma en el Clóset"
772462,5780769,"Joel Marroquín",10,"Mirón"
772462,5780770,"Robbie Martínez",11,"Mirón"
772462,3408817,"Santiago Vázquez Gaytán",12,"Mirón"
772462,3917690,"Francisco Sánchez Solís",13,"Mirón"
1561969,1179627,"Manav Kaul",0,"DSP Ridwaan Sayyed"
1561969,3318529,"Bhasha Sumbli",1,"Gulnaar Sayyed"
1561969,3378072,"Arista Mehta",2,"Noorie Sayyed"
1561969,3661375,"Rohaan Singh",3,"Ayaan"
1561969,1118084,"Neelofar Hamid",4,"Zainab"
1561969,2229212,"Ashwini Koul",5,"Khalid"
1561969,2120755,"Vikas Shukla",6,"Shaukat"
1561969,1423932,"Mir Sarwar",7,"Ansari"
1561969,2920401,"Priyank Tatariya",8,"Kamalanand Sapru"
1561969,3255489,"Nazneen Madan",9,"Mansi Sapru"
1561969,3853591,"Baby Kiara Khanna",10,"Eela Sapru"
1561969,86074,"Sanjay Suri",11,"Sharad Sapru"
1561969,5747194,"Masoom Mumtaz Khan",12,"Abbas Tilgami"
1339206,20879,"Kate Burton",0,"Barbara"
1339206,1157294,"Colby Minifie",1,"Megan"
1339206,136295,"Neil Sandilands",2,"The Man"
1339206,103804,"Vaughn Armstrong",3,"Robert"
1339206,1792852,"Mia Ellis",4,"Nikki"
1339206,1163622,"Pete Ploszek",5,"Young Robert"
1339206,1367249,"Chelsea Alden",6,"Young Barbara"
1339206,1373625,"Riley Rose Critchlow",7,"Lacey"
1339206,1522303,"Lola Kelly",8,"Alexa"
1339206,4905567,"Alaina Pollack",9,"Young Megan"
1339206,4061835,"Judith Foster Thompson",10,"Lost Soul"
1339206,1542318,"Richard B. Larimore",11,"Lost Soul"
1339206,2000353,"Hal Perry",12,"Lost Soul"
1339206,4375543,"LeAnne Fuller",13,"Lost Soul"
1339206,6126367,"Sophia Konstantine Segal",14,"Lost Soul"
1090983,26996,"Patricia Heaton",0,"Sadie"
1090983,21246,"Corbin Bernsen",1,"Frank"
1090983,551462,"Katie Parker",2,"Harper"
1090983,1011107,"Emma Fitzpatrick",3,"Bette"
1090983,3907199,"Angela Baumgardner",4,"Carol"
1090983,3123230,"Sabreena Iman",5,"Lois"
1090983,3935972,"Thesa Loving",6,"Harriet"
1090983,3053802,"Hannah Reese",7,"The Beldham"
1288072,61134,"Tatiana Maslany",0,"Liz / The Mother / Baghead"
1288072,58014,"Rossif Sutherland",1,"Malcolm Westbridge"
1288072,110525,"Birkett Turton",2,"Darren"
1288072,5636839,"Eden Weiss",3,"Minka"
1288072,1281629,"Cassandra Ebner",4,"Baghead"
1288072,1947828,"Tess Degenstein",5,"Maggie / Baghead"
1288072,53718,"Erin Boyes",6,"Julia"
1288072,1578455,"Gina Vultaggio",7,"Francis"
1288072,3103477,"Claire Friesen",8,"Louise"
1288072,2590111,"Christin Park",9,"Leslie"
1288072,1591063,"Glen Gordon",10,"Teen Malcolm"
1288072,3070088,"Logan Pierce",11,"Teen Darren"
1288072,126223,"Dolores Drake",12,"Mrs. McCallum"
1288072,4131629,"Evelyn Burke",13,"Peasant Girl"
1288072,2347144,"Ella Wejr",14,"Peasant Girl"
1575535,3514938,"Natalia Solián",0,"Brenda"
1575535,1299682,"Hoze Meléndez",1,"Indigente"
1575535,3524227,"Guillermo Nava",2,"Guardia de Seguridad"
1575535,1413395,"Fernando Banda",3,"Aurelio"
1575535,6099742,"René Martínez",4,"Jaime"
1575535,3204931,"Juan Clemente Dávila Cueva",5,"Policía Ministerio Público"
1575535,6503625,"Dolores Espinoza",6,"Madre de Brenda"
1575535,3599596,"Isabella Arroyo",7,"Niña"
1367125,2480578,"Yune Nogueiras",0,"Kattalin"
1367125,1120111,"Ane Gabarain",1,"Beltra"
1367125,16980,"Elena Irureta",2,"Graxiana"
1367125,963468,"Iñake Irastorza",3,"Reme"
1367125,5703889,"Xabi «Jabato» López",4,"Pello"
1367125,2119149,"Manex Fuchs",5,"Mateo"
1367125,2120345,"Erika Olaizola",6,"Maritxu"
1367125,2480570,"Elena Uriz",7,"Estertxi"
1367125,5979104,"Jon Jauregui",8,"Antton"
1367125,1432485,"Laura Iturregi",9,"Eugenia"
1367125,2591011,"Elías García",10,"Gaueko / Inguma / Akerbeltz"
1286185,2963,"Nicolas Cage",0,"The Carpenter"
1286185,1590759,"Noah Jupe",1,"The Boy"
1286185,1503200,"FKA twigs",2,"The Mother"
1286185,1967058,"Isla Johnston",3,"The Stranger"
1286185,2037046,"Souheila Yacoub",4,"Lilith"
1286185,4362045,"Kaiti Manolidaki",5,"Leper Woman"
1286185,2137560,"Penelope Markopoulou",6,"Lilith's Mother"
1286185,2764942,"Orestis Paliadelis",7,"The Teacher"
1286185,1394200,"Elena Topalidou",8,"The Old Fiend"
1286185,1266210,"Manolis Mavromatakis",9,"The Shopkeeper"
1286185,5818573,"Thekla Gaiti",10,"Female Villager"
1286185,4362045,"Kaiti Manolidaki",11,"Old Leper Woman"
1375831,2140619,"Elizabeth Cullen",0,"Elise"
1375831,1382755,"John Harlan Kim",1,"Adam"
1375831,2188977,"Mia Challis",2,"Gwen"
1375831,217991,"Genevieve Mooy",3,"Alma"
1375831,1734102,"Robin Goldsworthy",4,"Hyrum"
1179684,1854,"Huub Stapel",0,"Eric Visser"
1179684,1486382,"Holly Mae Brood",1,"Tara Lee"
1179684,21451,"Tatum Dagelet",2,"Anneke Visser"
1179684,43720,"Bas Keijzer",3,"Jozef Visbeen"
1179684,1209121,"Ruben Brinkman",4,""
1179684,2462099,"Lesley Grant",5,"Jane"
1179684,45751,"Pierre Bokma",6,""
1179684,1620208,"Florence Vos Weeda",7,"Sandra"
1179684,4951011,"Julian Cruiming",8,"Getuige"
1179684,1059878,"Steef Cuijpers",9,"Mick van den Berg"
1179684,1198814,"Dunya Khayame",10,""
1179684,545365,"Mattijn Hartemink",11,""
1179684,1341006,"Tarik Moree",12,""
1179684,6108908,"Mark Baars",13,"Bezoeker terras"
1228246,27972,"Josh Hutcherson",0,"Mike"
1228246,2283930,"Piper Rubio",1,"Abby"
1228246,1368507,"Elizabeth Lail",2,"Vanessa"
1228246,26457,"Matthew Lillard",3,"William Afton / Yellow Rabbit"
1228246,1824301,"Freddy Carter",4,"Michael"
1228246,4201,"Wayne Knight",5,"Mr. Berg"
1228246,1172108,"Mckenna Grace",6,"Lisa"
1228246,4139771,"David Andrew Calvillo",7,"Rob"
1228246,1547148,"Teo Briones",8,"Alex"
1228246,5797963,"Audrey Lynn-Marie",9,"Charlotte"
1228246,2836634,"Miriam Spumpkin",10,"Young Vanessa"
1228246,1116011,"Han Soto",11,"Marcus"
1228246,3277483,"Grant Feely",12,"Blond Ghost Boy"
1228246,2716286,"Gavin Borders",13,"Daniel"
1228246,5335666,"Bentley Cooper",14,"Derek"
1465986,1595615,"Kelsey Pribilski",0,"Lynn Page"
1465986,2547272,"William Magnuson",1,"Lucas Page"
1465986,1155596,"John Gholson",2,"Reverend Endicott Carr"
1465986,1124629,"Brian Villalobos",3,"The Stranger"
1465986,1682408,"Nell Kessler",4,"Wendy Parker"
1465986,1194700,"Graham Skipper",5,"Winston Boon"
1465986,3311623,"Judy McMillan",6,"Abigail and Fernette Webber"
1465986,5480052,"Christine Hall",7,"Joelle Cantor"
1465986,1124624,"Akasha Villalobos",8,"Holly Page"
1465986,1335207,"Shane Brady",9,"Richard Page"
1465986,5480053,"Fox Manning",10,"Young Lucas Page"
1465986,5480054,"Kennedy Jo Wilson",11,"Young Lynn Page"
1465986,3817535,"Mia King",12,"Model"
1465986,931346,"Paul Gandersman",13,"Lunatic Influencer"
1465986,1129790,"Peter S. Hall",14,"911 Operator"
801937,1196041,"Rohan Campbell",0,"Billy Chapman"
801937,1602964,"Ruby Modine",1,"Pamela Sims"
801937,32751,"Mark Acheson",2,"Charlie (Shotgun Santa)"
801937,55616,"David Lawrence Brown",3,"Dean Sims"
801937,3893535,"David Tomlinson",4,"Max Benedict"
801937,5587152,"Logan Sawyer",5,"Young Billy"
801937,1303813,"Erik Athavale",6,"Geoffrey Chapman"
801937,1184361,"Rick Skene",7,"Elroy (The Snatcher)"
801937,1131844,"James Durham",8,"Harold"
801937,81239,"Sharon Bajer",9,"Delphine Anderson"
801937,4807136,"Tom Young",10,"George Vilmo"
801937,1878238,"Krystle Snow",11,"Tara Chapman"
801937,3882813,"Madeleine Cox",12,"Little Girl (Max Flashback)"
801937,1689718,"Ryan Padua",13,"Tommy"
801937,4488468,"Isla Verot",14,"Little Girl in Trailer"
798580,1890163,"Chris Cavalier",0,"Zach"
798580,3557640,"Veronica Jarvis",1,"Natalia"
798580,38559,"Christopher Lambert",2,"Christopher Lambert"
798580,2732154,"Kheba Touray",3,"Joe"
798580,3557643,"Matti Paalanen",4,"Jaakko"
798580,124869,"Iiro Panula",5,"Biff"
798580,3557641,"Katariina Juselius",6,"Sexy Nun #1"
798580,3557642,"Erika Helin",7,"Sexy Nun #2"
798580,4600,"Joe Dante",8,"Uncle John"
798580,10775,"William Daniels",9,"Kitt"
798580,2188990,"Betsy Stover",10,"Zach's Mom"
798580,3054510,"Noah Applebaum",11,"Zach's Dad"
798580,3564773,"Santeri Hänninen",12,"Biff's Gang #1"
798580,6312219,"Matti Koskimaa",13,"Biff's Gang #2"
798580,6312220,"Arman Schmid",14,"Biff's Gang #3"
1234731,70851,"Jack Black",0,"Doug McCallister"
1234731,22226,"Paul Rudd",1,"Ronald Griffin Jr."
1234731,18324,"Steve Zahn",2,"Kenny Trent"
1234731,9030,"Thandiwe Newton",3,"Claire Simons"
1234731,1784612,"Daniela Melchior",4,"Ana Almeida"
1234731,87341,"Selton Mello",5,"Santiago"
1234731,9778,"Ice Cube",6,"Ice Cube"
1234731,3126,"Ione Skye",7,"Malie"
1234731,129685,"Rui Ricardo Diaz",8,"João"
1234731,21722,"John Billingsley",9,"Jerry"
1234731,4078880,"Sebastian Sero",10,"Charlie"
1234731,5896952,"Diego Arnary",11,"Paulo"
1234731,5894376,"Dan Silveira",12,"Timo"
1234731,5896953,"Anna Francesca Armenia",13,"Bride"
1234731,1510004,"Jarred Blakiston",14,"Groom"
1510795,591995,"Carla Abellana",0,"Madre Clara (segment ""1775"")"
1510795,88940,"Richard Gutierrez",1,"Rosdan (segment ""2050"")"
1510795,2384291,"Ivana Alawi",2,"Edris (segment ""2050"")"
1510795,1117200,"Manilyn Reynes",3,"Malena (segment ""2050"" and ""2025"")"
1510795,1082061,"Janice de Belen",4,"Madre Juana (segment ""1775"")"
1510795,2175562,"Francine Diaz",5,"Faye (segment ""2025"")"
1510795,1942257,"Loisa Andalio",6,"Hermana Flor (segment ""1775"")"
1510795,2398496,"Seth Fedelin",7,"Sean (segment ""2025"")"
1510795,5258443,"Fyang Smith",8,"DJ Elle (segment ""2025"")"
1510795,5258444,"JM Ibarra",9,"James (segment ""2025"")"
1510795,4278180,"Dustin Yu",10,"Riel (segment ""2050"")"
1510795,2645595,"Karina Bautista",11,"Callie (segment ""2025"")"
1510795,1186653,"Arlene Muhlach",12,"Madre Josefa (segment ""1775"")"
1510795,1915618,"Ashley Ortega",13,"Hermana Salve (segment ""1775"")"
1510795,234554,"Ara Mina",14,"Madre Piedad (segment ""1775"")"
1340110,210126,"Michaela McManus",0,"Irene Kelly"
1340110,4909516,"Stella Marcus",1,"Mia"
1340110,1595506,"Jeremy Holm",2,"Neville"
1340110,1416383,"Jim Cummings",3,"Jonathan"
1340110,1590305,"Taylor Misiak",4,"Billie"
1340110,81462,"Dendrie Taylor",5,"Darla"
1340110,1236002,"Derick Alexander",6,"Cashier"
1340110,2578610,"Raphael Chestang",7,"Officer Connor"
1340110,168331,"Debra Christofferson",8,"Deb"
1340110,2182164,"Minita Gandhi",9,"Jennifer"
1340110,3167034,"London Garcia",10,"Hotel Clerk"
1340110,2412957,"Clinton Lowe",11,"Officer Dyson"
1340110,1838340,"Michael Manuel",12,"Travis"
1340110,2247361,"Remy Ortiz",13,"Manager Walton"
1340110,1699223,"Dan Perrault",14,"Officer Hurd"
1315303,1295282,"Johnny Sequoyah",0,"Lucy"
1315303,2600509,"Jessica Alexander",1,"Hannah"
1315303,1571661,"Troy Kotsur",2,"Adam"
1315303,4979358,"Victoria Wyant",3,"Kate"
1315303,3675179,"Gia Hunter",4,"Erin"
1315303,2745054,"Benjamin Cheng",5,"Nick"
1315303,4799831,"Charlie Mann",6,"Drew"
1315303,3645292,"Tienne Simon",7,"Brad"
1315303,2718121,"Miguel Hernando Torres Umba",8,"Ben"
1315303,4979364,"Amina Abdi",9,"Susan"
1315303,115151,"Robin Chalk",10,"Interpreter"
1315303,3552560,"Joe Abercrombie",11,"Book Publisher"
1315303,5922544,"Nick Romano",12,"Police Officer"
1315303,1243782,"Ben Pronsky",13,"Ben (voice) (uncredited)"
1315303,1091324,"Rob Delaney",14,"Doc Lambert (uncredited)"
1198984,1315036,"Daisy Ridley",0,"Ava"
1198984,1017347,"Brenton Thwaites",1,"Clay"
1198984,1323881,"Mark Coles Smith",2,"Riley"
1198984,1046893,"Matt Whelan",3,"Mitch"
1198984,1445943,"Chloe Hurst",4,"Katie Harris"
1198984,999445,"Kym Jackson",5,"Lt. Wilkie"
1198984,3228904,"Holly Hargreaves",6,"Mrs. Smith"
1198984,3853673,"Deanna Cooney",7,"Bianca"
1198984,4214295,"Elijah Williams",8,"Greg"
1198984,1861547,"Salme Geransar",9,"Private Clarkson"
1198984,3479029,"Luke Jai  McIntosh",10,"Cadet"
1198984,1509682,"Joel Jackson",11,"Anxious Bus Volunteer"
1198984,1216377,"Dan Paris",12,"Captain Vance"
1198984,216792,"Nicola Bartlett",13,"Woman on Plane"
1198984,15343,"Kim Fleming",14,"Briefing Colonel"
1454741,212429,"Italia Ricci",0,"Naomi Riley"
1454741,41464,"Scott Mechlowicz",1,"Grayson Phillips"
1454741,2554513,"Zachary Golinger",2,"Dylan Riley"
1454741,1411625,"Terence Rosemore",3,"Harling Guidry"
1454741,1213245,"Justin Matthew Smith",4,"The Piper"
1454741,1497461,"Allie McCulloch",5,"Luellen"
1454741,1591104,"Ron Fallica",6,"Evan"
1454741,1763910,"Jay DeVon Johnson",7,"Detective Armas"
1454741,1694113,"Troy Rudeseal",8,"Principal Hodges"
1454741,1757329,"Vince Eisenson",9,"The Skinny Man"
1454741,3976780,"Craig Kolkebeck",10,"Arthur Riley"
1454741,2912654,"Fleming Moore",11,"Royce Cobb"
1454741,3760555,"Keeley Kollmann",12,"Possessed Adult (uncredited)"
1022453,237045,"Prabhas",0,"Raju / Rajasaab"
1022453,85881,"Sanjay Dutt",1,"Pekamedala Kanakaraju"
1022453,94567,"Zarina Wahab",2,"Gangamma"
1022453,1830991,"Nidhhi Agerwal",3,"Bessy"
1022453,1289455,"Malavika Mohanan",4,"Bhairavi"
1022453,1641604,"Riddhi Kumar",5,"Anitha"
1022453,35779,"Boman Irani",6,"Dr. Padmabhushan"
1022453,585397,"Samuthirakani",7,"Ganagaraju"
1022453,565865,"VTV Ganesh",8,"Mangalam Babai"
1022453,1412713,"Saptagiri",9,"Bessy's Aide"
1022453,213431,"Supreet",10,"Thief"
1022453,1751759,"Prabhas Sreenu",11,"Autodriver Seenu"
1022453,1361991,"Anandhi",12,"Lady at Carnival (Cameo)"
1022453,2336847,"Ammu Abhirami",13,"Young Ganga Devi"
1022453,1638503,"Satya",14,"Warden"
1610418,3270848,"Logan Wallace",0,"Amy"
1610418,4341284,"Andrew Thomas",1,"Tony"
1610418,3206199,"Stuart Maxheimer",2,"Bradley"
1610418,5320568,"Cashmere Moniqué",3,"Kate"
1610418,3206202,"Dylan DeVane",4,"Dylan"
1610418,3206201,"Brent Downs",5,"Cop 1"
1610418,4144829,"Austin J. Rhodes",6,"Cop 2"
1610418,2932735,"Kellan Rudnicki",7,"Moe"
1610418,5947764,"Shaelyn Clark",8,"Hostage Ghost"
1610418,5947766,"Emily Thorton",9,"Barrel Ghost"
1610418,5855140,"Kristi Tavolacci",10,"Torture Victim"
1610418,5947770,"Jordan Patterson",11,"Ghost 3"
1212461,1748300,"Albert Birney",0,"Conor / Ixaroth"
1212461,6015042,"Dorothy the Dog",1,"Sandy"
1212461,1486488,"Callie Hernandez",2,"Mary"
1212461,3028002,"Paisley Isaacs",3,"Mom"
1212461,1162439,"Frank Mosley",4,"Victor"
1212461,2895795,"Tyler Davis",5,"Knight / Nightmare Man / Ixaroth"
1212461,4435424,"Paul Oh",6,"Cicada Soldier"
1212461,5217453,"Gloria Probably",7,"Woman in Field"
1212461,4587054,"Nate Krimmel",8,"Man in Field"
1212461,1763334,"Nicholas Gurewitch",9,"Voice of Ixaroth (voice)"
1272837,5469,"Ralph Fiennes",0,"Dr. Kelson"
1272837,5107934,"Alfie Williams",1,"Spike"
1272837,85065,"Jack O'Connell",2,"Sir Jimmy Crystal"
1272837,1672504,"Erin Kellyman",3,"Jimmy Ink"
1272837,1344320,"Chi Lewis-Parry",4,"Samson"
1272837,5518922,"Connor Newall",5,"Jimmy Shite"
1272837,5514148,"Maura Bird",6,"Jimmy Jones"
1272837,3916722,"Ghazi Al Ruffai",7,"Jimmy Snake"
1272837,4502181,"Robert Rhodes",8,"Jimmy Jimmy"
1272837,2290611,"Emma Laird",9,"Jimmima"
1272837,5512256,"Sam Locke",10,"Jimmy Fox"
1272837,5191218,"Gareth Locke",11,"Hunter"
1272837,3122023,"Celi Crossland",12,"Pregnant Infected"
1272837,2517398,"Mirren Mack",13,"Cathy"
1272837,563560,"Gordon Alexander",14,"Jonno"
862739,4729742,"Dolores Oliverio",0,"Natalia"
862739,1488707,"Fernanda Echevarría del Rivero",1,"Silvia"
862739,967362,"Luisa Merelas",2,"Rita"
862739,5197843,"Isabel Bracamonte",3,"Josefina"
862739,4742275,"Candela Flores",4,"Mariela"
862739,4742274,"Agustín Sosa",5,"Diego"
862739,1659287,"Dady Brieva",6,"Gerardo"
862739,6103557,"Maicol Orihuela",7,"Kechu"
862739,4018082,"Víctor López",8,"Linyera"
862739,6103556,"Marcelo Antonio Diaz",9,"Juancho"
862739,1859061,"Alejandra Peralta Ramos",10,"Dona Ianopulos"
862739,6173291,"Pablo Díaz",11,"Tío Alcides"
862739,3978307,"Facundo Baldor",12,"Marco"
862739,6103565,"Matheo Falbo",13,"Pibe de puente"
862739,6173292,"Daniel Posadas",14,"Don Antonio"
1412598,1279279,"Virginia Gardner",0,"Maddie"
1412598,2637828,"Mel Jarnson",1,"Trish"
1412598,1421393,"Mitchell Hope",2,"Josh"
1412598,2387468,"Isaac Crawley",3,"Chad"
1412598,4066265,"Scott James George",4,"Hooded Man"
1412598,1250583,"Luke Cunningham",5,"Waiter"
1412598,4001408,"Anna Yen",6,"Market Lady"
1412598,1205489,"Shinji Ikefuji",7,"Cleaner"
1412598,2896645,"Ron Smyck",8,"Security Guard"
1412598,3510707,"Aliandra Calabrese",9,"Chelsea"
1412598,3851625,"Mia Grunwald",10,"Dana"
1412598,5512550,"Nina Seijbel",11,"Searsh & Rescue"
1412598,1407316,"Mike Goldman",12,"Orca World Announcer"
1323625,1488960,"Jermaine Fowler",0,"Xavier Carr"
1323625,15033,"Justin Long",1,"Ethan Hawkins"
1323625,1394670,"RJ Cyler",2,"Wazi Carr"
1323625,2867306,"Freddie Gibbs",3,"Bornelius"
1323625,565430,"Phil Brooks",4,"Deputy"
1323625,20212,"Dermot Mulroney",5,"Sarge"
1323625,1282495,"YG",6,"Tripp"
1323625,81725,"Nicki Micheaux",7,"Ayanda"
1323625,1056739,"Flying Lotus",8,"Three Deuce"
1323625,1836190,"Jon Oswald",9,"Rivette"
1323625,2091809,"Mike Ferguson",10,"Tommy Hood"
1323625,1367105,"Evan Shafran",11,""
1323625,1545710,"Zuri Reed",12,"Primo"
1323625,1252472,"Kim Yarbrough",13,"Mrs. Davis"
1323625,1179424,"Nick Gillie",14,"Captain Freeman"
1193501,1464650,"Dafne Keen",0,"Chrys Willet"
1193501,1008607,"Sophie Nélisse",1,"Ellie Gains"
1193501,2388828,"Sky Yang",2,"Rel Taylor"
1193501,1993743,"Jhaleil Swaby",3,"Dean Jackson"
1193501,117995,"Alissa Skovbye",4,"Grace Browning"
1193501,1477961,"Percy Hynes White",5,"Noah Haggerty"
1193501,20057,"Michelle Fairley",6,"Ivy Raymore"
1193501,11109,"Nick Frost",7,"Mr. Craven"
1193501,2184164,"Mika Amonsen",8,"Tanner Church"
1193501,2573266,"Stephen Kalyn",9,"Mason ""Horse"" Raymore"
1193501,43263,"Conrad Coates",10,"Clayton Jackson"
1193501,164433,"Lanette Ware",11,"Maya Jackson"
1193501,1849356,"Christine Sahely",12,"Principal Flynn"
1193501,4221287,"Dina Pino",13,"Esme Raymore"
1193501,1354722,"Izaak Smith",14,"Pellington Coach"
680493,225692,"Jeremy Irvine",0,"James Sunderland"
680493,1685904,"Hannah Emily Anderson",1,"Mary Crane  / Angela / Maria / Moth Mary"
680493,5959949,"Ljiljana Velimirov",2,"Armless"
680493,5732918,"Giulia Pelagatti",3,"Armless / Spider Lady"
680493,3131371,"Evie Templeton",4,"Laura"
680493,1675328,"Robert Strange",5,"Pyramid Head"
680493,2438347,"Pearse Egan",6,"Eddie"
680493,2486314,"Nicola Alexis",7,"M"
680493,1092908,"Eve Macklin",8,"Kaitlyn"
680493,2021091,"Emily Carding",9,"Dara"
680493,5732923,"Lara Duru",10,"Meyers Twin"
680493,5732931,"Karya Duru",11,"Meyers Twin"
680493,86049,"Alana Maria",12,"Mitzy"
680493,2747702,"Howard Saddler",13,"Cal"
680493,1770260,"Martine Richards",14,"Claudette"
1534530,5643967,"Ana Clara Guanco",0,"Lucía"
1534530,2480553,"Marcelo Michinaux",1,"Adrián"
1534530,79291,"Luciano Cáceres",2,"Víctor"
1534530,548834,"Horacio Camandulle",3,"Miura"
1534530,4156678,"Rasjid César",4,"Camuflado"
1534530,6438871,"Luana Bovino",5,"Cautiva"
1534530,6438875,"Gonzalo Durante",6,"Marrón"
1534530,5393869,"Soledad Lacassy",7,"Policia"
1534530,5356887,"Eytan Lasca",8,"Hombre Mayor"
1534530,6438878,"Joro Gorfain",9,"Betun"
1534530,6438881,"Valentina Maly",10,"Cautiva"
1534530,6438882,"Ivan Rezk",11,"Gris"
1534530,6438884,"Lucía Paulo",12,"Cautiva Corte Cara"
1534530,6438885,"Fernando Canto",13,"Policia"
1534530,6438886,"Machu Gutiérrez",14,"Musgrrrro"
1198994,53714,"Rachel McAdams",0,"Linda Liddle"
1198994,527393,"Dylan O'Brien",1,"Bradley Preston"
1198994,4477127,"Edyll Ismail",2,"Zuri"
1198994,109438,"Xavier Samuel",3,"Donovan"
1198994,352,"Dennis Haysbert",4,"Franklin"
1198994,145248,"Chris Pang",5,"Chase"
1198994,1743358,"Thaneth Warakulnukroh",6,"Boat Captain"
1198994,1446431,"Emma Raimi",7,"River"
1198994,1485593,"Kristy Best",8,"Polly Perera"
1198994,2300917,"Francesca Waters",9,"Barbara"
1198994,5981610,"Olivia Sawyer",10,"Applicant"
1198994,5406321,"Brad Flett",11,"Trainer"
1198994,5981609,"Nana Miya",12,"Flight Attendant"
1198994,5981605,"Anuwat Pornladawong",13,"Caretaker #1"
1198994,5981606,"Benjawan Teawsomboonkit",14,"Caretaker #2"
696393,1335315,"Georgina Campbell",0,"Naomi"
696393,1467219,"Joe Keery",1,"Teacake"
696393,1396124,"Sosie Bacon",2,"Dr. Hero Martins"
696393,13333,"Vanessa Redgrave",3,"Mary Rooney"
696393,72305,"Lesley Manville",4,"Trini Romano"
696393,3896,"Liam Neeson",5,"Robert Quinn"
696393,3901,"Richard Brake",6,"Wesley Jerabek"
696393,1624770,"Aaron Heffernan",7,"Mike Snyder"
696393,1457454,"Ellora Torchia",8,"Abigail"
696393,1636490,"Rob Collins",9,"Enos Namatjira"
696393,25657,"Justin Salinger",10,"Dr. Friedman"
696393,2085743,"Gavin Spokes",11,"Griffin"
696393,202760,"Andrew Brooke",12,"Ironhead"
696393,186396,"Darrell D'Silva",13,"The Rev"
696393,1977048,"Lujza Richter",14,"Garbage"
1339173,1199952,"Grace Glowicki",0,"Diana"
1339173,1570400,"Ben Petrie",1,"Homer"
1339173,11355,"Jason Isaacs",2,"Joseph"
1339173,71083,"Kate Dickie",3,"Farah"
1339173,2320,"Julian Richings",4,"Delwyn"
1339173,1772661,"Jesse LaVercombe",5,"Mr Wallace"
1339173,2714666,"Sarah Kolasky",6,"Mrs Wallace"
1339173,1672505,"India Brown",7,"Josephina"
1339173,5327423,"Ahmed Moneka",8,"Nurse Otis"
1339173,1313522,"Cynthia Ashperger",9,"Nurse Sylvie"
1339173,59616,"Patricia Tulasne",10,"Dr Tréphine"
1339173,588382,"Lina Roessler",11,"Nurse Patsy"
1339173,3278190,"Kyisha Williams",12,"Technician Jody"
1339173,1481021,"Jimi Shlag",13,"Technician Teddy"
1339173,4450247,"Mark MacDonald",14,"Invalid"
1340076,21593,"Jason Biggs",0,"Kevin Stanwell"
1340076,303020,"Meaghan Rath",1,"Suzie Stone"
1340076,1489288,"Anna Konkle",2,"Heather"
1340076,1442976,"Justin H. Min",3,"Stu Cho"
1340076,1457999,"Arturo Castro",4,"Ernie Guerra"
1340076,2668878,"Chris Young",5,"Victor"
1340076,2832328,"René Escobar Jr.",6,"Oscar"
1340076,2953782,"Steven Vlahos",7,"Murphy"
1340076,2782118,"Tianna SwamiNathan",8,"Young Suzie"
1340076,5941,"Neil Crone",9,"Terry"
1340076,1447892,"Kevin Hoffman",10,"Husband"
1340076,3956759,"Austen Alexander",11,"Officer Ritchie"
1340076,76528,"Tony Nappo",12,"Mutton Chop"
1340076,1147391,"Carrie Schiffler",13,"Wife"
1340076,5889,"Nicky Guadagni",14,"Mrs. Valentino"
1249508,157412,"Charles Esten",0,"Gary Bunney"
1249508,18041,"Oded Fehr",1,"Dr. John Lindberg"
1249508,1469128,"Brec Bassinger",2,"Julie Helgeson"
1249508,1194140,"Joel Johnstone",3,"Father Connolly"
1249508,1906728,"Lauren Call",4,"Joan Devereaux"
1249508,1277364,"Jack Griffo",5,"Raymond Noseck"
1249508,62816,"Josh Zuckerman",6,"Robert Klein"
1249508,570775,"Matt Lintz",7,"Roy Ducat"
1249508,117995,"Alissa Skovbye",8,"Michele Koons"
1249508,1891226,"Sohm Kapila",9,"Ann Lindberg"
1249508,2115724,"Laura Schein",10,"Janet Klein"
1249508,1670808,"Skyler Bible",11,"Steve Pierre"
1249508,1998483,"Michael Vlamis",12,"Leonard Landa"
1249508,1470874,"Brandon Ray Olive",13,"Tom Walton"
1249508,4554543,"Mateo Pollock",14,"Don Gullett"
1116201,1494060,"Mark Fischbach",0,"Simon"
1116201,2602912,"Caroline Kaplan",1,"Ava"
1116201,963818,"Troy Baker",2,"David"
1116201,2444615,"Elsie Lovelock",3,"SM-8 Research Lead / The Speaker (voice)"
1116201,1042667,"Elle LaMont",4,"SM-8 Research Assistant / The Whisper (voice)"
1116201,1298793,"Mick Lauer",5,"The Guy Who Told You to Cross the Wires (voice)"
1116201,1243018,"Dave Pettitt",6,"The Father"
1116201,963313,"Holt Boggs",7,"Eden Soldier"
1116201,5972532,"Isaac McKee",8,"Young Simon"
1116201,4692741,"Roman Parsons Crow",9,"Child of Eden"
1116201,4692742,"River Van Coleman Crow",10,"Child of Eden"
1116201,4692740,"Townes Blaine Crow",11,"Child of Eden"
1116201,3684746,"Asher Wagh",12,"Child of Eden"
1116201,5577800,"Kazuki Jalal",13,"Child of Eden"
1116201,2920152,"Alanah Pearce",14,"A Familiar Voice (voice)"
1010755,1592855,"Madelaine Petsch",0,"Maya"
1010755,3901,"Richard Brake",1,"Sheriff Rotter"
1010755,1921268,"Ema Horvath",2,"Shelly / Pinup"
1010755,222122,"Gabriel Basso",3,"Gregory / Scarecrow"
1010755,3188261,"Pedro Leandro",4,"Deputy Walters"
1010755,1076119,"Rachel Shenton",5,"Debbie"
1010755,1622199,"George Young",6,"Howard"
1010755,1144353,"Kyle Breitkopf",7,"Teenage Gregory / Scarecrow"
1010755,5996169,"Finn Cofell",8,"Teenage Pinup"
1010755,1278601,"Stevee Davies",9,"Dougie"
1010755,2997200,"Hannah Galway",10,"Claire"
1010755,2615696,"Sara Freedland",11,"Annie"
1010755,3334647,"Dani Klupsch",12,"Carrie"
1010755,3250136,"Ella Bruccoleri",13,"Jasmine"
1010755,1003061,"Krystal Ellsworth",14,"Dollface"
1373198,938,"Djimon Hounsou",0,"Dr. Kezian"
1373198,1882502,"Lauren LaVera",1,"Paloma"
1373198,2862021,"Mia Healey",2,"Smith"
1373198,2203,"Neal McDonough",3,"Bradshaw"
1373198,3128,"Alicia Witt",4,"Rebecca"
1373198,56356,"Gina Philips",5,"Warricker"
1373198,5098850,"Prof",6,"Crace"
1373198,118076,"David Call",7,"Tad"
1373198,205575,"Michael Lombardi",8,"Greg"
1373198,1927971,"Renes Rivera",9,"Lenny"
1373198,4297172,"Victor Del Rio",10,"Zac"
1373198,2476119,"Zac Jaffee",11,"Middle Aged Guy"
1373198,3109875,"Cedric Benjamin",12,"NYPD Officer"
1373198,2861449,"Hari Bhaskar",13,"Young Surgeon"
1373198,1479747,"Melanie Gaydos",14,"Club Dancer"
1110034,1904884,"Sara Khorami",0,"Johanne"
1110034,234783,"Mikkel Bratt Silset",1,"Erik"
1110034,1475929,"Ingvild Holthe Bygdnes",2,"Henriette"
1110034,2302835,"Øyvind Brandtzæg",3,"Avaldsnes"
1110034,3573975,"Jenny Evensen",4,"Maria"
1110034,1887978,"Steinar Klouman Hallert",5,"Cato"
1110034,3613559,"Filip Bargee Ramberg",6,"Hallvard"
1110034,2584408,"Jon Erik Myre",7,"Georg"
1110034,142000,"Hans Morten Hansen",8,"Olav"
1110034,3925856,"Magnús Blöndal Jóhannsson",9,"Preben"
1110034,3835093,"Jon Kennedy Dushime Niyokindi",10,"Tommy"
1110034,563063,"Silje Breivik",11,"Vigdis"
1110034,114737,"Anderz Eide",12,"Kayakinstruktør"
1110034,2483958,"Tor Christian Bleikli",13,"Ribtur-arrangør"
1110034,222735,"Jon Bleiklie Devik",14,"Johannes sjef"
1470130,1223171,"Willa Holland",0,"Rebecca Owens"
1470130,167564,"Paul Sparks",1,"Raymond Delver"
1470130,1391986,"John Adams",2,"Ben"
1470130,1052211,"Mark Steger",3,"The Mimic"
1470130,1922891,"Shelly Gibson",4,"Grandma"
1470130,2536479,"Emily Bennett",5,"Vallery"
1470130,210346,"Keena Ferguson",6,"Kelly"
1180894,16971,"Maribel Verdú",0,""
1180894,3925017,"Sofía Otero",1,"Lucía"
1180894,94214,"Erik Probanza",2,""
1180894,1760905,"Urko Olazábal",3,""
1180894,1347585,"Marcelo Galván",4,""
1180894,5808098,"Ibai Atanes",5,""
1180894,970993,"Zorion Eguileor",6,""
1180894,1456451,"Sandra Ferrús",7,""
1428990,542870,"Olivia Holt",0,"Sloane"
1428990,1798797,"Froy Gutierrez",1,"Rhys"
1428990,1857464,"Carson MacCormac",2,"Trace"
1428990,2710310,"Corteon Moore",3,"Cary"
1428990,2607400,"Chloe Avakian",4,"Grace"
1428990,432040,"Luke Macfarlane",5,"Mr. Baxter"
1428990,43257,"Krista Bridges",6,"Mrs. Casper"
1428990,2136722,"Joelle Farrow",7,"Lilly"
1428990,64612,"Jeff Roop",8,"Sloane’s Dad"
1428990,5940423,"Perez Tieku",9,"Man on Megaphone"
1428990,34434,"Missy Peregrym",10,"Woman’s Voice Recording (voice)"
1242937,1001657,"Sophie Turner",0,"Anne"
1242937,239019,"Kit Harington",1,"Jago"
1242937,4726,"Marcia Gay Harden",2,"Morwen"
1242937,1699967,"Laurence O'Fuarain",3,"Seamus"
1242937,1270111,"Jonathan Howard",4,"Brother Penros"
1242937,6018713,"Catherine McDonough",5,"Narrator"
1242937,6021510,"Zachary Cohen",6,"Young Jago"
1242937,6021511,"Isidro-Lucking Dylan",7,"Young shipwreck sailor"
1242937,6021512,"Nik Harber",8,"Older shipwreck sailor"
1242937,6021514,"Jürgen Koenen",9,"Merchant"
1242937,6021515,"Tigerlily Langford",10,"Young Anne"
1242937,4296708,"Huxley Sheppard",11,"Young Seamus"
1107166,1335315,"Georgina Campbell",0,"Jane Archer"
1107166,1084758,"James Preston Rogers",1,"Psycho Killer"
1107166,56890,"Malcolm McDowell",2,"Mr. Pendleton"
1107166,116088,"Logan Miller",3,"Marvin"
1107166,1554188,"Grace Dove",4,"Agent Becky Collins"
1107166,1717122,"Aaron Merke",5,"Leonard Wilkes"
1107166,4655605,"Joshua Banman",6,"Motorist"
1107166,1281629,"Cassandra Ebner",7,"Motorist's Wife"
1107166,2146582,"Darren Martens",8,"Mitch-Three Mile Island Gate Guard"
1107166,2925864,"Sydney Sabiston",9,"Female Pharmacist"
1107166,1024628,"Nigel Shawn Williams",10,"Jane's Father"
1107166,1718106,"Terry Ray",11,"Man 1 at Pendleton's"
1107166,4208522,"Coby Friesen",12,"Man 2 at Pendleton's"
1107166,5877519,"Bailey Chin",13,"Prostitute 1 at Pendleton's"
1107166,3291947,"Michelle Crossman",14,"Prostitute 2 at Pendleton's"
1159559,9206,"Neve Campbell",0,"Sidney Evans"
1159559,14405,"Courteney Cox",1,"Gale Weathers"
1159559,1972974,"Isabel May",2,"Tatum Evans"
1159559,1508653,"Jasmin Savoy Brown",3,"Mindy Meeks-Martin"
1159559,2174509,"Mason Gooding",4,"Chad Meeks-Martin"
1159559,51957,"Roger L. Jackson",5,"'The Voice' (voice)"
1159559,221098,"Anna Camp",6,"Jessica Bowden"
1159559,74949,"Joel McHale",7,"Mark Evans"
1159559,1972881,"Celeste O'Connor",8,"Chloe Parker"
1159559,3132260,"Sam Rechner",9,"Ben Brown"
1159559,2659895,"Asa Germann",10,"Lucas Bowden"
1159559,1172108,"Mckenna Grace",11,"Hannah Thurman"
1159559,26457,"Matthew Lillard",12,"Stu Macher"
1159559,1755239,"Kraig Dane",13,"Karl Gibbs"
1159559,58019,"Ethan Embry",14,"Marco"
1159831,1498158,"Jessie Buckley",0,"Ida / The Bride / Mary Shelley"
1159831,3894,"Christian Bale",1,"Frank"
1159831,133,"Peter Sarsgaard",2,"Jake Wiles"
1159831,37154,"John Magaro",3,"Clyde"
1159831,124377,"Jeannie Berlin",4,"Greta"
1159831,516,"Annette Bening",5,"Dr. Euphronious"
1159831,131,"Jake Gyllenhaal",6,"Ronnie Reed"
1159831,955,"Penélope Cruz",7,"Myrna Malloy"
1159831,31960,"Zlatko Burić",8,"Lupino"
1159831,163731,"Louis Cancelmi",9,"Officer Goodman"
1159831,143240,"Julianne Hough",10,"Iris / Jinx"
1159831,1232599,"Matthew Maher",11,"James"
1159831,1872610,"Massiel Mordan",12,"Mable"
1159831,6121695,"Anthony Abbato",13,"Resturant Man #1"
1159831,2653757,"Neil Vincent Smith",14,"Restaurant Man #2"
1381027,2430575,"Anson Boon",0,"Tommy"
1381027,1115,"Stephen Graham",1,"Chris"
1381027,127558,"Andrea Riseborough",2,"Kathryn"
1381027,3313929,"Kit Rakusen",3,"Jonathan"
1381027,2309371,"Monika Frajczyk",4,"Rina"
1381027,2036954,"Savannah Steyn",5,"Gabby"
1381027,3976344,"Mila Jankowska",6,"Lindsay"
1381027,2435169,"Callum Booth-Ford",7,"Ste"
1381027,2121127,"Noah Valentine",8,"Jack"
1381027,3378836,"Noah Manzoor",9,"Mikey"
1381027,3764443,"Maciej Stępniak",10,"Klement"
1381027,6041652,"Jessica Johnson",11,"Police Officer"
1381027,3286992,"Austin Haynes",12,"Young Boy"
1381027,1551112,"Helena Calvert",13,"Helen"
1381027,4462006,"Jessica Polak",14,""
1572073,3806541,"Elliott Eason",0,"Tyler"
1572073,5786236,"Sophia Carroll",1,"Mira"
1572073,5786237,"Eleanor Mackenzie",2,"Laura"
1572073,5816824,"Anastasia Nikolaeva",3,"Bri"
1572073,5786234,"Maddy Baskerville",4,"Rose"
1572073,5786238,"Sasha Van Reenen",5,"Casey"
1572073,4282811,"Cameron Uzoka",6,"Will"
1572073,5246407,"Christian Ndonda",7,"Jordan"
1572073,5263290,"Tristan Reynolds",8,"Officer Cowley"
1572073,3496773,"Ray Redmond",9,"News Reporter"
1432706,1592155,"Emmanuelle Lussier Martinez",0,"Julia"
1432706,1233026,"Bill Rowat",1,"Randall"
1432706,131336,"Mark Antony Krupa",2,"Father Thierry"
1432706,1091868,"Dawn Ford",3,"Evelyn"
1309083,3420298,"Max Lindsey",0,"Dolly"
1309083,576223,"Fabianne Therese",1,"Macy"
1309083,57599,"Seann William Scott",2,"Chase"
1309083,824,"Ethan Suplee",3,"Tobe"
1309083,2646693,"Russ Tiller",4,"Billy"
1309083,2270651,"Michalina Scorzelli",5,"Aunt Sadie"
1309083,1182729,"Kate Cobb",6,"Rachel"
1510745,1476624,"Jaime M. Callica",0,"Officer Jackson"
1510745,169747,"Sean Rogerson",1,"Officer Bryce"
1510745,77622,"Catherine Lough Haggquist",2,"Ally Jackson"
1510745,3536923,"Angel Prater",3,"Esposito"
1510745,42710,"Keegan Connor Tracy",4,"The Mother"
1510745,1836169,"Chris Casson",5,"The Father"
1510745,4918096,"Elizabeth Longshaw",6,"Michelle"
1510745,3949787,"Colette Nwachi",7,"Neisha"
1510745,1193887,"Joe Perry",8,"Tommy"
1510745,6050654,"Onyx Shelton",9,"Customer"
1510745,1183795,"Kevin Doree",10,"Cashier"
1480387,1603514,"Nina Kiri",0,"Evy"
1480387,936932,"Adam DiMarco",1,"Justin (voice)"
1480387,1239352,"Michèle Duquet",2,"Mama"
1480387,2137834,"Keana Bastidas",3,"Jessa (voice)"
1480387,1793739,"Jeff Yung",4,"Mike (voice)"
1480387,1807962,"Ryan Turner",5,"Darren (voice)"
1480387,1359997,"Ari Millen",6,"Dr. Ram (voice)"
1480387,5962452,"Marisol D’Andrea",7,"Nurse (voice)"
1480387,5962453,"Austin Tuason",8,"Caller 1 (voice)"
1480387,5715011,"Seled Calderon",9,"Caller 2 (voice)"
1480387,4321019,"Bianca Nugara",10,"Caller 3 (voice)"
1480387,4281873,"Jayda Woods",11,"Caller 4 (voice)"
1480387,2019445,"Sarah Beaudin",12,"Abby (Caller 5) (voice)"
1480387,1795957,"Christina Notto",13,"Meditation Voice (voice)"
1297446,1714809,"Shirley Chen",0,"Joan Huang"
1297446,1172108,"Mckenna Grace",1,"Jo Hunt"
1297446,3695371,"Amelie Zilber",2,"Olivia Hammond"
1297446,69033,"Vivian Wu",3,"Sofia Huang"
1297446,2602879,"Maitreyi Ramakrishnan",4,"Brindha"
1297446,2394925,"Fang Du",5,"Roger Huang"
1297446,6252693,"Nicholas Myers",6,"Nash"
1297446,141191,"R. Keith Harris",7,"Willie Singer"
1297446,3645646,"Kristen Cui",8,"Young Joan"
1297446,2987140,"Sarah Kopkin",9,"Greta"
1297446,1535243,"Callie McClincy",10,"Cat"
1297446,55422,"Elaine Hendrix",11,"Harmony"
1297446,2232661,"Jonathan D. Williams",12,"Hank"
1297446,3315571,"Katy Wilson",13,"Nancy"
1297446,1922104,"David Alexander",14,"Clarksville HS Vice Principal"
1084187,1483976,"Maddie Ziegler",0,"Bones"
1084187,1452046,"Lana Condor",1,"Princess"
1084187,963429,"Iris Apatow",2,"Zoe"
1084187,1815539,"Millicent Simmonds",3,"Chloe"
1084187,2749024,"Avantika",4,"Grace"
1084187,8445,"Michael Culkin",5,"Lothar Marcovic"
1084187,82807,"Lydia Leonard",6,"Miss Thorna"
1084187,139,"Uma Thurman",7,"Devora Kasimer"
1084187,2069533,"Tamás Hagyó",8,"Bus Driver"
1084187,4617051,"Julian Krenn",9,"Yuri"
1084187,2791432,"Miklós Béres",10,"Osip"
1084187,2543432,"Péter Végh",11,"Amir"
1084187,1116027,"Adam Boncz",12,"Zolly"
1084187,2503035,"Krisztián Csákvári",13,"Artyom"
1084187,1293988,"Kate Freund",14,"Sona"
1646950,3107179,"Kaitlyn Lunardi",0,"Abby"
1646950,2730819,"Cedric Gegel",1,"Steve"
1646950,2502875,"Chris Cimperman",2,"Kyle"
1646950,2430984,"Grant Schumacher",3,"Jason"
1646950,4000615,"Leah Eckardt",4,"Paige"
1646950,1411925,"LeJon Woods",5,"Adam"
1639398,1831843,"Adriana Llabrés",0,"Nora"
1639398,1299682,"Hoze Meléndez",1,"Ariel"
1639398,947768,"Andrés Almeida",2,"Eder"
1639398,52746,"Horacio García Rojas",3,"Ramírez"
1639398,1731102,"Ruth Ramos",4,"Celeste"
1639398,1238952,"Nailea Norvind",5,"Hedra"
1639398,1301522,"Gerardo Trejoluna",6,"Melesio"
1639398,1309506,"Myriam Bravo",7,"Julieta"
1639398,6065406,"Ana Rivero",8,"Irene"
1639398,1549908,"Andrés Delgado",9,"Rafa"
1639398,1633212,"Sara Juárez",10,"Romina"
1639398,3991137,"Aaron Aguilar",11,"Ricardo"
1639398,2537953,"Minerva Velasco",12,"Maestra"
1266127,1372369,"Samara Weaving",0,"Grace MacCaullay"
1266127,221192,"Kathryn Newton",1,"Faith MacCaullay"
1266127,11863,"Sarah Michelle Gellar",2,"Ursula Danforth"
1266127,52647,"Shawn Hatosy",3,"Titus Danforth"
1266127,21316,"Nestor Carbonell",4,"Ignacio El Caido"
1266127,224,"David Cronenberg",5,"Chester Danforth"
1266127,109,"Elijah Wood",6,"The Lawyer"
1266127,79072,"Kevin Durand",7,"Bill Wilkinson"
1266127,86764,"Olivia Cheng",8,"Wan Chen Xing"
1266127,1741000,"Varun Saranga",9,"Madhu Rajan"
1266127,1166834,"Dan Beirne",10,"Kip Danforth"
1266127,4073133,"Antony Hall",11,"Wan Cheng Fu"
1266127,1177319,"Nadeem Umar-Khitab",12,"Viraj Rajan"
1266127,1632661,"Masa Lizdek",13,"Martina Rajan"
1266127,2418130,"Maia Jae",14,"Francesca El Caído"
999136,1688664,"Francesca Reale",0,"Cora"
999136,1504947,"Nicholas Hamilton",1,"Tod"
999136,2168270,"Adeline Rudolph",2,"Diane"
999136,1300650,"Jake Manley",3,"Rick"
999136,1684130,"Shane Paul McGhie",4,"Vernon"
999136,111090,"Javier Botet",5,"Pale Creature"
999136,1699967,"Laurence O'Fuarain",6,"Balenger"
999136,1590221,"Brennan Keel Cook",7,"Mack"
999136,79498,"Kai Caster",8,"JD"
999136,5988918,"Cat Shank",9,"Beth"
999136,6085780,"Svilena Nikolova",10,"Amanda"
1400763,999817,"Olivia Taylor Dudley",0,"Joey"
1400763,17441,"Lou Taylor Pucci",1,"Brian"
1400763,222143,"Jordan Gavaris",2,"Craig"
1400763,146004,"Marlene Forte",3,"Laura"
1400763,15423,"Paget Brewster",4,"Marge"
1400763,2747613,"Ashley Lauren Nedd",5,"Dr. Kelly"
1400763,5316222,"JJ Phillips",6,"Noah"
1400763,2342629,"Yumarie Morales",7,"Celeste"
1400763,5316225,"Eli Lucas",8,"River"
1292695,1545693,"Zazie Beetz",0,"Asia Reaves"
1292695,4687,"Patricia Arquette",1,"Lily Woodhouse"
1292695,2673750,"Myha'la",2,"Maria Reaves"
1292695,19868,"Paterson Joseph",3,"Ray"
1292695,10993,"Tom Felton",4,"Kevin"
1292695,69122,"Heather Graham",5,"Sharon"
1292695,1747945,"Willie Ludik",6,"Bob"
1292695,2057054,"David Viviers",7,"Tall Steve"
1292695,3091751,"Gabe Gabriel",8,"Small Steve"
1292695,1427407,"Viktoria Korotkova",9,"Sophia"
1292695,1736,"James Remar",10,"The Pig's Head (voice)"
1292695,1639773,"Dorothy Ann Gould",11,"Anne Sheapman"
1292695,1050718,"Michael Huff",12,"Dr. Sheapman"
1292695,146752,"Darron Meyer",13,"Richie"
1292695,6128077,"Orefile Moloi",14,"Young Maria"
1450527,1136940,"Lili Reinhart",0,"Apple"
1450527,1253199,"Alexandra Shipp",1,"Fig"
1450527,2117434,"Victoria Pedretti",2,"Cherry"
1450527,3499255,"Lola Tung",3,"Pumpkin"
1450527,2116900,"Siddharth Sharma",4,"Norman"
1450527,2741137,"Emma Chamberlain",5,"Pickle"
1450527,17773,"Gabrielle Union",6,"Sharon"
1450527,1831598,"Jordan Duarte",7,"Texas Dad"
1450527,1400939,"Jacqueline Byers",8,"Momfluencer"
1450527,4602444,"Zack Thompson",9,"Fries Boy"
1450527,3701921,"R Austin Ball",10,"Johnny Montgomery"
1450527,6102814,"Harrison Byers",11,"Momfluencer's Son"
1450527,6061271,"Caroline Vartanian",12,"Susan Alexandra Employee"
1450527,6102815,"Aidan Almanza",13,"Daine's Employee"
1450527,2446074,"David Pinard",14,"Keep Calm and Cookie On Man"
1477836,655,"John Rhys-Davies",0,"Professor Harisson"
1477836,2171511,"Sophia Eleni",1,"Nadia"
1477836,1565408,"Sarah Alexandra Marks",2,"Olivia Wheeler"
1477836,2875703,"Louis James",3,"Ethan"
1477836,1792461,"Tiffany Hannam-Daniels",4,"Annabelle"
1477836,1581536,"Danny Rahim",5,"Ravi"
1477836,4547295,"Tyler Winchcombe",6,"Nick"
1477836,2469350,"Sarah T. Cohen",7,"Ashley / Bitch-Hiker"
1477836,1153443,"Angela Dixon",8,"Lucy Wheeler"
1477836,2210977,"Sophie Rankin",9,"Alice"
1477836,1106757,"Price Lindsey",10,"Price"
1477836,4156003,"Marco Antonio Lee Clifton",11,"Ruskin"
1477836,2114130,"Pat Garrett",12,"Linda Landlady"
1477836,1336359,"Wayne Gordon",13,"Doctor Bernard"
1477836,236699,"Glenn Salvage",14,"Sergeant Walker"
1418657,943913,"Brittany Allen",0,"Ellie"
1418657,1362512,"Eric Nelsen",1,"Merriell Sunday Jr."
1418657,21246,"Corbin Bernsen",2,"Merriell Sunday Sr."
1418657,6573,"William Sadler",3,"Hollis Bannister"
1418657,1196536,"Heather Lind",4,"Marianne"
1418657,1416383,"Jim Cummings",5,"Booker"
1418657,1669782,"Christina Bennett Lind",6,"Lamb"
1418657,1617987,"Elizabeth Cappuccino",7,"Parker"
1418657,1336420,"Linc Hand",8,"Coates"
1418657,999832,"Johnathan Brownlee",9,"Harold Pullen"
1418657,1344609,"Gene Gallerano",10,"Dynamite Dan"
1418657,2822268,"Gina D'Acciaro",11,"Joanna Picker"
1418657,1292643,"Jeff Barry",12,"Evans"
1418657,2892440,"Zach Franklin",13,"Bennett"
1418657,5318177,"Jimmy Mehs",14,"Lane"
1461254,2214888,"Kim Hye-yoon",0,"Han Su-in"
1461254,2260426,"Lee Jong-won",1,"Yoon Ki-tae"
1461254,2054220,"Kim Jun-han",2,"Woo Gyo-sik"
1461254,2228587,"Kim Young-sung",3,"Song Gyeong-tae"
1461254,2175128,"Oh Dong-min",4,"Song Gyeong-jun"
1461254,4256632,"Yoon Jae-chan",5,"Jang Seong-bin"
1461254,4081155,"Jang Da-ah",6,"Moon Se-jeong"
1461254,4750224,"Jeon So-hyun",7,"Old Woman"
1461254,6191068,"Sul Youn-ji",8,"Kim Soo-jung"
1461254,1682490,"Lee Sung-wook",9,"Lee Jong-hwan"
1461254,2842826,"Nam Min-woo",10,"Camping Couple"
1461254,1454802,"Yoon Ye-joo",11,"Camping Couple"
1461254,2878476,"Kim Tae-jun",12,"Team leader"
1461254,4088178,"Kim Kye-hyung",13,"Team leader"
1461254,6263064,"Heo Jun-ho",14,"Team leader"
1290417,1232756,"Phoebe Dynevor",0,"Lisa Fields"
1290417,1842860,"Whitney Peak",1,"Dakota"
1290417,938,"Djimon Hounsou",2,"Dr. Dale Edwards"
1290417,2431565,"Alyla Browne",3,"Dee"
1290417,3291945,"Stacy Clausen",4,"Ron"
1290417,5583021,"Dante Ubaldi",5,"Will"
1290417,123879,"Matt Nable",6,"Billy Olson"
1290417,1331950,"Andrew Lees",7,"Joe Sprinkle"
1290417,3043386,"Sami Afuni",8,"Doug the Camera Guy"
1290417,152548,"Tyler Coppin",9,"Trent"
1290417,3430988,"Adam Dunn",10,"Harbor Master Greg Wilson"
1290417,1255398,"Chai Hansen",11,"Brian"
1290417,1220107,"Annabel Mullion",12,"Claire Fields"
1290417,1783789,"Bert LaBonté",13,"Jimmy"
1290417,3719061,"Sian Luxford",14,"Diane Rialto"
855435,2340185,"Barbie Ferreira",0,"Margot Romero"
855435,1525047,"Dacre Montgomery",1,"Arthur Spevak"
855435,1520451,"Josie Totah",2,"Samantha Gravinsky"
855435,3057748,"Aaron Holliday",3,"Ryan"
855435,2068598,"Kurt Yue",4,"Neal"
855435,1488960,"Jermaine Fowler",5,"Josh"
855435,1529997,"Charli xcx",6,"Gabby"
855435,3961156,"Ash Maeda",7,"Drew"
855435,1411644,"Sam Malone",8,"Ed"
855435,3237038,"Tiffany Colin",9,"Margot's Sister"
855435,2090109,"Tadasay Young",10,"Detective Lee"
855435,1668606,"Jared Bankens",11,"Tom"
855435,6491319,"Aria Jackson",12,"Lacy"
855435,1754445,"Betsy Borrego",13,"Nurse"
855435,3666938,"Jonathan Shores",14,"Nurse"
1304313,1007683,"Jack Reynor",0,"Charlie Cannon"
1304313,1425019,"Laia Costa",1,"Larissa Cannon"
1304313,1952051,"May Calamawy",2,"Detective Dalia Zaki"
1304313,3524429,"Natalie Grace",3,"Katie Cannon"
1304313,2886183,"Shylo Molina",4,"Sebastián Cannon"
1304313,3768556,"Billie Roy",5,"Maud Cannon"
1304313,1029593,"Veronica Falcón",6,"Carmen Santiago"
1304313,1743875,"Hayat Kamille",7,"The Magician"
1304313,1850319,"May Elghety",8,"Layla Khalil"
1304313,3543561,"Emily Mitchell",9,"Young Katie Cannon"
1304313,1391786,"Husam Chadat",10,"Detective Ismail"
1304313,18734,"Tim Seyfi",11,"Doctor El-Sayed"
1304313,205427,"Mark Mitchinson",12,"Professor Bixler"
1304313,35981,"Gideon Emery",13,"Vogel"
1304313,4957441,"Dean Allen Williams",14,"Young Sebastián Cannon"
1393326,1203378,"Abimana Aryasatya",0,"Anggoro Ramadhani"
1393326,562217,"Bront Palarae",1,"Jefry Hutama"
1393326,2207948,"Dimas Danang",2,"Irfan Hamdani"
1393326,581687,"Endy Arfian",3,"Dimas Kurnia"
1393326,1206436,"Lukman Sardi",4,"Pendi Mulia"
1393326,581684,"Mike Lucock",5,"Wildan Arifin"
1393326,1800452,"Yoga Pratama",6,"Six Nugraha"
1393326,1558534,"Morgan Oey",7,"Bimo Gumira"
1393326,1157418,"Aming",8,"Gibran ""Tokek"" Nugroho"
1393326,1028460,"Rio Dewanto",9,"Endy Wahyudi"
1393326,935316,"Tora Sudiro",10,"Anton Suriadi"
1393326,3550325,"Almanzo Konoralma",11,"Budi ""Buki"" Kirianto"
1393326,2138500,"Kiki Narendra",12,"Sapto Hutomo"
1393326,2001525,"Haydar Salishz",13,"Donald Supanggah"
1393326,1381949,"Arswendy Bening Swara",14,"Prakasa Kitabuming"
1239134,35070,"Akshay Kumar",0,"Arjun Acharya"
1239134,1267400,"Wamiqa Gabbi",1,"Priya"
1239134,85033,"Paresh Rawal",2,"Jagdish Kewalramani"
1239134,55062,"Tabu",3,"Yashoda"
1239134,545144,"Jisshu Sengupta",4,"Dr. Vasudev Acharya"
1239134,35756,"Rajpal Yadav",5,"Sundar"
1239134,86019,"Asrani",6,"Shantaram"
1239134,1955922,"Mithila Palkar",7,"Meera"
1239134,648087,"Rajesh Sharma",8,"Dasund Acharya"
1239134,86018,"Manoj Joshi",9,"Govind Maharaj"
1239134,85656,"Zakir Hussain",10,"Vashishtha Guruji"
1239134,1245875,"Perin Monish Malde",11,"Rahul"
1239134,1198696,"Bhavna Pani",12,"Ragini"
1239134,130115,"Alexx O'Nell",13,"Richard Gardener"
1239134,4991215,"Manu Menon",14,"Kaali"
1364953,2076358,"Ariāna Osborne",0,"Mary"
1364953,10881,"Toby Stephens",1,"Nathaniel Cole"
1364953,4072446,"Umi Myers",2,"Peggy"
1364953,150396,"Erroll Shand",3,"Jack Fenton"
1364953,1290160,"Jordan Mooney",4,"Arthur Cole"
1364953,6146307,"Evelyn Towersy",5,"Anne"
1364953,3450611,"Mihi Te Rauhi Daniels",6,"Hinemoana"
1364953,5261200,"Turia Schmidt-Peke",7,"Arorangi"
1364953,3628125,"Elliot Blakely",8,"Thomas Boyd"
1364953,130609,"Jonno Roberts",9,"Driver"
1364953,1683915,"Colin McColl",10,"Doctor"
1364953,6344017,"Paul Stroobant",11,"Coachman"
1364953,6344019,"John Davern",12,"Valet"
1364953,6344025,"Elliot Andrews",13,"Wilkie"
1631506,125854,"Amaia Salamanca",0,"Rosa Martín"
1631506,17093,"Eduardo Noriega",1,"Fran"
1631506,3056391,"Cosette Silguero",2,"Patti a los 10 años"
1631506,125853,"Norma Ruiz",3,"Ana"
1631506,2670094,"Anastasia Fauteck",4,"Janis"
1631506,2049870,"Veki Velilla",5,"Patti a los 25 años"
1631506,1282293,"Cristina Gallego",6,"Begoña"
1631506,2674989,"Raúl Sanz",7,"Blasco"
1631506,1031961,"Emilio Buale",8,"Exorcista"
1631506,3205713,"Carlota Callén",9,"Sofía"
1631506,2169744,"María José Moreno",10,"Doctora Durán"
1631506,144542,"Mayte Navales",11,"Silvia"
1631506,2020237,"Julio Bohigas-Couto",12,"Dani (as Julio Bohigas)"
1631506,2566949,"Samuel Miró",13,"Ladrón"
1631506,6520746,"Sheila Niño",14,"Pepa"
1399525,146750,"George MacKay",0,"Nick Dyer"
1399525,1371041,"Callum Turner",1,"Liam"
1399525,39661,"Francis Magee",2,"Murgey"
1399525,1731963,"Edward Rowe",3,"Mike Bruffin"
1399525,1682679,"Rosalind Eleazar",4,"Tina"
1399525,1231284,"Mary Woodvine",5,"Mrs. Richards"
1399525,1643,"Adrian Rawlins",6,"Billy Richards"
1399525,2169629,"Mae Voogd",7,"Emily Carroll"
1399525,6177721,"Yana Penrose",8,"Jess/Linsey"
1399525,6384105,"Aria Balliah-Quin",9,"Little Jess"
1399525,6384108,"Emily Daglish-Laine",10,"Morvah"
1399525,6384110,"Tori Cannell",11,"Ship Landlady"
1399525,2220618,"Isaac Woodvine",12,"Steven Ward"
1399525,6384112,"Samuel Bassett",13,"Alan"
1399525,119093,"Callum Mitchell",14,"Luke"
1430077,36801,"Adam Scott",0,"Ohm Bauman"
1430077,523748,"Peter Coonan",1,"Mal"
1430077,73287,"David Wilmot",2,"Jerry"
1430077,3249431,"Florence Ordesh",3,"Fiona"
1430077,1368268,"Michael Patric",4,"Fergal"
1430077,1865592,"Will O'Connell",5,"Alby / Jack (The Jackass)"
1430077,26865,"Brendan Conroy",6,"Cob"
1430077,4947443,"Ezra Carlisle",7,"Boy"
1430077,1552436,"Austin Amelio",8,"Conquistador"
1430077,2369470,"Mallory Adams",9,"Ohm's Mother"
1430077,6158553,"Sioux Carroll",10,"Witch"
1430077,4787501,"Brian Bowler",11,"Background Actor"
1430077,6403640,"Rose Creagh",12,"Background Actor"
1430077,6403643,"Ali Draper",13,"Background Actor"
1430077,6403646,"Emer Dunne",14,"Background Actor"
1127384,6383,"Aaron Eckhart",0,"Ben"
1127384,2282,"Ben Kingsley",1,"Rich"
1127384,3663805,"Molly Belle Wright",2,"Cora"
1127384,59117,"Angus Sampson",3,"Dan"
1127384,5035274,"Elijah Tamati",4,"Finn"
1127384,3655526,"Zhao Simei",5,"Lilly"
1127384,2408015,"Li Wenhan",6,"Sam"
1127384,4176055,"Nashi",7,"Zoe"
1127384,2466900,"Richard Crouchley",8,"Matt"
1127384,213144,"Madeleine West",9,"Martine"
1127384,190461,"Kate Fitzpatrick",10,"Becky"
1127384,3866212,"Lakota Johnson",11,"Hutch"
1127384,1682317,"Lucy Barrett",12,"Penny"
1127384,1704578,"Rob Kipa-Williams",13,"Jim"
1127384,1701014,"Kelly Gale",14,"Jaya"
1380279,886,"William Fichtner",0,"The Narrator (voice)"
1380279,1163227,"James Preston",1,"Jonathan Teller"
1380279,2064958,"Aaron Dalla Villa",2,"Abbott"
1380279,2132398,"Gigi Gustin",3,"Linda"
1380279,1969399,"Eva Hamilton",4,"Gloria"
1380279,1085087,"Meredith Thomas",5,"Mrs. Thompson"
1380279,191040,"Davee Youngblood",6,"Tommy"
1380279,198812,"Matthew Fahey",7,"Speedy"
1380279,3424186,"Armie Hicks Jr.",8,"Jim Sanders"
1380279,3327616,"Melanie Martyn",9,"Judy"
1380279,3545700,"Clive Hawkins",10,"Cop"
1339210,1427680,"Jessica Rothe",0,"Ellie Carter"
1339210,33528,"Joseph Cross",1,"Bruce Carter"
1339210,3064134,"Julianna Layne",2,"Alice Carter"
1339713,1561370,"Michael Johnston",0,"Bear"
1339713,2638587,"Inde Navarrette",1,"Nikki"
1339713,2823609,"Cooper Tomlinson",2,"Ian"
1339713,1519711,"Megan Lawless",3,"Sarah"
1339713,28637,"Andy Richter",4,"Carter"
1339713,3095494,"Haley Fitzgerald",5,"Viola"
1339713,1352948,"Darin Toonder",6,"Harry"
1339713,4030428,"Anthony Pavone",7,"Reggie"
1339713,3592074,"Justice",8,"Joe"
1339713,5618033,"Anthony Casabianca",9,"Chris"
1339713,5423994,"Chloe Breen",10,"Ruthie"
1339713,3729434,"Malcolm Kelner",11,"Bartender"
1339713,6242973,"Charles Santa Cruz",12,"Background"
1339713,6242975,"Alex Maystrik",13,"Background"
1339713,6242979,"Mariana Silva",14,"Background"
1339274,82667,"Ana Serradilla",0,"Catalina"
1339274,4905795,"Juan Pablo Velasco",1,"Matías Camacho"
1339274,4580543,"Ricardo Galina",2,"Emiliano Camacho"
1339274,1243464,"Jesús Zavala",3,"Marco"
1339274,271,"José Sefami",4,"Licenciado"
1339274,956523,"Paloma Woolrich",5,"Marcela"
1339274,5206954,"Armando Silva",6,"Mau the pizza maker"
1339274,5573188,"Ayelen Bonacina",7,"Invitada fiesta Beto que ríe y llora"
1314829,186654,"Michael Gilio",0,"James Jensen"
1314829,6161878,"Frank Cesario",1,"Monkey / Profoctopus"
1314829,4820793,"C.R. Thompson",2,"Monkey's ""Hands"""
1314829,1616978,"Jackie Shook",3,"Fausty Fox"
1314829,2503806,"Connar Brown Sprenger",4,"Bird / Beaver"
1314829,1948746,"Ben Gojer",5,"Beaver (voice)"
1314829,6161883,"Rob Chesler",6,"King Rory Lion"
1314829,4488212,"Erick Heyer-Fogelberg",7,"Ferret"
1314829,6161886,"Roman Gilio",8,"Young James"
1314829,6161887,"Jordan Olivia Mershon",9,"The Post Lady"
1473878,55775,"Katie Cassidy",0,"Sister Lu"
1473878,3905,"William H. Macy",1,"Father Novak"
1473878,63204,"John Patrick Jordan",2,"Gabriel"
1473878,1262888,"Michael Emery",3,"Roman"
1473878,938145,"Allen McCullough",4,"Edwin"
1473878,2823445,"Sabrina Schlegel-Mejia",5,"Mireille"
1473878,2310945,"Noriko Sato",6,"Nancy"
1473878,2841304,"Ray Faiola",7,"The Pope"
1473878,3232080,"Jeremy Feight",8,"David"
1473878,5409094,"Michael John Improta",9,"Louis"
1473878,3693995,"George Banghart Jr.",10,"Passenger"
1473878,3797161,"Sky Vaux Fuller",11,"Sofia"
1368314,2256312,"Jacob Scipio",0,"Tyler Genocchio"
1368314,2476148,"Lou Llobell",1,"Maddie Brecker"
1368314,6832,"Melissa Leo",2,"Diana Larson"
1368314,2143439,"Joseph Lopez",3,"The Passenger"
1368314,2905575,"Miles Fowler",4,"Lucas Tedesco"
1368314,1422210,"Alan Trong",5,"Daniel"
1368314,1366658,"Devielle Johnson",6,"Neighborhood Watch Volunteer"
1368314,2563803,"James William Clark",7,"Brad Fuller"
1368314,79907,"Tony Doupe",8,"Preacher"
1368314,3262986,"Charles Leggett",9,"Gruff Nomad"
1368314,4657742,"June Clemons",10,"Van Lifer - Betty"
1368314,3592347,"Bonni Dichone",11,"Diner Waitress"
1368314,6353238,"William Lin-Yee",12,"Night Owl Clerk"
1368314,1437198,"Joey Freitas",13,"Police Officer"
1368314,1420973,"Michael Hilow",14,"Brooklyn Driver"
1375646,63436,"Gianna Jun",0,"Kwon Se-jeong"
1375646,1096458,"Koo Kyo-hwan",1,"Seo Young-cheol"
1375646,1253391,"Ji Chang-wook",2,"Choi Hyun-seok"
1375646,3038410,"Kim Shin-rock",3,"Choi Hyun-hee"
1375646,1254975,"Shin Hyun-been",4,"Kong Seol-hee"
1375646,85173,"Go Soo",5,"Han Kyu-seong"
1375646,2133923,"Lee Joong-ok",6,"Lee Bong-seok"
1375646,3134668,"Kim Jong-tae",7,"Kang Woo-cheol"
1375646,2593824,"Hwang Jae-yeol",8,"Citizen"
1375646,6233768,"Lee Dam-hee",9,"Lee So-eun"
1375646,2935439,"Chae Seo-eun",10,"Bully Girl"
1375646,6250309,"Kim Sung",11,"Bully Boy"
1375646,577397,"Kim Jae-rok",12,"Old Man"
1375646,2749940,"Oh Kyung-hwa",13,"Sushi Restaurant Employee"
1375646,2485848,"Choi Gwang-il",14,"Minister"
1363387,1984116,"Midori Francis",0,"Hana"
1363387,1203789,"Danielle Macdonald",1,"Josie"
1363387,1109111,"Madeleine Madden",2,"Alanya"
1363387,39545,"Robert Taylor",3,"Travis"
1363387,5957958,"Showko Showfukutei",4,"Kimie"
1363387,2022182,"Octavia Barron-Martin",5,"Grace"
1363387,3549271,"Anna Adams",6,"Ghost Cadaver"
1363387,3406016,"Annie Shapero",7,"Melissa"
1363387,1465557,"Louisa Mignone",8,"Professor Kasab"
1363387,5159439,"Joseph Baldwin",9,"Ryan"
1363387,2272212,"Emily Milledge",10,"Georgie"
1363387,1287611,"Gemma Bird Matheson",11,"Nikita"
1363387,5957940,"Lucy Goleby",12,"Lucy Childs"
1363387,3048626,"Susan Godfrey",13,"Oncologist"
1363387,1230318,"Lisa Crittenden",14,"Helen"
1694978,59860,"Alice Eve",0,"Tina"
1694978,83051,"Eric Michael Cole",1,"Tom"
1694978,206624,"Jim Klock",2,"Roy"
1694978,5549022,"Elle Haymond",3,"Sadie"
1694978,2143996,"Sarah Siadat",4,"Rachinda"
1694978,4093581,"Johnny Gaffney",5,"Rick"
1694978,3077764,"Lisa Yaro",6,"Britney"
1694978,622844,"Vince Jolivette",7,"Captain Mackey"
1694978,2331079,"Robert Grose",8,"Captain Daniels"
1694978,4049977,"Peppijna Dalli",9,"Coast Guard Officer"
1694978,2948744,"Stephen Oliver",10,""
1083381,5294,"Chiwetel Ejiofor",0,"Clark"
1083381,1576786,"Renate Reinsve",1,"Mary"
1083381,1512452,"Finn Bennett",2,"Bobby"
1083381,1709431,"Lukita Maxwell",3,"Kat"
1083381,45407,"Mark Duplass",4,"Phil"
1083381,212934,"Avan Jogia",5,"Naren Warne"
1083381,4848549,"Robert Bobroczkyi",6,"Pirate Clark"
1083381,5725467,"Ember Ambrose",7,"Young Mary"
1083381,72482,"Krista Kosonen",8,"Nora"
1083381,64670,"Philip Granger",9,"Meterman"
1083381,27136,"Katharine Isabelle",10,"Robin"
1083381,83424,"Peter New",11,"Big Wayne"
1083381,1234354,"Sarah Hayward",12,"Nurse"
1083381,1451352,"Natalie Moon",13,"Phil's Wife"
1083381,2443548,"Calix Fraser",14,"Phil's Child"
1382832,52869,"Madison Davenport",0,"Sistine"
1382832,1549537,"Tracey Bonner",1,"Dionne"
1382832,22462,"Joaquim de Almeida",2,"Walker"
1382832,2242777,"Michel Curiel",3,"Rodrigo"
1382832,1321622,"Samantha Coughlan",4,"Sally"
1382832,1704853,"Olivia Bernstone",5,"Hannah"
1382832,30697,"Jim Meskimen",6,"Tim"
1382832,4150510,"River Codack",7,"Mikey"
1382832,1516315,"Joe Azzopardi",8,"Captain James"
1382832,4700526,"Matthew Charlery-Smith",9,"Jazz Singer"
1382832,3531064,"Maxime Durand",10,"Gator Joe's tour guide (uncredited)"
1564614,3047804,"Joe Bird",0,"Naim Reid"
1564614,3291945,"Stacy Clausen",1,"Ryan Whelan"
1564614,76070,"Mia Wasikowska",2,"Arlene Reid"
1564614,81172,"Nicholas Hope",3,"Deliverance Healer"
1564614,3908892,"Tyallah Bullock",4,"Marnie"
1564614,59119,"Ewen Leslie",5,"Rod"
1564614,3043647,"Jeremy Blewitt",6,"Hunter"
1564614,2532124,"Davida McKenzie",7,"Izzie"
1564614,1893675,"Shannon Berry",8,"Jessica"
1564614,2215355,"Julia Grace",9,"Cathy Whelan"
1564614,6158751,"Hyu Motoki",10,"Macca"
1564614,75181,"Edwina Wren",11,"Jacky"
1564614,6158753,"Anna Mtungwazi",12,"Girl Reading Poem"
1564614,1541568,"David Serafin",13,"Bill"
1564614,6162124,"Flynn Glazebrook",14,"Macca's Mate"
1321008,1626604,"Tom Brittney",0,"Jeremey"
1321008,2276517,"Holly White",1,"Emma"
1321008,1902587,"Betsy Blue-English",2,"Rachel"
1321008,3907006,"Dane Whyte O'Hara",3,"Brad"
1321008,2718966,"Kaja Chan",4,"Chen"
1321008,174398,"Georgina Leonidas",5,"Yasmin"
1321008,2086212,"Hanneke Talbot",6,"Paula"
1321008,1812100,"Anton Trendafilov",7,"Sickly Old Man"
1321008,4848032,"Asa Ali",8,"Taylor"
1321008,2672849,"Boadicea Ricketts",9,"Lauren"
1321008,1785589,"Ceallach Spellman",10,"Asher"
1321008,3663805,"Molly Belle Wright",11,"Chole"
1321008,1781149,"Danny Mac",12,"Darren"
1321008,235492,"Weronika Rosati",13,"Isabelle"
1321008,1558337,"Vaughn Johseph",14,"Captain"
